title,authors,source_language,source,source_url,sitelinks,known_languages,edition_count,flag
Charter of the United Nations,United Nations Conference on International Organization,ar,wikisource,https://ar.wikisource.org/wiki/%D9%85%D9%8A%D8%AB%D8%A7%D9%82%20%D8%A7%D9%84%D8%A3%D9%85%D9%85%20%D8%A7%D9%84%D9%85%D8%AA%D8%AD%D8%AF%D8%A9,111,(none catalogued),1,
İstiklâl Marşı,,tr,wikisource,https://tr.wikisource.org/wiki/%C4%B0stikl%C3%A2l%20Mar%C5%9F%C4%B1,80,tur,1,
Il Canto degli Italiani,,it,wikisource,https://it.wikisource.org/wiki/Canto%20nazionale,80,ita,1,
A Portuguesa,,pt,wikisource,https://pt.wikisource.org/wiki/A%20Portuguesa,76,por,3,
Takbir,,ar,wikisource,https://ar.wikisource.org/wiki/%D8%A7%D9%84%D9%84%D9%87%20%D8%B1%D8%A8%D9%8A,74,urd,1,
Al-Kawthar,,ar,wikisource,https://ar.wikisource.org/wiki/%D8%A7%D9%84%D9%82%D8%B1%D8%A2%D9%86%20%D8%A7%D9%84%D9%83%D8%B1%D9%8A%D9%85%20%28%D8%AA%D9%88%D8%B6%D9%8A%D8%AD%29%2F%D8%B3%D9%88%D8%B1%D8%A9%20%D8%A7%D9%84%D9%83%D9%88%D8%AB%D8%B1,73,ara,4,
Al-Adiyat,,ar,wikisource,https://ar.wikisource.org/wiki/%D8%A7%D9%84%D9%82%D8%B1%D8%A2%D9%86%20%D8%A7%D9%84%D9%83%D8%B1%D9%8A%D9%85%20%28%D8%AA%D9%88%D8%B6%D9%8A%D8%AD%29%2F%D8%B3%D9%88%D8%B1%D8%A9%20%D8%A7%D9%84%D8%B9%D8%A7%D8%AF%D9%8A%D8%A7%D8%AA,63,ara,1,
Aegukka,,ko,wikisource,https://ko.wikisource.org/wiki/%EC%95%A0%EA%B5%AD%EA%B0%80%20%28%EC%A1%B0%EC%84%A0%EB%AF%BC%EC%A3%BC%EC%A3%BC%EC%9D%98%EC%9D%B8%EB%AF%BC%EA%B3%B5%ED%99%94%EA%B5%AD%29,63,kor,1,
Negaraku,,ms,wikisource,https://ms.wikisource.org/wiki/Negaraku,55,may,1,
Ṣaḥīḥ Muslim,Muslim ibn al-Ḥajjāj,ar,wikisource,https://ar.wikisource.org/wiki/%D8%B5%D8%AD%D9%8A%D8%AD%20%D9%85%D8%B3%D9%84%D9%85,52,ara,11,
The Green Book,Muammar Gaddafi,ar,wikisource,https://ar.wikisource.org/wiki/%D8%A7%D9%84%D9%83%D8%AA%D8%A7%D8%A8%20%D8%A7%D9%84%D8%A3%D8%AE%D8%B6%D8%B1,47,(none catalogued),1,
Mawtini,,ar,wikisource,https://ar.wikisource.org/wiki/%D9%85%D9%88%D8%B7%D9%86%D9%8A,46,ara,1,
Cântico da Liberdade,,pt,wikisource,https://pt.wikisource.org/wiki/C%C3%A2ntico%20da%20Liberdade,44,por,3,
Independência total,,pt,wikisource,https://pt.wikisource.org/wiki/Independ%C3%AAncia%20Total,44,spa,1,
al-Muwaṭṭaʼ,Malik ibn Anas,ar,wikisource,https://ar.wikisource.org/wiki/%D8%A7%D9%84%D9%85%D9%88%D8%B7%D8%A3,40,ara,1,
Pátria Amada,,pt,wikisource,https://pt.wikisource.org/wiki/P%C3%A1tria%20Amada,39,spa,1,
Arirang,,ko,wikisource,https://ko.wikisource.org/wiki/%EC%95%84%EB%A6%AC%EB%9E%91,35,kor,2,
The Charterhouse of Parma,Stendhal,fr,gutenberg,https://www.gutenberg.org/ebooks/796,33,(none catalogued),1,
Treaty of Moscow,,tr,wikisource,https://tr.wikisource.org/wiki/Moskova%20Antla%C5%9Fmas%C4%B1,32,ger,1,
Bandiera Rossa,,it,wikisource,https://it.wikisource.org/wiki/Bandiera%20rossa%20%28Avanti%20popolo%2C%20tuona%20il%20cannone%29,32,ita,3,
Jami` at-Tirmidhi,Abu Isa at-Tirmidhi,ar,wikisource,https://ar.wikisource.org/wiki/%D8%B3%D9%86%D9%86%20%D8%A7%D9%84%D8%AA%D8%B1%D9%85%D8%B0%D9%8A,31,urd,1,
Amadis de Gaula,Garci Rodríguez de Montalvo,es,gutenberg,https://www.gutenberg.org/ebooks/17440,29,spa,8,
Musnad Ahmad ibn Hanbal,Ahmad ibn Hanbal,ar,wikisource,https://ar.wikisource.org/wiki/%D9%85%D8%B3%D9%86%D8%AF%20%D8%A3%D8%AD%D9%85%D8%AF%20%D8%A8%D9%86%20%D8%AD%D9%86%D8%A8%D9%84,29,ara,20,
L'Assommoir,Émile Zola,fr,gutenberg,https://www.gutenberg.org/ebooks/8558,29,(none catalogued),1,
Wilhelm Meister's Apprenticeship,Johann Wolfgang von Goethe,de,gutenberg,https://www.gutenberg.org/ebooks/36483,27,(none catalogued),5,
Mu'allaqat,,ar,wikisource,https://ar.wikisource.org/wiki/%D8%A7%D9%84%D9%85%D8%B9%D9%84%D9%82%D8%A7%D8%AA,26,fre,1,
Bostan,Saadi,fa,gutenberg,https://fa.wikisource.org/wiki/%D8%A8%D9%88%D8%B3%D8%AA%D8%A7%D9%86,26,ger,2,
Eneida,Ivan Kotliarevskyi,uk,wikisource,https://uk.wikisource.org/wiki/%D0%95%D0%BD%D0%B5%D1%97%D0%B4%D0%B0,26,rus; ukr,7,
Shchedryk,,uk,wikisource,https://uk.wikisource.org/wiki/%D0%A9%D0%B5%D0%B4%D1%80%D0%B8%D0%BA%2C%20%D1%89%D0%B5%D0%B4%D1%80%D0%B8%D0%BA%2C%20%D1%89%D0%B5%D0%B4%D1%80%D1%96%D0%B2%D0%BE%D1%87%D0%BA%D0%B0,25,ukr,1,
The True Story of Ah Q,Lu Xun,zh,gutenberg,https://www.gutenberg.org/ebooks/25332,23,chi,1,
Convention against Transnational Organized Crime,,ar,wikisource,https://ar.wikisource.org/wiki/%D8%A7%D8%AA%D9%81%D8%A7%D9%82%D9%8A%D8%A9%20%D8%A7%D9%84%D8%A3%D9%85%D9%85%20%D8%A7%D9%84%D9%85%D8%AA%D8%AD%D8%AF%D8%A9%20%D9%84%D9%85%D9%83%D8%A7%D9%81%D8%AD%D8%A9%20%D8%A7%D9%84%D8%AC%D8%B1%D9%8A%D9%85%D8%A9%20%D8%A7%D9%84%D9%85%D9%86%D8%B8%D9%85%D8%A9%20%D8%B9%D8%A8%D8%B1%20%D8%A7%D9%84%D9%88%D8%B7%D9%86%D9%8A%D8%A9,23,ind,3,
Lei Áurea,,pt,wikisource,https://pt.wikisource.org/wiki/Lei%20%C3%81urea,23,por,1,
Zadig or Destiny,Voltaire,fr,gutenberg,https://www.gutenberg.org/ebooks/18972,23,(none catalogued),1,
La Princesse de Clèves,Madame de Lafayette,fr,gutenberg,https://www.gutenberg.org/ebooks/467,23,fre,4,
I quattro libri dell'architettura,Andrea Palladio,it,wikisource,https://it.wikisource.org/wiki/I%20quattro%20libri%20dell%27architettura%20%281790%29,23,ita,3,
The Archipelago on Fire,Jules Verne,fr,gutenberg,https://www.gutenberg.org/ebooks/17660,22,(none catalogued),0,
Ventotene Manifesto,Altiero Spinelli; Ernesto Rossi; Eugenio Colorni,it,wikisource,https://it.wikisource.org/wiki/Manifesto%20di%20Ventotene,22,ita,2,verify original language: multiple authors credited
Miorița,,ro,wikisource,https://ro.wikisource.org/wiki/Miori%C8%9Ba,22,rum,2,
Quanta cura,Pius IX,it,wikisource,https://it.wikisource.org/wiki/Con%20quanta%20cura%20%28enciclica%29%20-%20Sillabo%2FCon%20quanta%20cura,21,fre; lat,6,
Jāmiʻ al-Bayān ʻan Taʼwīl āy al-Qurʼān,Muhammad ibn Jarir al-Tabari,ar,wikisource,https://ar.wikisource.org/wiki/%D8%AA%D9%81%D8%B3%D9%8A%D8%B1%20%D8%A7%D9%84%D8%B7%D8%A8%D8%B1%D9%8A,20,ara; per,5,
Kobzar,Taras Shevchenko,uk,wikisource,https://uk.wikisource.org/wiki/%D0%9A%D0%BE%D0%B1%D0%B7%D0%B0%D1%80,20,kaz; rus; ukr,52,
The Ladies' Paradise,Émile Zola,fr,gutenberg,https://www.gutenberg.org/ebooks/16852,19,(none catalogued),2,
Prometheus,Johann Wolfgang von Goethe,de,gutenberg,https://www.gutenberg.org/ebooks/9260,19,ger,3,
Arshin Mal Alan,,az,wikisource,https://az.wikisource.org/wiki/Ar%C5%9F%C4%B1n%20mal%20alan,19,arm,2,
al-Kāmil fī al-tārīkh,Ibn al-Athir,ar,wikisource,https://ar.wikisource.org/wiki/%D8%A7%D9%84%D9%83%D8%A7%D9%85%D9%84%20%D9%81%D9%8A%20%D8%A7%D9%84%D8%AA%D8%A7%D8%B1%D9%8A%D8%AE,18,ara,6,
Optional Protocol to the Convention on the Elimination of All Forms of Discrimination against Women,,ar,wikisource,https://ar.wikisource.org/wiki/%D8%A8%D8%B1%D9%88%D8%AA%D9%88%D9%83%D9%88%D9%84%20%D8%A7%D8%AE%D8%AA%D9%8A%D8%A7%D8%B1%D9%8A%20%D9%84%D8%A7%D8%AA%D9%81%D8%A7%D9%82%D9%8A%D8%A9%20%D8%A7%D9%84%D9%82%D8%B6%D8%A7%D8%A1%20%D8%B9%D9%84%D9%89%20%D8%AC%D9%85%D9%8A%D8%B9%20%D8%A3%D8%B4%D9%83%D8%A7%D9%84%20%D8%A7%D9%84%D8%AA%D9%85%D9%8A%D9%8A%D8%B2%20%D8%B6%D8%AF%20%D8%A7%D9%84%D9%85%D8%B1%D8%A3%D8%A9,18,(none catalogued),1,
Regulamentul Organic,,ro,wikisource,https://ro.wikisource.org/wiki/Regulamentul%20Organic,18,rum,1,
Al-Bidaya wa'l-Nihaya,Ibn Kathir,ar,wikisource,https://ar.wikisource.org/wiki/%D8%A7%D9%84%D8%A8%D8%AF%D8%A7%D9%8A%D8%A9%20%D9%88%D8%A7%D9%84%D9%86%D9%87%D8%A7%D9%8A%D8%A9,17,ara,1,
Fath al-Bari,Ibn Hajar al-Asqalani,ar,wikisource,https://ar.wikisource.org/wiki/%D9%81%D8%AA%D8%AD%20%D8%A7%D9%84%D8%A8%D8%A7%D8%B1%D9%8A,17,ara,1,
Al-Mustadrak ala al-Sahihayn,Hakim al-Nishaburi,ar,wikisource,https://ar.wikisource.org/wiki/%D8%A7%D9%84%D9%85%D8%B3%D8%AA%D8%AF%D8%B1%D9%83%20%D8%B9%D9%84%D9%89%20%D8%A7%D9%84%D8%B5%D8%AD%D9%8A%D8%AD%D9%8A%D9%86,17,ara,4,
The Confusions of Young Törless,Robert Musil,de,gutenberg,https://www.gutenberg.org/ebooks/34717,17,(none catalogued),0,
Zeno's Conscience,Italo Svevo,it,wikisource,https://it.wikisource.org/wiki/Opera%3ALa%20coscienza%20di%20Zeno,17,(none catalogued),1,
Zapovit,Taras Shevchenko,uk,wikisource,https://uk.wikisource.org/wiki/%D0%97%D0%B0%D0%BF%D0%BE%D0%B2%D1%96%D1%82,17,mul; ukr,5,
The Forest Song,Lesya Ukrainka,uk,wikisource,https://uk.wikisource.org/wiki/%D0%9B%D1%96%D1%81%D0%BE%D0%B2%D0%B0%20%D0%BF%D1%96%D1%81%D0%BD%D1%8F,17,rus,2,
Scînteia,,ro,wikisource,https://ro.wikisource.org/wiki/Sc%C3%AEnteia%20%28ziar%29,17,rum,1,
Sunan al-Darimi,Al-Darimi,ar,wikisource,https://ar.wikisource.org/wiki/%D8%B3%D9%86%D9%86%20%D8%A7%D9%84%D8%AF%D8%A7%D8%B1%D9%85%D9%8A,16,ara,4,
Rukavychka,,uk,wikisource,https://uk.wikisource.org/wiki/%D0%A0%D1%83%D0%BA%D0%B0%D0%B2%D0%B8%D1%87%D0%BA%D0%B0%20%28%D0%BA%D0%B0%D0%B7%D0%BA%D0%B0%29,16,ukr,1,
Luceafărul,Mihai Eminescu,ro,wikisource,https://ro.wikisource.org/wiki/Luceaf%C4%83rul%20%28Eminescu%29,16,roa; rum,12,
Sari Gelin,,az,wikisource,https://az.wikisource.org/wiki/Sar%C4%B1%20g%C9%99lin,16,(none catalogued),1,
Sahih Ibn Khuzaymah,Ibn Khuzaymah,ar,wikisource,https://ar.wikisource.org/wiki/%D8%B5%D8%AD%D9%8A%D8%AD%20%D8%A7%D8%A8%D9%86%20%D8%AE%D8%B2%D9%8A%D9%85%D8%A9,15,ara,4,
Al-Fihrist,Ibn al-Nadim,ar,wikisource,https://ar.wikisource.org/wiki/%D8%A7%D9%84%D9%81%D9%87%D8%B1%D8%B3%D8%AA,15,(none catalogued),1,
Local Autonomy Act,,ja,wikisource,https://ja.wikisource.org/wiki/%E5%9C%B0%E6%96%B9%E8%87%AA%E6%B2%BB%E6%B3%95,15,fre,1,
L'Infinito,Giacomo Leopardi,it,wikisource,https://it.wikisource.org/wiki/Opera%3AL%27infinito,15,ita,2,
Kayhan,,fa,wikisource,https://fa.wikisource.org/wiki/%DA%A9%DB%8C%D9%87%D8%A7%D9%86,15,per,1,
Kitab al-Tawhid,Muhammad ibn Abd al-Wahhab,ar,wikisource,https://ar.wikisource.org/wiki/%D9%83%D8%AA%D8%A7%D8%A8%20%D8%A7%D9%84%D8%AA%D9%88%D8%AD%D9%8A%D8%AF%20%D8%A7%D9%84%D8%B0%D9%8A%20%D9%87%D9%88%20%D8%AD%D9%82%20%D8%A7%D9%84%D9%84%D9%87%20%D8%B9%D9%84%D9%89%20%D8%A7%D9%84%D8%B9%D8%A8%D9%8A%D8%AF,14,ara,1,
Tafsir al-Baydawi,Al-Baydawi,ar,wikisource,https://ar.wikisource.org/wiki/%D8%AA%D9%81%D8%B3%D9%8A%D8%B1%20%D8%A7%D9%84%D8%A8%D9%8A%D8%B6%D8%A7%D9%88%D9%8A,14,ara,1,
Tafsir al-Kabir,Fakhr al-Din al-Razi,ar,wikisource,https://ar.wikisource.org/wiki/%D8%A7%D9%84%D8%AA%D9%81%D8%B3%D9%8A%D8%B1%20%D8%A7%D9%84%D9%83%D8%A8%D9%8A%D8%B1,14,ara,2,
The Posthumous Memoirs of Bras Cubas,Machado de Assis,pt,wikisource,https://pt.wikisource.org/wiki/Mem%C3%B3rias%20P%C3%B3stumas%20de%20Br%C3%A1s%20Cubas,14,(none catalogued),1,
Cancioneiro da Ajuda,,pt,wikisource,https://pt.wikisource.org/wiki/Cancioneiro%20da%20Ajuda,14,por,1,
Arsene Lupin vs. Herlock Sholmes,Maurice Leblanc,fr,gutenberg,https://www.gutenberg.org/ebooks/40203,14,ger,1,
Natalka Poltavka,Ivan Kotliarevskyi,uk,wikisource,https://uk.wikisource.org/wiki/%D0%9D%D0%B0%D1%82%D0%B0%D0%BB%D0%BA%D0%B0%20%D0%9F%D0%BE%D0%BB%D1%82%D0%B0%D0%B2%D0%BA%D0%B0,14,rus; ukr,10,
Akinchi,,az,wikisource,https://az.wikisource.org/wiki/%22%C6%8Fkin%C3%A7i%22%20q%C9%99zeti,14,aze,1,
Sahifah Hammam ibn Munabbih,Hammām ibn Munabbih,ar,wikisource,https://ar.wikisource.org/wiki/%D8%A7%D9%84%D8%B5%D8%AD%D9%8A%D9%81%D8%A9%20%D8%A7%D9%84%D8%B5%D8%AD%D9%8A%D8%AD%D8%A9,13,ara,1,
La Conquête de Plassans,Émile Zola,fr,gutenberg,https://www.gutenberg.org/ebooks/8712,13,fre,19,
Les Chouans,Honoré de Balzac,fr,gutenberg,https://www.gutenberg.org/ebooks/1921,13,fre,29,
Fortunata and Jacinta,Benito Pérez Galdós,es,gutenberg,https://www.gutenberg.org/ebooks/17013,12,spa,1,
Muʿjam al-Buldān,Yaqut al-Hamawi,ar,wikisource,https://ar.wikisource.org/wiki/%D9%85%D8%B9%D8%AC%D9%85%20%D8%A7%D9%84%D8%A8%D9%84%D8%AF%D8%A7%D9%86,12,ara; urd,9,
Joana,,pt,wikisource,https://pt.wikisource.org/wiki/Joana%2C%20dix%27eu%2C%20Sancha%20e%20Mar%C3%ADa,12,por,1,
Les Caves du Vatican,André Gide,fr,gutenberg,https://www.gutenberg.org/ebooks/6739,12,fre,2,
Kani Kōsen,Takiji Kobayashi,ja,wikisource,https://ja.wikisource.org/wiki/%E8%9F%B9%E5%B7%A5%E8%88%B9,12,jpn,2,
Shūi Wakashū,,ja,wikisource,https://ja.wikisource.org/wiki/%E6%8B%BE%E9%81%BA%E5%92%8C%E6%AD%8C%E9%9B%86,12,jpn,4,
Mōko Shūrai Ekotoba,,ja,wikisource,https://ja.wikisource.org/wiki/%E7%AB%B9%E5%B4%8E%E4%BA%94%E9%83%8E%E7%B5%B5%E8%A9%9E,12,jpn,1,
The Moon and the Bonfires,Cesare Pavese,it,wikisource,https://it.wikisource.org/wiki/Opera%3ALa%20luna%20e%20i%20fal%C3%B2,12,(none catalogued),0,
Gianni di Parigi,,it,wikisource,https://it.wikisource.org/wiki/Gianni%20di%20Parigi,12,ita,5,
Adevărul,,ro,wikisource,https://ro.wikisource.org/wiki/Adev%C4%83rul%20%28ziar%29,12,rum,2,
al-Iṣābah fī Tamyīz al-ṣaḥābah,Ibn Hajar al-Asqalani,ar,wikisource,https://ar.wikisource.org/wiki/%D8%A7%D9%84%D8%A5%D8%B5%D8%A7%D8%A8%D8%A9%20%D9%81%D9%8A%20%D8%AA%D9%85%D9%8A%D9%8A%D8%B2%20%D8%A7%D9%84%D8%B5%D8%AD%D8%A7%D8%A8%D8%A9,11,ara,9,
Lisan al-Arab,Ibn Manzur,ar,wikisource,https://ar.wikisource.org/wiki/%D9%84%D8%B3%D8%A7%D9%86%20%D8%A7%D9%84%D8%B9%D8%B1%D8%A8,11,ara,1,
A Escrava Isaura,Bernardo Guimarães,pt,wikisource,https://pt.wikisource.org/wiki/A%20escrava%20Isaura,11,pol; por; spa,14,
Lusaka Accord,,pt,wikisource,https://pt.wikisource.org/wiki/Acordo%20de%20Lusaka,11,fre,1,
The Quest of the Absolute,Honoré de Balzac,fr,gutenberg,https://www.gutenberg.org/ebooks/1453,11,(none catalogued),3,
Jinnō Shōtōki,Kitabatake Chikafusa,ja,wikisource,https://ja.wikisource.org/wiki/%E7%A5%9E%E7%9A%87%E6%AD%A3%E7%B5%B1%E8%A8%98,11,ger; jpn,18,
Kōjō no Tsuki,,ja,wikisource,https://ja.wikisource.org/wiki/%E8%8D%92%E5%9F%8E%E3%81%AE%E6%9C%88,11,jpn,1,
Umi Yukaba,,ja,wikisource,https://ja.wikisource.org/wiki/%E6%B5%B7%E8%A1%8C%E3%81%8B%E3%81%B0,11,jpn,1,
Jugemu,,ja,wikisource,https://ja.wikisource.org/wiki/%E5%AF%BF%E9%99%90%E7%84%A1,11,(none catalogued),1,
Tongnip Sinmun,,ko,wikisource,https://ko.wikisource.org/wiki/%EB%8F%85%EB%A6%BD%EC%8B%A0%EB%AC%B8,11,kor,1,
Catechism of Saint Pius X,Pius X,it,wikisource,https://it.wikisource.org/wiki/Compendio%20della%20dottrina%20cristiana%2FCatechismo%20maggiore,11,(none catalogued),1,
Kateryna,Taras Shevchenko,uk,wikisource,https://uk.wikisource.org/wiki/%D0%9A%D0%B0%D1%82%D0%B5%D1%80%D0%B8%D0%BD%D0%B0,11,ukr,2,
Kashf al-ẓunūn ʻan asāmī al-Kutub wa-al-Funūn,Kâtip Çelebi,ar,wikisource,https://ar.wikisource.org/wiki/%D9%83%D8%B4%D9%81%20%D8%A7%D9%84%D8%B8%D9%86%D9%88%D9%86%20%D8%B9%D9%86%20%D8%A3%D8%B3%D8%A7%D9%85%D9%8A%20%D8%A7%D9%84%D9%83%D8%AA%D8%A8%20%D9%88%D8%A7%D9%84%D9%81%D9%86%D9%88%D9%86,10,ara,5,
Musnad al-Bazzar,Al-Bazzar,ar,wikisource,https://ar.wikisource.org/wiki/%D9%85%D8%B3%D9%86%D8%AF%20%D8%A7%D9%84%D8%A8%D8%B2%D8%A7%D8%B1,10,ara,1,
Mawāhib al-ladunīyah bi-al-minaḥ al-Muḥammadīyah,Al-Qastallani,ar,wikisource,https://ar.wikisource.org/wiki/%D8%A7%D9%84%D9%85%D9%88%D8%A7%D9%87%D8%A8%20%D8%A7%D9%84%D9%84%D8%AF%D9%86%D9%8A%D8%A9%20%D8%A8%D8%A7%D9%84%D9%85%D9%86%D8%AD%20%D8%A7%D9%84%D9%85%D8%AD%D9%85%D8%AF%D9%8A%D8%A9,10,ara,4,
Manuscript 512,,pt,wikisource,https://pt.wikisource.org/wiki/Manuscrito%20512,10,(none catalogued),1,
Gosen Wakashū,,ja,wikisource,https://ja.wikisource.org/wiki/%E5%BE%8C%E6%92%B0%E5%92%8C%E6%AD%8C%E9%9B%86,10,jpn,2,
Il cinque maggio,Alessandro Manzoni,it,wikisource,https://it.wikisource.org/wiki/Opera%3AIl%20cinque%20maggio,10,ita,4,
Casta Diva,,it,wikisource,https://it.wikisource.org/wiki/Casta%20Diva,10,ita,4,
Kameniari,Ivan Franko,uk,wikisource,https://uk.wikisource.org/wiki/%D0%9A%D0%B0%D0%BC%D0%B5%D0%BD%D1%8F%D1%80%D1%96,10,ukr,2,
Musnad Ishaq Ibn Rahwayh,Ishaq Ibn Rahwayh,ar,wikisource,https://ar.wikisource.org/wiki/%D9%85%D8%B3%D9%86%D8%AF%20%D8%A5%D8%B3%D8%AD%D8%A7%D9%82%20%D8%A8%D9%86%20%D8%B1%D8%A7%D9%87%D9%88%D9%8A%D9%87,9,ara,2,
Majma al-Zawa'id,Ali ibn Abi Bakr al-Haythami,ar,wikisource,https://ar.wikisource.org/wiki/%D9%85%D8%AC%D9%85%D8%B9%20%D8%A7%D9%84%D8%B2%D9%88%D8%A7%D8%A6%D8%AF,9,ara,13,
Milal wa-al-niḥal,Al-Shahrastani,ar,wikisource,https://ar.wikisource.org/wiki/%D8%A7%D9%84%D9%85%D9%84%D9%84%20%D9%88%D8%A7%D9%84%D9%86%D8%AD%D9%84,9,ara; per,13,
Al-Qāmūs al-Muḥīṭ,Firuzabadi,ar,wikisource,https://ar.wikisource.org/wiki/%D8%A7%D9%84%D9%82%D8%A7%D9%85%D9%88%D8%B3%20%D8%A7%D9%84%D9%85%D8%AD%D9%8A%D8%B7,9,ara,5,
Asās al-balāghah,Al-Zamakhshari,ar,wikisource,https://ar.wikisource.org/wiki/%D8%A3%D8%B3%D8%A7%D8%B3%20%D8%A7%D9%84%D8%A8%D9%84%D8%A7%D8%BA%D8%A9,9,ara,4,
Os Sertões,Euclides da Cunha,pt,wikisource,https://pt.wikisource.org/wiki/Os%20Sert%C3%B5es,9,por,19,
O Cortiço,Aluísio Azevedo,pt,wikisource,https://pt.wikisource.org/wiki/O%20Corti%C3%A7o,9,(none catalogued),0,
La Maison Tellier,Guy de Maupassant,fr,gutenberg,https://www.gutenberg.org/ebooks/11596,9,fre,23,
La Vieille Fille,Honoré de Balzac,fr,gutenberg,https://www.gutenberg.org/ebooks/1352,9,fre,14,
Facino Cane,Honoré de Balzac,fr,gutenberg,https://www.gutenberg.org/ebooks/1737,9,(none catalogued),1,
La Bourse,Honoré de Balzac,fr,gutenberg,https://www.gutenberg.org/ebooks/1196,9,(none catalogued),1,
Miya-san Miya-san,,ja,wikisource,https://ja.wikisource.org/wiki/%E5%AE%AE%E3%81%95%E3%82%93%E5%AE%AE%E3%81%95%E3%82%93,9,chi,1,
Hakimiyet-i Milliye,,tr,wikisource,https://tr.wikisource.org/wiki/H%C3%A2kimiyet-i%20Milliye,9,tur,1,
Hikayat Hang Tuah,,ms,wikisource,https://ms.wikisource.org/wiki/Hikayat%20Hang%20Tuah,9,ind,5,
Dictionarium Annamiticum Lusitanum et Latinum,Alexandre de Rhodes,vi,wikisource,https://vi.wikisource.org/wiki/T%E1%BB%AB%20%C4%91i%E1%BB%83n%20Vi%E1%BB%87t%E2%80%93B%E1%BB%93%E2%80%93La,9,lat,1,
Adelchi,Alessandro Manzoni,it,wikisource,https://it.wikisource.org/wiki/Opera%3AAdelchi,9,fre; ita,14,
La Lega,,it,wikisource,https://it.wikisource.org/wiki/La%20lega,9,ita,5,
Kolobok,,uk,wikisource,https://uk.wikisource.org/wiki/%D0%9A%D0%BE%D0%BB%D0%BE%D0%B1%D0%BE%D0%BA,9,ukr,2,
Koza-Dereza,,uk,wikisource,https://uk.wikisource.org/wiki/%D0%9A%D0%BE%D0%B7%D0%B0-%D0%B4%D0%B5%D1%80%D0%B5%D0%B7%D0%B0,9,rus,1,
History of Damascus,Ibn Asakir,ar,wikisource,https://ar.wikisource.org/wiki/%D8%AA%D9%87%D8%B0%D9%8A%D8%A8%20%D8%AA%D8%A7%D8%B1%D9%8A%D8%AE%20%D8%A7%D8%A8%D9%86%20%D8%B9%D8%B3%D8%A7%D9%83%D8%B1,8,ara,1,
Asrar al-balaga,Abd al-Qahir al-Jurjani,ar,wikisource,https://ar.wikisource.org/wiki/%D8%A3%D8%B3%D8%B1%D8%A7%D8%B1%20%D8%A7%D9%84%D8%A8%D9%84%D8%A7%D8%BA%D8%A9%20%D9%81%D9%8A%20%D8%B9%D9%84%D9%85%20%D8%A7%D9%84%D8%A8%D9%8A%D8%A7%D9%86,8,ger,1,
Al-Sawa'iq al-Muhriqah,Ibn Hajar al-Haytami,ar,wikisource,https://ar.wikisource.org/wiki/%D8%A7%D9%84%D8%B5%D9%88%D8%A7%D8%B9%D9%82%20%D8%A7%D9%84%D9%85%D8%AD%D8%B1%D9%82%D8%A9%20%D8%B9%D9%84%D9%89%20%D8%A3%D9%87%D9%84%20%D8%A7%D9%84%D8%B1%D9%81%D8%B6%20%D9%88%D8%A7%D9%84%D8%B6%D9%84%D8%A7%D9%84%20%D9%88%D8%A7%D9%84%D8%B2%D9%86%D8%AF%D9%82%D8%A9,8,ara,1,
Kitab al-Hamasah,Abu Tammam,ar,wikisource,https://ar.wikisource.org/wiki/%D8%AF%D9%8A%D9%88%D8%A7%D9%86%20%D8%A7%D9%84%D8%AD%D9%85%D8%A7%D8%B3%D8%A9,8,ara,2,
Le Curé de village,Honoré de Balzac,fr,gutenberg,https://www.gutenberg.org/ebooks/1899,8,fre,26,
Kagerō Nikki,Fujiwara no Michitsuna no Haha,ja,wikisource,https://ja.wikisource.org/wiki/%E8%9C%BB%E8%9B%89%E6%97%A5%E8%A8%98,8,jpn,3,
Official Gazette,,ja,wikisource,https://ja.wikisource.org/wiki/%E5%AE%98%E5%A0%B1,8,(none catalogued),12,
Al-Munir,,ms,wikisource,https://ms.wikisource.org/wiki/Al-Moenir,8,ara,8,
Geschwister Tanner,Robert Walser,de,gutenberg,https://www.gutenberg.org/ebooks/36172,8,ger,7,
Việt Nam sử lược,Trần Trọng Kim,vi,wikisource,https://vi.wikisource.org/wiki/Vi%E1%BB%87t%20Nam%20s%E1%BB%AD%20l%C6%B0%E1%BB%A3c,8,vie,2,
The Queen of the Caribbean,Emilio Salgari,it,wikisource,https://it.wikisource.org/wiki/La%20regina%20dei%20Caraibi,8,(none catalogued),1,
The Last Letters of Jacopo Ortis,Ugo Foscolo,it,wikisource,https://it.wikisource.org/wiki/Opera%3AUltime%20lettere%20di%20Jacopo%20Ortis,8,(none catalogued),1,
Ivan Pidkova,Taras Shevchenko,uk,wikisource,https://uk.wikisource.org/wiki/%D0%86%D0%B2%D0%B0%D0%BD%20%D0%9F%D1%96%D0%B4%D0%BA%D0%BE%D0%B2%D0%B0,8,ukr,1,
Kievskaia starina,,uk,wikisource,https://uk.wikisource.org/wiki/%D0%9A%D1%96%D0%B5%D0%B2%D1%81%D0%BA%D0%B0%D1%8F%20%D1%81%D1%82%D0%B0%D1%80%D0%B8%D0%BD%D0%B0,8,ukr,1,
Literaturno-naukovyi vistnyk,,uk,wikisource,https://uk.wikisource.org/wiki/%D0%9B%D1%96%D1%82%D0%B5%D1%80%D0%B0%D1%82%D1%83%D1%80%D0%BD%D0%BE-%D0%BD%D0%B0%D1%83%D0%BA%D0%BE%D0%B2%D0%B8%D0%B9%20%D0%B2%D1%96%D1%81%D1%82%D0%BD%D0%B8%D0%BA,8,ukr,1,
Targhīb wa-al-tarhīb,Mundhirī,ar,wikisource,https://ar.wikisource.org/wiki/%D8%A7%D9%84%D8%AA%D8%B1%D8%BA%D9%8A%D8%A8%20%D9%88%D8%A7%D9%84%D8%AA%D8%B1%D9%87%D9%8A%D8%A8,7,ara,4,
Al-ʿIqd al-Farīd,Ibn ʿAbd Rabbih,ar,wikisource,https://ar.wikisource.org/wiki/%D8%A7%D9%84%D8%B9%D9%82%D8%AF%20%D8%A7%D9%84%D9%81%D8%B1%D9%8A%D8%AF,7,ara,8,
Al-Farq bayna al-Firaq,Abu Mansur al-Baghdadi,ar,wikisource,https://ar.wikisource.org/wiki/%D8%A7%D9%84%D9%81%D8%B1%D9%82%20%D8%A8%D9%8A%D9%86%20%D8%A7%D9%84%D9%81%D8%B1%D9%82,7,ara,7,
Al-Jawāb al-Ṣaḥīḥ li-man baddala dīn al-Masīh,Ibn Taymiyyah,ar,wikisource,https://ar.wikisource.org/wiki/%D8%A7%D9%84%D8%AC%D9%88%D8%A7%D8%A8%20%D8%A7%D9%84%D8%B5%D8%AD%D9%8A%D8%AD%20%D9%84%D9%85%D9%86%20%D8%A8%D8%AF%D9%84%20%D8%AF%D9%8A%D9%86%20%D8%A7%D9%84%D9%85%D8%B3%D9%8A%D8%AD,7,ara,2,
O Presidente Negro,Monteiro Lobato,pt,wikisource,https://pt.wikisource.org/wiki/O%20Choque%20das%20Ra%C3%A7as,7,por,1,
Une fille d'Ève,Honoré de Balzac,fr,gutenberg,https://www.gutenberg.org/ebooks/1481,7,fre,7,
Un drame au bord de la mer,Honoré de Balzac,fr,gutenberg,https://www.gutenberg.org/ebooks/1427,7,(none catalogued),1,
La Grenadière,Honoré de Balzac,fr,gutenberg,https://www.gutenberg.org/ebooks/1428,7,(none catalogued),1,
Les Secrets de la princesse de Cadignan,Honoré de Balzac,fr,gutenberg,https://www.gutenberg.org/ebooks/1344,7,fre,3,
Pierre Grassou,Honoré de Balzac,fr,gutenberg,https://www.gutenberg.org/ebooks/1230,7,fre,2,
The Wayfarer,Natsume Sōseki,ja,wikisource,https://ja.wikisource.org/wiki/%E8%A1%8C%E4%BA%BA,7,(none catalogued),1,
Maeil Sinbo,,ko,wikisource,https://ko.wikisource.org/wiki/%EB%A7%A4%EC%9D%BC%EC%8B%A0%EB%B3%B4,7,kor,1,
Syair Bidasari,,ms,wikisource,https://ms.wikisource.org/wiki/Karya%3ASyair%20Bidasari,7,may,1,
Das Käthchen von Heilbronn,,de,gutenberg,https://www.gutenberg.org/ebooks/6646,7,ger,1,
Akilattirattu Ammanai,,ta,wikisource,https://ta.wikisource.org/wiki/%E0%AE%85%E0%AE%95%E0%AE%BF%E0%AE%B2%E0%AE%A4%E0%AF%8D%E0%AE%A4%E0%AE%BF%E0%AE%B0%E0%AE%9F%E0%AF%8D%E0%AE%9F%E0%AF%81%20%E0%AE%85%E0%AE%AE%E0%AF%8D%E0%AE%AE%E0%AE%BE%E0%AE%A9%E0%AF%88,7,tam,1,
Purananuru,,ta,wikisource,https://ta.wikisource.org/wiki/%E0%AE%AA%E0%AF%81%E0%AE%B1%E0%AE%A8%E0%AE%BE%E0%AE%A9%E0%AF%82%E0%AE%B1%E0%AF%81,7,tam,1,
Ainkurunuru,,ta,wikisource,https://ta.wikisource.org/wiki/%E0%AE%90%E0%AE%99%E0%AF%8D%E0%AE%95%E0%AF%81%E0%AE%B1%E0%AF%81%E0%AE%A8%E0%AF%82%E0%AE%B1%E0%AF%81,7,tam,1,
La scienza in cucina e l'arte di mangiar bene,Pellegrino Artusi,it,gutenberg,https://it.wikisource.org/wiki/Opera%3ALa%20scienza%20in%20cucina%20e%20l%27arte%20di%20mangiar%20bene,7,ita,16,
Il mestiere di vivere,Cesare Pavese,it,wikisource,https://it.wikisource.org/wiki/Opera%3AIl%20mestiere%20di%20vivere,7,ita,4,
Topolia,Taras Shevchenko,uk,wikisource,https://uk.wikisource.org/wiki/%D0%A2%D0%BE%D0%BF%D0%BE%D0%BB%D1%8F%20%28%D0%A8%D0%B5%D0%B2%D1%87%D0%B5%D0%BD%D0%BA%D0%BE%29,7,ukr,1,
Mare's Head,,uk,wikisource,https://uk.wikisource.org/wiki/%D0%9A%D0%BE%D0%B1%D0%B8%D0%BB%D1%8F%D1%87%D0%B0%20%D0%B3%D0%BE%D0%BB%D0%BE%D0%B2%D0%B0,7,(none catalogued),1,
Convorbiri Literare,,ro,wikisource,https://ro.wikisource.org/wiki/Convorbiri%20literare,7,rum,1,
Lisān al-mīzān,Ibn Hajar al-Asqalani,ar,wikisource,https://ar.wikisource.org/wiki/%D9%84%D8%B3%D8%A7%D9%86%20%D8%A7%D9%84%D9%85%D9%8A%D8%B2%D8%A7%D9%86,6,ara,1,
Ṭabaqāt al-Ḥanābilah,Ibn Abī Yaʿlā,ar,wikisource,https://ar.wikisource.org/wiki/%D8%B7%D8%A8%D9%82%D8%A7%D8%AA%20%D8%A7%D9%84%D8%AD%D9%86%D8%A7%D8%A8%D9%84%D8%A9,6,ara,1,
Tahdhīb al-Kamāl fī asmāʼ al-rijāl,Yusuf ibn Abd al-Rahman al-Mizzi,ar,wikisource,https://ar.wikisource.org/wiki/%D8%AA%D9%87%D8%B0%D9%8A%D8%A8%20%D8%A7%D9%84%D9%83%D9%85%D8%A7%D9%84,6,ara,5,
Kitāb Sībawayh,Sibawayh,ar,wikisource,https://ar.wikisource.org/wiki/%D8%A7%D9%84%D9%83%D8%AA%D8%A7%D8%A8%20%28%D8%B3%D9%8A%D8%A8%D9%88%D9%8A%D9%87%29,6,ara,6,
Kitab al-Mughni,Ibn Qudamah,ar,wikisource,https://ar.wikisource.org/wiki/%D8%A7%D9%84%D9%85%D8%BA%D9%86%D9%8A%20%D9%84%D8%A7%D8%A8%D9%86%20%D9%82%D8%AF%D8%A7%D9%85%D8%A9,6,ara,1,
Tafsīr al-Manār,Rida Muhammad Rashid,ar,wikisource,https://ar.wikisource.org/wiki/%D8%AA%D9%81%D8%B3%D9%8A%D8%B1%20%D8%A7%D9%84%D9%82%D8%B1%D8%A2%D9%86%20%D8%A7%D9%84%D8%AD%D9%83%D9%8A%D9%85,6,ara,1,
Ṭabaqāt al-umam,Said al-Andalusi,ar,wikisource,https://ar.wikisource.org/wiki/%D8%B7%D8%A8%D9%82%D8%A7%D8%AA%20%D8%A7%D9%84%D8%A3%D9%85%D9%85,6,ara,1,
Shesher Kabita,Rabindranath Tagore,bn,wikisource,https://bn.wikisource.org/wiki/%E0%A6%B0%E0%A6%9A%E0%A6%A8%E0%A6%BE%3A%E0%A6%B6%E0%A7%87%E0%A6%B7%E0%A7%87%E0%A6%B0%20%E0%A6%95%E0%A6%AC%E0%A6%BF%E0%A6%A4%E0%A6%BE,6,ben,1,
Cidade Maravilhosa,,pt,wikisource,https://pt.wikisource.org/wiki/Cidade%20Maravilhosa,6,por,2,
Contes de la bécasse,Guy de Maupassant,fr,gutenberg,https://www.gutenberg.org/ebooks/11714,6,fre; spa,19,
Le Contrat de mariage,Honoré de Balzac,fr,gutenberg,https://www.gutenberg.org/ebooks/1556,6,fre,5,
An Episode Under the Terror,Honoré de Balzac,fr,gutenberg,https://www.gutenberg.org/ebooks/1456,6,(none catalogued),1,
Horison,,id,wikisource,https://id.wikisource.org/wiki/Majalah%20Horison,6,ind,3,
Madilog,Tan Malaka,id,wikisource,https://id.wikisource.org/wiki/Madilog,6,ind,4,
Takekurabe,Ichiyō Higuchi,ja,wikisource,https://ja.wikisource.org/wiki/%E3%81%9F%E3%81%91%E3%81%8F%E3%82%89%E3%81%B9,6,jpn,5,
Dogra Magra,Yumeno Kyūsaku,ja,wikisource,https://ja.wikisource.org/wiki/%E3%83%89%E3%82%B0%E3%83%A9%E3%83%BB%E3%83%9E%E3%82%B0%E3%83%A9,6,fre,1,
Kinkai Wakashū,,ja,wikisource,https://ja.wikisource.org/wiki/%E9%87%91%E6%A7%90%E5%92%8C%E6%AD%8C%E9%9B%86,6,jpn,1,
Sugungga,,ko,wikisource,https://ko.wikisource.org/wiki/%EC%88%98%EA%B6%81%EA%B0%80,6,kor,1,
Hikayat Amir Hamzah,,ms,wikisource,https://ms.wikisource.org/wiki/Karya%3AHikayat%20Amir%20Hamzah,6,may,1,
Aathichoodi,Avvaiyar,ta,wikisource,https://ta.wikisource.org/wiki/%E0%AE%86%E0%AE%A4%E0%AF%8D%E0%AE%A4%E0%AE%BF%E0%AE%9A%E0%AF%82%E0%AE%9F%E0%AE%BF,6,tam,1,
Kuṟuntokai,,ta,wikisource,https://ta.wikisource.org/wiki/%E0%AE%95%E0%AF%81%E0%AE%B1%E0%AF%81%E0%AE%A8%E0%AF%8D%E0%AE%A4%E0%AF%8A%E0%AE%95%E0%AF%88,6,(none catalogued),1,
Il Guerrin Meschino,Andrea da Barberino,it,wikisource,https://it.wikisource.org/wiki/Guerino%20detto%20il%20Meschino,6,ita,1,
Il Baretti,,it,wikisource,https://it.wikisource.org/wiki/Il%20Baretti,6,ita,2,
"The Year 3,000",,it,wikisource,https://it.wikisource.org/wiki/L%27anno%203000,6,(none catalogued),1,
Me ne frego,,it,wikisource,https://it.wikisource.org/wiki/Me%20ne%20frego%20%28Versione%20del%20dopoguerra%29,6,ita,1,
Mangal Prabhat,Mahatma Gandhi,gu,wikisource,https://gu.wikisource.org/wiki/%E0%AA%AE%E0%AA%82%E0%AA%97%E0%AA%B3%E0%AA%AA%E0%AB%8D%E0%AA%B0%E0%AA%AD%E0%AA%BE%E0%AA%A4,6,guj,1,
Visti,,uk,wikisource,https://uk.wikisource.org/wiki/%D0%92%D1%96%D1%81%D1%82%D1%96%20%D0%92%D0%A3%D0%A6%D0%92%D0%9A,6,ita,1,
Craii de Curtea-Veche,Mateiu Caragiale,ro,wikisource,https://ro.wikisource.org/wiki/Craii%20de%20Curtea-Veche,6,ita; rum,5,
"O, ce veste minunată!",,ro,wikisource,https://ro.wikisource.org/wiki/O%2C%20ce%20veste%20minunat%C4%83%21,6,rum,2,
Zanbur,,az,wikisource,https://az.wikisource.org/wiki/Z%C9%99nbur%20jurnal%C4%B1%20%281909%29,6,urd,1,
Mu'jam al-udaba,Yaqut al-Hamawi,ar,wikisource,https://ar.wikisource.org/wiki/%D9%85%D8%B9%D8%AC%D9%85%20%D8%A7%D9%84%D8%A3%D8%AF%D8%A8%D8%A7%D8%A1,5,ara; per,2,
Ṣifat Jazīrat al-ʻArab,Abū Muhammad al-Hasan al-Hamdānī,ar,wikisource,https://ar.wikisource.org/wiki/%D8%B5%D9%81%D8%A9%20%D8%AC%D8%B2%D9%8A%D8%B1%D8%A9%20%D8%A7%D9%84%D8%B9%D8%B1%D8%A8,5,ara,3,
Tahdhīb al-Tahdhīb,Ibn Hajar al-Asqalani,ar,wikisource,https://ar.wikisource.org/wiki/%D8%AA%D9%87%D8%B0%D9%8A%D8%A8%20%D8%A7%D9%84%D8%AA%D9%87%D8%B0%D9%8A%D8%A8,5,ara,13,
Taj al-'Arus min Jawahir al-Qamus,Murtaḍá al-Zabīdī,ar,wikisource,https://ar.wikisource.org/wiki/%D8%AA%D8%A7%D8%AC%20%D8%A7%D9%84%D8%B9%D8%B1%D9%88%D8%B3,5,ara,4,
Ahkam Ahl al-Dhimmah,Ibn Qayyim al-Jawziyya,ar,wikisource,https://ar.wikisource.org/wiki/%D8%A3%D8%AD%D9%83%D8%A7%D9%85%20%D8%A3%D9%87%D9%84%20%D8%A7%D9%84%D8%B0%D9%85%D8%A9,5,ara,2,
Tajārib Al-Umam Wa-Taʻāqub Al-Himam,Ibn Miskawayh,ar,wikisource,https://ar.wikisource.org/wiki/%D8%AA%D8%AC%D8%A7%D8%B1%D8%A8%20%D8%A7%D9%84%D8%A3%D9%85%D9%85,5,ara,1,
al-Risālah,,ar,wikisource,https://ar.wikisource.org/wiki/%D9%85%D8%AC%D9%84%D8%A9%20%D8%A7%D9%84%D8%B1%D8%B3%D8%A7%D9%84%D8%A9,5,ara,5,
Noite na Taverna,Álvares de Azevedo,pt,wikisource,https://pt.wikisource.org/wiki/Noite%20na%20Taverna,5,por,5,
O Mulato,Aluísio Azevedo,pt,wikisource,https://pt.wikisource.org/wiki/O%20Mulato,5,por,2,
O Uraguai,Basílio da Gama,pt,wikisource,https://pt.wikisource.org/wiki/O%20Uraguai,5,por; spa,2,
Hino de Pernambuco,,pt,wikisource,https://pt.wikisource.org/wiki/Hino%20do%20estado%20de%20Pernambuco,5,por,1,
Revista do Instituto Historico e Geographico Brazileiro,,pt,wikisource,https://pt.wikisource.org/wiki/Revista%20do%20Instituto%20Hist%C3%B3rico%20e%20Geogr%C3%A1fico%20Brasileiro,5,por,1,
Clair de lune,Guy de Maupassant,fr,gutenberg,https://www.gutenberg.org/ebooks/11199,5,fre,14,
L'Interdiction,Honoré de Balzac,fr,gutenberg,https://www.gutenberg.org/ebooks/1410,5,fre,2,
Azab dan Sengsara,Merari Siregar,id,wikisource,https://id.wikisource.org/wiki/Azab%20dan%20Sengsara,5,ind,2,
Eijitsu Shōhin,Natsume Sōseki,ja,wikisource,https://ja.wikisource.org/wiki/%E6%B0%B8%E6%97%A5%E5%B0%8F%E5%93%81,5,jpn,1,
Shabondama,,ja,wikisource,https://ja.wikisource.org/wiki/%E3%82%B7%E3%83%A3%E3%83%9C%E3%83%B3%E7%8E%89,5,jpn,1,
Hiden Senbazuru Orikata,,ja,wikisource,https://ja.wikisource.org/wiki/%E7%A7%98%E5%82%B3%E5%8D%83%E7%BE%BD%E9%B6%B4%E6%8A%98%E5%BD%A2,5,jpn,1,
Administrative Procedure Act,,ja,wikisource,https://ja.wikisource.org/wiki/%E8%A1%8C%E6%94%BF%E6%89%8B%E7%B6%9A%E6%B3%95,5,(none catalogued),1,
Aogeba tōtoshi,,ja,wikisource,https://ja.wikisource.org/wiki/%E4%BB%B0%E3%81%92%E3%81%B0%E5%B0%8A%E3%81%97,5,jpn,1,
Akatombo,,ja,wikisource,https://ja.wikisource.org/wiki/%E8%B5%A4%E3%81%A8%E3%82%93%E3%81%BC,5,jpn,1,
Liquor Tax Act,,ja,wikisource,https://ja.wikisource.org/wiki/%E9%85%92%E7%A8%8E%E6%B3%95%20%28%E6%98%AD%E5%92%8C28%E5%B9%B4%E6%B3%95%E5%BE%8B%E7%AC%AC6%E5%8F%B7%29,5,(none catalogued),0,
Konjiki Yasha,Ozaki Kōyō,ja,wikisource,https://ja.wikisource.org/wiki/%E9%87%91%E8%89%B2%E5%A4%9C%E5%8F%89,5,jpn,5,
Parijatapaharanamu,Nandi Thimmana,te,wikisource,https://te.wikisource.org/wiki/%E0%B0%AA%E0%B0%BE%E0%B0%B0%E0%B0%BF%E0%B0%9C%E0%B0%BE%E0%B0%A4%E0%B0%BE%E0%B0%AA%E0%B0%B9%E0%B0%B0%E0%B0%A3%E0%B0%AE%E0%B1%81,5,tel,1,
Ganapati,Chilakamarthi Lakshmi Narasimham,te,wikisource,https://te.wikisource.org/wiki/%E0%B0%97%E0%B0%A3%E0%B0%AA%E0%B0%A4%E0%B0%BF,5,tel,1,
Kasikhandamu,Srinatha,te,wikisource,https://te.wikisource.org/wiki/%E0%B0%95%E0%B0%BE%E0%B0%B6%E0%B1%80%E0%B0%96%E0%B0%82%E0%B0%A1%E0%B0%AE%E0%B1%81,5,tel,1,
Haravilāsamu,Srinatha,te,wikisource,https://te.wikisource.org/wiki/%E0%B0%B9%E0%B0%B0%E0%B0%B5%E0%B0%BF%E0%B0%B2%E0%B0%BE%E0%B0%B8%E0%B0%AE%E0%B1%81%20%281931%29,5,tel,1,
Andhra Patrika,,te,wikisource,https://te.wikisource.org/wiki/%E0%B0%86%E0%B0%82%E0%B0%A7%E0%B1%8D%E0%B0%B0%E0%B0%AA%E0%B0%A4%E0%B1%8D%E0%B0%B0%E0%B0%BF%E0%B0%95,5,tel,1,
Sumathi Satakam,Baddena,te,wikisource,https://te.wikisource.org/wiki/%E0%B0%B8%E0%B1%81%E0%B0%AE%E0%B0%A4%E0%B1%80%20%E0%B0%B6%E0%B0%A4%E0%B0%95%E0%B0%AE%E0%B1%81,5,tel,1,
The Wings,Yi Sang,ko,wikisource,https://ko.wikisource.org/wiki/%EB%82%A0%EA%B0%9C,5,(none catalogued),1,
Syair Abdul Muluk,Raja Ali Haji,ms,wikisource,https://ms.wikisource.org/wiki/Karya%3ASyair%20Sultan%20Abdul%20Muluk,5,may,1,
Kuṟiñcippāṭṭu,Kapilar,ta,wikisource,https://ta.wikisource.org/wiki/%E0%AE%95%E0%AF%81%E0%AE%B1%E0%AE%BF%E0%AE%9E%E0%AF%8D%E0%AE%9A%E0%AE%BF%E0%AE%AA%E0%AF%8D%E0%AE%AA%E0%AE%BE%E0%AE%9F%E0%AF%8D%E0%AE%9F%E0%AF%81,5,tam,1,
Kalittokai,,ta,wikisource,https://ta.wikisource.org/wiki/%E0%AE%95%E0%AE%B2%E0%AE%BF%E0%AE%A4%E0%AF%8D%E0%AE%A4%E0%AF%8A%E0%AE%95%E0%AF%88,5,hin,1,
Il tesoro del presidente del Paraguay,Emilio Salgari,it,wikisource,https://it.wikisource.org/wiki/Il%20tesoro%20del%20presidente%20del%20Paraguay,5,ita,1,
Saul,Vittorio Alfieri,it,wikisource,https://it.wikisource.org/wiki/Opera%3ASaul%20%28Alfieri%29,5,ita,6,
Il giorno,Giuseppe Parini,it,wikisource,https://it.wikisource.org/wiki/Opera%3AIl%20Giorno,5,ita,18,
Dei Sepolcri,Ugo Foscolo,it,wikisource,https://it.wikisource.org/wiki/Opera%3ADei%20Sepolcri,5,fre; ita,4,
Editto Pacca,,it,wikisource,https://it.wikisource.org/wiki/Editto%20sopra%20le%20antichit%C3%A0%20e%20gli%20scavi,5,ita,1,
Sharq,,fa,wikisource,https://fa.wikisource.org/wiki/%D8%B4%D8%B1%D9%82,5,ara,3,
Sarvavijnanakosam,,ml,wikisource,https://ml.wikisource.org/wiki/%E0%B4%B8%E0%B5%BC%E0%B4%B5%E0%B5%8D%E0%B4%B5%E0%B4%B5%E0%B4%BF%E0%B4%9C%E0%B5%8D%E0%B4%9E%E0%B4%BE%E0%B4%A8%E0%B4%95%E0%B5%8B%E0%B4%B6%E0%B4%82,5,mal,1,
Kundalatha,Appu Nedungadi,ml,wikisource,https://ml.wikisource.org/wiki/%E0%B4%95%E0%B5%81%E0%B4%A8%E0%B5%8D%E0%B4%A6%E0%B4%B2%E0%B4%A4,5,mal,1,
Prychynna,Taras Shevchenko,uk,wikisource,https://uk.wikisource.org/wiki/%D0%9F%D1%80%D0%B8%D1%87%D0%B8%D0%BD%D0%BD%D0%B0,5,ukr,1,
Tarasova Nich,Taras Shevchenko,uk,wikisource,https://uk.wikisource.org/wiki/%D0%A2%D0%B0%D1%80%D0%B0%D1%81%D0%BE%D0%B2%D0%B0%20%D0%BD%D1%96%D1%87,5,ukr,1,
Zoria,,uk,wikisource,https://uk.wikisource.org/wiki/%D0%97%D0%BE%D1%80%D1%8F,5,mon; rus; ukr,3,
Universul,,ro,wikisource,https://ro.wikisource.org/wiki/Universul,5,rum,2,
Sburătorul,,ro,wikisource,https://ro.wikisource.org/wiki/Sbur%C4%83torul,5,rum,1,
Gândirea,,ro,wikisource,https://ro.wikisource.org/wiki/G%C3%A2ndirea,5,rum,2,
Luceafărul,,ro,wikisource,https://ro.wikisource.org/wiki/Revista%20Luceaf%C4%83rul,5,roa; rum,12,
Harap Alb,Ion Creangă,ro,wikisource,https://ro.wikisource.org/wiki/Povestea%20lui%20Harap-Alb,5,rum,1,
Lilit Phra Lo,,th,wikisource,https://th.wikisource.org/wiki/%E0%B8%A5%E0%B8%B4%E0%B8%A5%E0%B8%B4%E0%B8%95%E0%B8%9E%E0%B8%A3%E0%B8%B0%E0%B8%A5%E0%B8%AD,5,tha,1,
The Man of Feeling,Javier Marías; Henry Mackenzie,es,gutenberg,https://www.gutenberg.org/ebooks/5083,4,spa,1,verify original language: multiple authors credited
Mīzān al-iʻtidāl fī naqd al-rijāl,Al-Dhahabi,ar,wikisource,https://ar.wikisource.org/wiki/%D9%85%D9%8A%D8%B2%D8%A7%D9%86%20%D8%A7%D9%84%D8%A7%D8%B9%D8%AA%D8%AF%D8%A7%D9%84%20%D9%81%D9%8A%20%D9%86%D9%82%D8%AF%20%D8%A7%D9%84%D8%B1%D8%AC%D8%A7%D9%84,4,ara,1,
al-Tījān fī mulūk Ḥimyar,Wahb ibn Munabbih,ar,wikisource,https://ar.wikisource.org/wiki/%D8%A7%D9%84%D8%AA%D9%8A%D8%AC%D8%A7%D9%86%20%D9%81%D9%8A%20%D9%85%D9%84%D9%88%D9%83%20%D8%AD%D9%85%D9%8A%D8%B1,4,ara,1,
al-Mukhtaṣar fī Akhbār al-bashar,Abulfeda,ar,wikisource,https://ar.wikisource.org/wiki/%D8%A7%D9%84%D9%85%D8%AE%D8%AA%D8%B5%D8%B1%20%D9%81%D9%8A%20%D8%A3%D8%AE%D8%A8%D8%A7%D8%B1%20%D8%A7%D9%84%D8%A8%D8%B4%D8%B1,4,ara,1,
Taqrīb al-Tahdhīb,Ibn Hajar al-Asqalani,ar,wikisource,https://ar.wikisource.org/wiki/%D8%AA%D9%82%D8%B1%D9%8A%D8%A8%20%D8%A7%D9%84%D8%AA%D9%87%D8%B0%D9%8A%D8%A8,4,ara,5,
Tabaʾi ʿal-istibdad wa-masari' al-isti'bad,Abd al-Rahman al-Kawakibi,ar,wikisource,https://ar.wikisource.org/wiki/%D8%B7%D8%A8%D8%A7%D8%A6%D8%B9%20%D8%A7%D9%84%D8%A7%D8%B3%D8%AA%D8%A8%D8%AF%D8%A7%D8%AF,4,ara,2,
Sharh al-Sunnah,Al-Hasan ibn 'Ali al-Barbahari,ar,wikisource,https://ar.wikisource.org/wiki/%D8%B4%D8%B1%D8%AD%20%D8%A7%D9%84%D8%B3%D9%86%D8%A9%20%D9%84%D9%84%D8%A8%D8%B1%D8%A8%D9%87%D8%A7%D8%B1%D9%8A,4,ara,2,
al-Tamhīd li-ma fī al-Muwaṭṭaʼ min al-maʻānī wa-al-asānīd,Ibn 'Abd al-Barr,ar,wikisource,https://ar.wikisource.org/wiki/%D8%A7%D9%84%D8%AA%D9%85%D9%87%D9%8A%D8%AF%20%D9%84%D9%85%D8%A7%20%D9%81%D9%8A%20%D8%A7%D9%84%D9%85%D9%88%D8%B7%D8%A3%20%D9%85%D9%86%20%D8%A7%D9%84%D9%85%D8%B9%D8%A7%D9%86%D9%8A%20%D9%88%D8%A7%D9%84%D8%A3%D8%B3%D8%A7%D9%86%D9%8A%D8%AF,4,ara,4,
Muqaddimah al-Jazariyah,Ibn al-Jazari,ar,wikisource,https://ar.wikisource.org/wiki/%D8%A7%D9%84%D8%AC%D8%B2%D8%B1%D9%8A%D8%A9,4,ara,1,
Ṭarīq al-hijratayn wa-Bāb al-saʻādatayn,Ibn Qayyim al-Jawziyya,ar,wikisource,https://ar.wikisource.org/wiki/%D8%B7%D8%B1%D9%8A%D9%82%20%D8%A7%D9%84%D9%87%D8%AC%D8%B1%D8%AA%D9%8A%D9%86%20%D9%88%D8%A8%D8%A7%D8%A8%20%D8%A7%D9%84%D8%B3%D8%B9%D8%A7%D8%AF%D8%AA%D9%8A%D9%86,4,ara,3,
Kitāb al-filāḥah,Ibn al-'Awwam,ar,wikisource,https://ar.wikisource.org/wiki/%D9%83%D8%AA%D8%A7%D8%A8%20%D8%A7%D9%84%D9%81%D9%84%D8%A7%D8%AD%D8%A9,4,ara,1,
Kashf al-Shubuhat,Muhammad ibn Abd al-Wahhab,ar,wikisource,https://ar.wikisource.org/wiki/%D9%83%D8%B4%D9%81%20%D8%A7%D9%84%D8%B4%D8%A8%D9%87%D8%A7%D8%AA,4,ara,1,
al-Tibyan fi aqsam al-Qur'an,Ibn Qayyim al-Jawziyya,ar,wikisource,https://ar.wikisource.org/wiki/%D8%A7%D9%84%D8%AA%D8%A8%D9%8A%D8%A7%D9%86%20%D9%81%D9%8A%20%D8%A3%D9%82%D8%B3%D8%A7%D9%85%20%D8%A7%D9%84%D9%82%D8%B1%D8%A2%D9%86,4,ara,1,
al-Talkhīṣ al-ḥabīr fī takhrīj aḥādīth al-Rāfiʻī al-kabīr,Ibn Hajar al-Asqalani,ar,wikisource,https://ar.wikisource.org/wiki/%D8%A7%D9%84%D8%AA%D9%84%D8%AE%D9%8A%D8%B5%20%D8%A7%D9%84%D8%AD%D8%A8%D9%8A%D8%B1%20%D9%81%D9%8A%20%D8%AA%D8%AE%D8%B1%D9%8A%D8%AC%20%D8%A3%D8%AD%D8%A7%D8%AF%D9%8A%D8%AB%20%D8%A7%D9%84%D8%B1%D8%A7%D9%81%D8%B9%D9%8A%20%D8%A7%D9%84%D9%83%D8%A8%D9%8A%D8%B1,4,ara,4,
Tafsir Ibn Juzayy,Ibn Juzayy,ar,wikisource,https://ar.wikisource.org/wiki/%D8%A7%D9%84%D8%AA%D8%B3%D9%87%D9%8A%D9%84%20%D9%84%D8%B9%D9%84%D9%88%D9%85%20%D8%A7%D9%84%D8%AA%D9%86%D8%B2%D9%8A%D9%84,4,ara,1,
al-Tajrīd al-ṣarīḥ li-aḥādīth al-Jāmiʻ al-ṣaḥīḥ,"Zabīdī, Aḥmad ibn Aḥmad",ar,wikisource,https://ar.wikisource.org/wiki/%D8%A7%D9%84%D8%AA%D8%AC%D8%B1%D9%8A%D8%AF%20%D8%A7%D9%84%D8%B5%D8%B1%D9%8A%D8%AD%20%D9%84%D8%A3%D8%AD%D8%A7%D8%AF%D9%8A%D8%AB%20%D8%A7%D9%84%D8%AC%D8%A7%D9%85%D8%B9%20%D8%A7%D9%84%D8%B5%D8%AD%D9%8A%D8%AD,4,ara,4,
Tafsir al-Khazin,Al-Khāzin al-Baghdādī,ar,wikisource,https://ar.wikisource.org/wiki/%D9%84%D8%A8%D8%A7%D8%A8%20%D8%A7%D9%84%D8%AA%D8%A3%D9%88%D9%8A%D9%84%20%D9%81%D9%8A%20%D9%85%D8%B9%D8%A7%D9%86%D9%8A%20%D8%A7%D9%84%D8%AA%D9%86%D8%B2%D9%8A%D9%84,4,ara,2,
al-Tibb al-Nabawi,Ibn Qayyim al-Jawziyya,ar,wikisource,https://ar.wikisource.org/wiki/%D8%A7%D9%84%D8%B7%D8%A8%20%D8%A7%D9%84%D9%86%D8%A8%D9%88%D9%8A,4,ara,2,
El Moudjahid,,ar,wikisource,https://ar.wikisource.org/wiki/%D8%AC%D8%B1%D9%8A%D8%AF%D8%A9%20%D8%A7%D9%84%D9%85%D8%AC%D8%A7%D9%87%D8%AF,4,fre,1,
Pather Dabi,Sarat Chandra Chattopadhyay,bn,wikisource,https://bn.wikisource.org/wiki/%E0%A6%B0%E0%A6%9A%E0%A6%A8%E0%A6%BE%3A%E0%A6%AA%E0%A6%A5%E0%A7%87%E0%A6%B0%20%E0%A6%A6%E0%A6%BE%E0%A6%AC%E0%A7%80,4,ben,1,
Sonar Tori,Rabindranath Tagore,bn,wikisource,https://bn.wikisource.org/wiki/%E0%A6%B0%E0%A6%9A%E0%A6%A8%E0%A6%BE%3A%E0%A6%B8%E0%A7%8B%E0%A6%A8%E0%A6%BE%E0%A6%B0%20%E0%A6%A4%E0%A6%B0%E0%A7%80,4,(none catalogued),1,
A Normalista,Adolfo Caminha,pt,wikisource,https://pt.wikisource.org/wiki/A%20Normalista,4,por,11,
Paulicéia Desvairada,Mário de Andrade,pt,wikisource,https://pt.wikisource.org/wiki/Galeria%3APaulic%C3%A9ia%20Desvairada.pdf,4,por,1,
Ressurreição,Machado de Assis,pt,wikisource,https://pt.wikisource.org/wiki/Ressurrei%C3%A7%C3%A3o%20%28Machado%20de%20Assis%29,4,por,5,
A Cartomante,Machado de Assis,pt,wikisource,https://pt.wikisource.org/wiki/A%20Cartomante,4,por,2,
Urupês,Monteiro Lobato,pt,wikisource,https://pt.wikisource.org/wiki/Urup%C3%AAs,4,por,7,
O Seminarista,Bernardo Guimarães,pt,wikisource,https://pt.wikisource.org/wiki/O%20Seminarista,4,por,4,
O Cabeleira,Franklin Távora,pt,wikisource,https://pt.wikisource.org/wiki/O%20Cabeleira,4,por,2,
Contos,José Maria de Eça de Queirós,pt,wikisource,https://pt.wikisource.org/wiki/Contos%20%28E%C3%A7a%20de%20Queir%C3%B3s%29,4,por,27,
Alfarrábios,José de Alencar,pt,wikisource,https://pt.wikisource.org/wiki/Alfarr%C3%A1bios,4,por,5,
O gaúcho,José de Alencar,pt,wikisource,https://pt.wikisource.org/wiki/O%20Ga%C3%BAcho,4,por,9,
Ubirajara,José de Alencar,pt,wikisource,https://pt.wikisource.org/wiki/Ubirajara,4,por,12,
I-Juca-Pirama,Gonçalves Dias,pt,wikisource,https://pt.wikisource.org/wiki/Y-Juca-Pyrama,4,por,1,
Hino Rio-Grandense,,pt,wikisource,https://pt.wikisource.org/wiki/Hino%20do%20estado%20do%20Rio%20Grande%20do%20Sul,4,por,1,
Gaudissart II,Honoré de Balzac,fr,gutenberg,https://www.gutenberg.org/ebooks/1475,4,fre,1,
La Samaritaine,Edmond Rostand,fr,gutenberg,https://www.gutenberg.org/ebooks/58260,4,fre; ger,15,
Sengsara Membawa Nikmat,Tulis Sutan Sati,id,wikisource,https://id.wikisource.org/wiki/Sengsara%20Membawa%20Nikmat,4,ind,2,
Nigorie,Ichiyō Higuchi,ja,wikisource,https://ja.wikisource.org/wiki/%E3%81%AB%E3%81%94%E3%82%8A%E3%81%88,4,jpn,2,
The Dancing Girl,Mori Ōgai,ja,wikisource,https://ja.wikisource.org/wiki/%E8%88%9E%E5%A7%AC,4,(none catalogued),1,
Religious Corporation Act,,ja,wikisource,https://ja.wikisource.org/wiki/%E5%AE%97%E6%95%99%E6%B3%95%E4%BA%BA%E6%B3%95,4,(none catalogued),1,
Mullaippāṭṭu,,ta,wikisource,https://ta.wikisource.org/wiki/%E0%AE%AE%E0%AF%81%E0%AE%B2%E0%AF%8D%E0%AE%B2%E0%AF%88%E0%AE%AA%E0%AF%8D%E0%AE%AA%E0%AE%BE%E0%AE%9F%E0%AF%8D%E0%AE%9F%E0%AF%81,4,tam,1,
Neṭunalvāṭai,,ta,wikisource,https://ta.wikisource.org/wiki/%E0%AE%A8%E0%AF%86%E0%AE%9F%E0%AF%81%E0%AE%A8%E0%AE%B2%E0%AF%8D%E0%AE%B5%E0%AE%BE%E0%AE%9F%E0%AF%88,4,tam,1,
Poruṇarāṟṟuppaṭai,,ta,wikisource,https://ta.wikisource.org/wiki/%E0%AE%AA%E0%AF%8A%E0%AE%B0%E0%AF%81%E0%AE%A8%E0%AE%B0%E0%AE%BE%E0%AE%B1%E0%AF%8D%E0%AE%B1%E0%AF%81%E0%AE%AA%E0%AF%8D%E0%AE%AA%E0%AE%9F%E0%AF%88,4,tam,1,
Malaipaṭukaṭām,,ta,wikisource,https://ta.wikisource.org/wiki/%E0%AE%AE%E0%AE%B2%E0%AF%88%E0%AE%AA%E0%AE%9F%E0%AF%81%E0%AE%95%E0%AE%9F%E0%AE%BE%E0%AE%AE%E0%AF%8D,4,tam,1,
Il Conte di Carmagnola,Alessandro Manzoni,it,wikisource,https://it.wikisource.org/wiki/Opera%3AIl%20Conte%20di%20Carmagnola,4,ita,6,
Il Misogallo,Vittorio Alfieri,it,wikisource,https://it.wikisource.org/wiki/Opera%3AIl%20Misogallo,4,ita,1,
Storia della colonna infame,Alessandro Manzoni,it,wikisource,https://it.wikisource.org/wiki/Storia%20della%20colonna%20infame,4,ita,11,
Giacinta,Luigi Capuana,it,wikisource,https://it.wikisource.org/wiki/Giacinta,4,ita,8,
Il marchese di Roccaverdina,Luigi Capuana,it,wikisource,https://it.wikisource.org/wiki/Il%20Marchese%20di%20Roccaverdina,4,ita,10,
My Prisons,Silvio Pellico,it,wikisource,https://it.wikisource.org/wiki/Opera%3ALe%20mie%20prigioni,4,(none catalogued),4,
Storie fiorentine,Francesco Guicciardini,it,wikisource,https://it.wikisource.org/wiki/Storie%20fiorentine%20dal%201378%20al%201509,4,ita,1,
Il Novellino,Masuccio Salernitano,it,wikisource,https://it.wikisource.org/wiki/Il%20Novellino,4,ita,4,
Inno di Garibaldi,,it,wikisource,https://it.wikisource.org/wiki/Inno%20di%20Garibaldi,4,ita,2,
Haji Agha,Sadegh Hedayat,fa,wikisource,https://fa.wikisource.org/wiki/%D8%AD%D8%A7%D8%AC%DB%8C%20%D8%A2%D9%82%D8%A7,4,per,1,
Keralolpathi,,ml,wikisource,https://ml.wikisource.org/wiki/%E0%B4%95%E0%B5%87%E0%B4%B0%E0%B4%B3%E0%B5%8B%E0%B4%B2%E0%B5%8D%E0%B4%AA%E0%B4%A4%E0%B5%8D%E0%B4%A4%E0%B4%BF,4,mal,1,
Hamaliia,Taras Shevchenko,uk,wikisource,https://uk.wikisource.org/wiki/%D0%93%D0%B0%D0%BC%D0%B0%D0%BB%D1%96%D1%8F,4,ukr,1,
Intermezzo,Mykhailo Kotsiubynskyi,uk,wikisource,https://uk.wikisource.org/wiki/Intermezzo,4,ukr,1,
Moloda Ukraïna,,uk,wikisource,https://uk.wikisource.org/wiki/%D0%9C%D0%BE%D0%BB%D0%BE%D0%B4%D0%B0%20%D0%A3%D0%BA%D1%80%D0%B0%D1%97%D0%BD%D0%B0%20%28%D1%87%D0%B0%D1%81%D0%BE%D0%BF%D0%B8%D1%81%D1%8C%29,4,ukr,3,
Shche ne vmerla Ukraina,,uk,wikisource,https://uk.wikisource.org/wiki/%D0%A9%D0%B5%20%D0%BD%D0%B5%20%D0%B2%D0%BC%D0%B5%D1%80%D0%BB%D0%B0%20%D0%A3%D0%BA%D1%80%D0%B0%D1%97%D0%BD%D0%B0,4,ukr,1,
Moftul Român,Ion Luca Caragiale,ro,wikisource,https://ro.wikisource.org/wiki/Moftul%20rom%C3%A2n,4,rum,1,
Floare albastră,Mihai Eminescu,ro,wikisource,https://ro.wikisource.org/wiki/Floare%20albastr%C4%83,4,rum,1,
Viața Românească,,ro,wikisource,https://ro.wikisource.org/wiki/Via%C8%9Ba%20Rom%C3%A2neasc%C4%83,4,rum,1,
"Foaie pentru minte, inimă și literatură",,ro,wikisource,https://ro.wikisource.org/wiki/Foaie%20pentru%20minte%2C%20inim%C4%83%20%C8%99i%20literatur%C4%83,4,rum,1,
La Medeleni,Ionel Teodoreanu,ro,wikisource,https://ro.wikisource.org/wiki/La%20Medeleni,4,rum,7,
al-Wasit fi al-madhhab,Al-Ghazali,ar,wikisource,https://ar.wikisource.org/wiki/%D8%A7%D9%84%D9%88%D8%B3%D9%8A%D8%B7%20%D9%81%D9%8A%20%D8%A7%D9%84%D9%85%D8%B0%D9%87%D8%A8,3,ara,2,
Jamharat ansāb al-ʻArab,Ibn Hazm,ar,wikisource,https://ar.wikisource.org/wiki/%D8%AC%D9%85%D9%87%D8%B1%D8%A9%20%D8%A3%D9%86%D8%B3%D8%A7%D8%A8%20%D8%A7%D9%84%D8%B9%D8%B1%D8%A8,3,ara,1,
Ighāthat al-lahfān min maṣāyid al-Shayṭān,Ibn Qayyim al-Jawziyya,ar,wikisource,https://ar.wikisource.org/wiki/%D8%A5%D8%BA%D8%A7%D8%AB%D8%A9%20%D8%A7%D9%84%D9%84%D9%87%D9%81%D8%A7%D9%86,3,ara,3,
Badāʼiʻ al-fawāʼid,Ibn Qayyim al-Jawziyya,ar,wikisource,https://ar.wikisource.org/wiki/%D8%A8%D8%AF%D8%A7%D8%A6%D8%B9%20%D8%A7%D9%84%D9%81%D9%88%D8%A7%D8%A6%D8%AF,3,ara,3,
Taqwim al-Buldan,Abulfeda,ar,wikisource,https://ar.wikisource.org/wiki/%D8%AA%D9%82%D9%88%D9%8A%D9%85%20%D8%A7%D9%84%D8%A8%D9%84%D8%AF%D8%A7%D9%86,3,ara,1,
Sharḥ Ibn ʻAqīl ʻalá Alfīyat Ibn Mālik,Ibn ʿAqīl,ar,wikisource,https://ar.wikisource.org/wiki/%D8%B4%D8%B1%D8%AD%20%D8%A7%D8%A8%D9%86%20%D8%B9%D9%82%D9%8A%D9%84%20%D8%B9%D9%84%D9%89%20%D8%A3%D9%84%D9%81%D9%8A%D8%A9%20%D8%A7%D8%A8%D9%86%20%D9%85%D8%A7%D9%84%D9%83,3,ara,3,
al-Khaṣāʼiṣ,Ibn Jinni,ar,wikisource,https://ar.wikisource.org/wiki/%D8%A7%D9%84%D8%AE%D8%B5%D8%A7%D8%A6%D8%B5,3,ara,1,
Jâmi’ al-‘Ulûm wa al-Hikam,Ibn Rajab,ar,wikisource,https://ar.wikisource.org/wiki/%D8%AC%D8%A7%D9%85%D8%B9%20%D8%A7%D9%84%D8%B9%D9%84%D9%88%D9%85%20%D9%88%D8%A7%D9%84%D8%AD%D9%83%D9%85,3,ara,7,
al-Iḥāṭah fī Akhbār Gharnāṭah,Ibn al-Khatib,ar,wikisource,https://ar.wikisource.org/wiki/%D8%A7%D9%84%D8%A5%D8%AD%D8%A7%D8%B7%D8%A9%20%D9%81%D9%8A%20%D8%A3%D8%AE%D8%A8%D8%A7%D8%B1%20%D8%BA%D8%B1%D9%86%D8%A7%D8%B7%D8%A9,3,ara; urd,2,
Muʻjam Maqāyīs al-lughah,Aḥmad Ibn-Fāris,ar,wikisource,https://ar.wikisource.org/wiki/%D9%85%D8%B9%D8%AC%D9%85%20%D9%85%D9%82%D8%A7%D9%8A%D9%8A%D8%B3%20%D8%A7%D9%84%D9%84%D8%BA%D8%A9%20%D9%84%D8%A3%D8%A8%D9%8A%20%D8%A7%D9%84%D8%AD%D8%B3%D9%8A%D9%86%20%D8%A3%D8%AD%D9%85%D8%AF%20%D8%A8%D9%86%20%D9%81%D8%A7%D8%B1%D8%B3%20%D8%A8%D9%86%20%D8%B2%D9%83%D8%B1%D9%8A%D8%A7,3,ara,1,
Jāmiʻ bayān al-ʻIlm wa-faḍlihi,Ibn 'Abd al-Barr,ar,wikisource,https://ar.wikisource.org/wiki/%D8%AC%D8%A7%D9%85%D8%B9%20%D8%A8%D9%8A%D8%A7%D9%86%20%D8%A7%D9%84%D8%B9%D9%84%D9%85%20%D9%88%D9%81%D8%B6%D9%84%D9%87,3,ara,2,
Badhl al-majhūd fī ifḥām al-Yahūd,Al-Samawal al-Maghribi,ar,wikisource,https://ar.wikisource.org/wiki/%D8%A8%D8%B0%D9%84%20%D8%A7%D9%84%D9%85%D8%AC%D9%87%D9%88%D8%AF%20%D9%81%D9%8A%20%D8%A5%D9%81%D8%AD%D8%A7%D9%85%20%D8%A7%D9%84%D9%8A%D9%87%D9%88%D8%AF,3,ara,1,
ʻUyūn al-akhbār,Ibn Qutaybah,ar,wikisource,https://ar.wikisource.org/wiki/%D8%AA%D8%B5%D9%86%D9%8A%D9%81%3A%D8%B9%D9%8A%D9%88%D9%86%20%D8%A7%D9%84%D8%A3%D8%AE%D8%A8%D8%A7%D8%B1,3,ara,1,
al-Ibānah al-Kubrā,Ibn Battah,ar,wikisource,https://ar.wikisource.org/wiki/%D8%A7%D9%84%D8%A5%D8%A8%D8%A7%D9%86%D8%A9%20%D8%B9%D9%86%20%D8%B4%D8%B1%D9%8A%D8%B9%D8%A9%20%D8%A7%D9%84%D9%81%D8%B1%D9%82%D8%A9%20%D8%A7%D9%84%D9%86%D8%A7%D8%AC%D9%8A%D8%A9%20%D9%88%D9%85%D8%AC%D8%A7%D9%86%D8%A8%D8%A9%20%D8%A7%D9%84%D9%81%D8%B1%D9%82%20%D8%A7%D9%84%D9%85%D8%B0%D9%85%D9%88%D9%85%D8%A9,3,ara,1,
Mustaṭraf fī kull fann mustaẓraf,Al-Ibshīhī,ar,wikisource,https://ar.wikisource.org/wiki/%D8%A7%D9%84%D9%85%D8%B3%D8%AA%D8%B7%D8%B1%D9%81%20%D9%81%D9%8A%20%D9%83%D9%84%20%D9%81%D9%86%20%D9%85%D8%B3%D8%AA%D8%B8%D8%B1%D9%81,3,ara,1,
al-Zawājir ʻan iqtirāf al-kabāʼir,Ibn Hajar al-Haytami,ar,wikisource,https://ar.wikisource.org/wiki/%D8%A7%D9%84%D8%B2%D9%88%D8%A7%D8%AC%D8%B1%20%D8%B9%D9%86%20%D8%A7%D9%82%D8%AA%D8%B1%D8%A7%D9%81%20%D8%A7%D9%84%D9%83%D8%A8%D8%A7%D8%A6%D8%B1,3,ara,4,
al-Ṭibb al-nabawī,Al-Dhahabi,ar,wikisource,https://ar.wikisource.org/wiki/%D8%A7%D9%84%D8%B7%D8%A8%20%D8%A7%D9%84%D9%86%D8%A8%D9%88%D9%8A%20%D9%84%D9%84%D8%B0%D9%87%D8%A8%D9%8A,3,ara,1,
Mufid al-Mustafid fi kufr Tarik al-Tawhid,Muhammad ibn Abd al-Wahhab,ar,wikisource,https://ar.wikisource.org/wiki/%D9%85%D9%81%D9%8A%D8%AF%20%D8%A7%D9%84%D9%85%D8%B3%D8%AA%D9%81%D9%8A%D8%AF%20%D9%81%D9%8A%20%D9%83%D9%81%D8%B1%20%D8%AA%D8%A7%D8%B1%D9%83%20%D8%A7%D9%84%D8%AA%D9%88%D8%AD%D9%8A%D8%AF,3,ara,1,
Nihāyat al-muḥtāj ilá sharḥ al-Minhāj,Muḥammad ibn Aḥmad Ramlī,ar,wikisource,https://ar.wikisource.org/wiki/%D9%86%D9%87%D8%A7%D9%8A%D8%A9%20%D8%A7%D9%84%D9%85%D8%AD%D8%AA%D8%A7%D8%AC%20%D8%A5%D9%84%D9%89%20%D8%B4%D8%B1%D8%AD%20%D8%A7%D9%84%D9%85%D9%86%D9%87%D8%A7%D8%AC,3,ara,9,
Futūḥ al-Shām,,ar,wikisource,https://ar.wikisource.org/wiki/%D9%81%D8%AA%D9%88%D8%AD%20%D8%A7%D9%84%D8%B4%D8%A7%D9%85,3,ara; mul; ota; urd,17,
Al-Iraq,,ar,wikisource,https://ar.wikisource.org/wiki/%D8%AC%D8%B1%D9%8A%D8%AF%D8%A9%20%D8%A7%D9%84%D8%B9%D8%B1%D8%A7%D9%82,3,ara,1,
Utsarga,Rabindranath Tagore,bn,wikisource,https://bn.wikisource.org/wiki/%E0%A6%B0%E0%A6%9A%E0%A6%A8%E0%A6%BE%3A%E0%A6%89%E0%A7%8E%E0%A6%B8%E0%A6%B0%E0%A7%8D%E0%A6%97,3,ben,1,
Kheya,Rabindranath Tagore,bn,wikisource,https://bn.wikisource.org/wiki/%E0%A6%B0%E0%A6%9A%E0%A6%A8%E0%A6%BE%3A%E0%A6%96%E0%A7%87%E0%A6%AF%E0%A6%BC%E0%A6%BE,3,ben,1,
Kalpana,Rabindranath Tagore,bn,wikisource,https://bn.wikisource.org/wiki/%E0%A6%B0%E0%A6%9A%E0%A6%A8%E0%A6%BE%3A%E0%A6%95%E0%A6%B2%E0%A7%8D%E0%A6%AA%E0%A6%A8%E0%A6%BE,3,ben,1,
A Mão e a Luva,Machado de Assis,pt,wikisource,https://pt.wikisource.org/wiki/A%20m%C3%A3o%20e%20a%20luva,3,por,3,
"Eurico, o Presbítero",Alexandre Herculano,pt,wikisource,https://pt.wikisource.org/wiki/Eurico%2C%20o%20Presb%C3%ADtero,3,por,23,
A pata da gazela,José de Alencar,pt,wikisource,https://pt.wikisource.org/wiki/A%20Pata%20da%20Gazela,3,por,1,
Triste Fim de Policarpo Quaresma,Lima Barreto,pt,wikisource,https://pt.wikisource.org/wiki/Triste%20Fim%20de%20Policarpo%20Quaresma,3,por,7,
O Barão de Lavos,Abel Botelho,pt,wikisource,https://pt.wikisource.org/wiki/O%20Bar%C3%A3o%20de%20Lavos,3,por,4,
Auto de Mofina Mendes,Gil Vicente,pt,wikisource,https://pt.wikisource.org/wiki/Auto%20de%20Mofina%20Mendes,3,por,1,
A viuvinha,José de Alencar,pt,wikisource,https://pt.wikisource.org/wiki/A%20Viuvinha,3,por,6,
As minas de prata,José de Alencar,pt,wikisource,https://pt.wikisource.org/wiki/As%20Minas%20de%20Prata,3,por,3,
Diva,José de Alencar,pt,wikisource,https://pt.wikisource.org/wiki/Diva,3,por,11,
Encarnação,José de Alencar,pt,wikisource,https://pt.wikisource.org/wiki/Encarna%C3%A7%C3%A3o%20%28Jos%C3%A9%20de%20Alencar%29,3,por; spa,6,
Lucíola,José de Alencar,pt,wikisource,https://pt.wikisource.org/wiki/Luc%C3%ADola,3,por,6,
O sertanejo,José de Alencar,pt,wikisource,https://pt.wikisource.org/wiki/O%20Sertanejo,3,por; spa,11,
Sonhos d'ouro,José de Alencar,pt,wikisource,https://pt.wikisource.org/wiki/Sonhos%20D%27ouro,3,por,4,
Til,José de Alencar,pt,wikisource,https://pt.wikisource.org/wiki/Til,3,por,9,
A Moreninha,Joaquim Manuel de Macedo,pt,wikisource,https://pt.wikisource.org/wiki/A%20Moreninha%20%281860%29,3,por,13,
O Garimpeiro,Bernardo Guimarães,pt,wikisource,https://pt.wikisource.org/wiki/O%20Garimpeiro,3,por,3,
O moço loiro,Joaquim Manuel de Macedo,pt,wikisource,https://pt.wikisource.org/wiki/O%20mo%C3%A7o%20loiro,3,por,5,
Broquéis,Cruz e Sousa,pt,wikisource,https://pt.wikisource.org/wiki/Broqu%C3%A9is,3,por,1,
O Navio Negreiro,Antônio Frederico de Castro Alves,pt,wikisource,https://pt.wikisource.org/wiki/O%20Navio%20Negreiro,3,por,1,
Cartas Chilenas,Tomás António Gonzaga; apocrypha,pt,wikisource,https://pt.wikisource.org/wiki/Cartas%20Chilenas,3,por,3,verify original language: multiple authors credited
Marília de Dirceu,Tomás António Gonzaga,pt,wikisource,https://pt.wikisource.org/wiki/Mar%C3%ADlia%20de%20Dirceu,3,por,6,
Espumas Flutuantes,Antônio Frederico de Castro Alves,pt,wikisource,https://pt.wikisource.org/wiki/Espumas%20Flutuantes%20%281913%29,3,por,1,
As Pupilas do Senhor Reitor,Júlio Dinis,pt,wikisource,https://pt.wikisource.org/wiki/As%20Pupilas%20do%20Senhor%20Reitor,3,chi; por; spa,28,
A Estação,,pt,wikisource,https://pt.wikisource.org/wiki/Portal%3AA%20Esta%C3%A7%C3%A3o,3,(none catalogued),1,
Diário do Rio de Janeiro,,pt,wikisource,https://pt.wikisource.org/wiki/Portal%3ADi%C3%A1rio%20do%20Rio%20de%20Janeiro,3,por,1,
A Esperança,,pt,wikisource,https://pt.wikisource.org/wiki/Portal%3AA%20Esperan%C3%A7a,3,por,1,
Les lauriers sont coupés,Édouard Dujardin,fr,gutenberg,https://www.gutenberg.org/ebooks/26648,3,fre,5,
Le Bestiaire ou Cortège d'Orphée,Guillaume Apollinaire,fr,gutenberg,https://www.gutenberg.org/ebooks/60199,3,(none catalogued),1,
Gerpolek,Tan Malaka,id,wikisource,https://id.wikisource.org/wiki/GERPOLEK,3,ind,3,
Autumn,Ryūnosuke Akutagawa,ja,wikisource,https://ja.wikisource.org/wiki/%E7%A7%8B%20%28%E8%8A%A5%E5%B7%9D%E9%BE%8D%E4%B9%8B%E4%BB%8B%29,3,ara,1,
Izayoi Nikki,Abutsu-ni,ja,wikisource,https://ja.wikisource.org/wiki/%E5%8D%81%E5%85%AD%E5%A4%9C%E6%97%A5%E8%A8%98,3,jpn,7,
Light and Darkness,Natsume Sōseki,ja,wikisource,https://ja.wikisource.org/wiki/%E6%98%8E%E6%9A%97,3,(none catalogued),1,
Kenmonshū,Miura Jōshin,ja,wikisource,https://ja.wikisource.org/wiki/%E6%85%B6%E9%95%B7%E8%A6%8B%E8%81%9E%E9%9B%86,3,jpn,2,
Takasebune,Mori Ōgai,ja,wikisource,https://ja.wikisource.org/wiki/%E9%AB%98%E7%80%AC%E8%88%9F,3,jpn,1,
Sangoku meisho zue,,ja,wikisource,https://ja.wikisource.org/wiki/%E4%B8%89%E5%9C%8B%E5%90%8D%E5%8B%9D%E5%9C%96%E6%9C%83,3,jpn,1,
Public Accounting Act,,ja,wikisource,https://ja.wikisource.org/wiki/%E4%BC%9A%E8%A8%88%E6%B3%95,3,(none catalogued),1,
Local Public Service Act,,ja,wikisource,https://ja.wikisource.org/wiki/%E5%9C%B0%E6%96%B9%E5%85%AC%E5%8B%99%E5%93%A1%E6%B3%95,3,(none catalogued),1,
Civil Mediation Act,,ja,wikisource,https://ja.wikisource.org/wiki/%E6%B0%91%E4%BA%8B%E8%AA%BF%E5%81%9C%E6%B3%95,3,(none catalogued),1,
Telecommunications Business Act,,ja,wikisource,https://ja.wikisource.org/wiki/%E9%9B%BB%E6%B0%97%E9%80%9A%E4%BF%A1%E4%BA%8B%E6%A5%AD%E6%B3%95,3,(none catalogued),1,
Naa Jeevita Yatra,Tanguturi Prakasam,te,wikisource,https://te.wikisource.org/wiki/%E0%B0%A8%E0%B0%BE%20%E0%B0%9C%E0%B1%80%E0%B0%B5%E0%B0%BF%E0%B0%A4%20%E0%B0%AF%E0%B0%BE%E0%B0%A4%E0%B1%8D%E0%B0%B0,3,(none catalogued),1,
Musalamma Maranamu,Cattamanchi Ramalinga Reddy,te,wikisource,https://te.wikisource.org/wiki/%E0%B0%AE%E0%B1%81%E0%B0%B8%E0%B0%B2%E0%B0%AE%E0%B1%8D%E0%B0%AE%20%E0%B0%AE%E0%B0%B0%E0%B0%A3%E0%B0%AE%E0%B1%81,3,(none catalogued),1,
Dhruvopakhyanamu,Pothana,te,wikisource,https://te.wikisource.org/wiki/%E0%B0%A7%E0%B1%8D%E0%B0%B0%E0%B1%81%E0%B0%B5%E0%B1%8B%E0%B0%AA%E0%B0%BE%E0%B0%96%E0%B1%8D%E0%B0%AF%E0%B0%BE%E0%B0%A8%E0%B0%AE%E0%B1%81,3,tel,3,
Chandōdarpaṇamu,Anantamatyudu,te,wikisource,https://te.wikisource.org/wiki/%E0%B0%9B%E0%B0%82%E0%B0%A6%E0%B1%8B%E0%B0%A6%E0%B0%B0%E0%B1%8D%E0%B0%AA%E0%B0%A3%E0%B0%AE%E0%B1%81,3,tel,2,
Sujata,,te,wikisource,https://te.wikisource.org/wiki/%E0%B0%B8%E0%B1%81%E0%B0%9C%E0%B0%BE%E0%B0%A4%20%28%E0%B0%AA%E0%B0%A4%E0%B1%8D%E0%B0%B0%E0%B0%BF%E0%B0%95%29,3,(none catalogued),1,
Champu Ramayanamu,,te,wikisource,https://te.wikisource.org/wiki/%E0%B0%9A%E0%B0%82%E0%B0%AA%E0%B1%82%E0%B0%B0%E0%B0%BE%E0%B0%AE%E0%B0%BE%E0%B0%AF%E0%B0%A3%E0%B0%AE%E0%B1%81,3,tel,1,
Parishodhana,,te,wikisource,https://te.wikisource.org/wiki/%E0%B0%AA%E0%B0%B0%E0%B0%BF%E0%B0%B6%E0%B1%8B%E0%B0%A7%E0%B0%A8%20%E0%B0%AA%E0%B0%A4%E0%B1%8D%E0%B0%B0%E0%B0%BF%E0%B0%95,3,tel,1,
Kalapurnodayamu,Pingali Suranna,te,wikisource,https://te.wikisource.org/wiki/%E0%B0%95%E0%B0%B3%E0%B0%BE%E0%B0%AA%E0%B1%82%E0%B0%B0%E0%B1%8D%E0%B0%A3%E0%B1%8B%E0%B0%A6%E0%B0%AF%E0%B0%AE%E0%B1%81,3,(none catalogued),1,
Kankanamu,Bhogaraju Narayana Murthy,te,wikisource,https://te.wikisource.org/wiki/%E0%B0%95%E0%B0%82%E0%B0%95%E0%B0%A3%E0%B0%AE%E0%B1%81,3,tel,1,
Syair Ken Tambuhan,,ms,wikisource,https://ms.wikisource.org/wiki/Karya%3ASyair%20Ken%20Tambuhan,3,may,1,
Pengasuh,,ms,wikisource,https://ms.wikisource.org/wiki/Pengasuh,3,ind,1,
Pelita Brunei,,ms,wikisource,https://ms.wikisource.org/wiki/Pelita%20Brunei,3,may,1,
Kalvanin Kadhali,Kalki Krishnamurthy,ta,wikisource,https://ta.wikisource.org/wiki/%E0%AE%95%E0%AE%B3%E0%AF%8D%E0%AE%B5%E0%AE%A9%E0%AE%BF%E0%AE%A9%E0%AF%8D%20%E0%AE%95%E0%AE%BE%E0%AE%A4%E0%AE%B2%E0%AE%BF,3,tam,1,
Sivagamiyin Sapatham,Kalki Krishnamurthy,ta,wikisource,https://ta.wikisource.org/wiki/%E0%AE%9A%E0%AE%BF%E0%AE%B5%E0%AE%95%E0%AE%BE%E0%AE%AE%E0%AE%BF%E0%AE%AF%E0%AE%BF%E0%AE%A9%E0%AF%8D%20%E0%AE%9A%E0%AE%AA%E0%AE%A4%E0%AE%AE%E0%AF%8D,3,tam,1,
Elāti,Kaṇimētāviyār,ta,wikisource,https://ta.wikisource.org/wiki/%E0%AE%8F%E0%AE%B2%E0%AE%BE%E0%AE%A4%E0%AE%BF,3,tam,1,
Kaḷavaḻi Nāṟpatu,Poykaiyār,ta,wikisource,https://ta.wikisource.org/wiki/%E0%AE%95%E0%AE%B3%E0%AE%B5%E0%AE%B4%E0%AE%BF%20%E0%AE%A8%E0%AE%BE%E0%AE%B1%E0%AF%8D%E0%AE%AA%E0%AE%A4%E0%AF%81,3,tam,1,
Tirikaṭukam,Nallataṉār,ta,wikisource,https://ta.wikisource.org/wiki/%E0%AE%A4%E0%AE%BF%E0%AE%B0%E0%AE%BF%E0%AE%95%E0%AE%9F%E0%AF%81%E0%AE%95%E0%AE%AE%E0%AF%8D,3,tam,4,
Nāṉmaṇikkaṭikai,,ta,wikisource,https://ta.wikisource.org/wiki/%E0%AE%A8%E0%AE%BE%E0%AE%A9%E0%AF%8D%E0%AE%AE%E0%AE%A3%E0%AE%BF%E0%AE%95%E0%AF%8D%E0%AE%95%E0%AE%9F%E0%AE%BF%E0%AE%95%E0%AF%88,3,tam,1,
Kainnilai,,ta,wikisource,https://ta.wikisource.org/wiki/%E0%AE%95%E0%AF%88%E0%AE%A8%E0%AF%8D%E0%AE%A8%E0%AE%BF%E0%AE%B2%E0%AF%88,3,tam,1,
Serat Wedhatama,Mangkunegara IV,jv,wikisource,https://jv.wikisource.org/wiki/Serat%20Wedhatama,3,ind; jav,1,
Wewaton Sriwedari,,jv,wikisource,https://jv.wikisource.org/wiki/Wawaton%20panjeratipoen%20temboeng%20Djawi%20mawi%20sastra%20Djawi%20dalasan%20angka,3,jav,1,
I promessi sposi (1840),Alessandro Manzoni,it,wikisource,https://it.wikisource.org/wiki/I%20promessi%20sposi%20%281840%29,3,(none catalogued),2,
L'Esclusa,Luigi Pirandello,it,wikisource,https://it.wikisource.org/wiki/Opera%3AL%27esclusa,3,ita,11,
Satire,Ludovico Ariosto,it,wikisource,https://it.wikisource.org/wiki/Opera%3ASatire%20%28Ariosto%29,3,ita,3,
Merope,Gabriele D'Annunzio,it,wikisource,https://it.wikisource.org/wiki/Merope%20%28D%27Annunzio%29,3,ita,1,
Oreste,Vittorio Alfieri,it,wikisource,https://it.wikisource.org/wiki/Opera%3AOreste%20%28Alfieri%29,3,ita,2,
Strix,Giovanni Francesco Pico della Mirandola,it,wikisource,https://it.wikisource.org/wiki/Libro%20detto%20strega%20o%20delle%20illusioni%20del%20demonio,3,ita; lat,1,
Malombra,Antonio Fogazzaro,it,wikisource,https://it.wikisource.org/wiki/Opera%3AMalombra,3,ita,18,
Abel,Vittorio Alfieri,it,wikisource,https://it.wikisource.org/wiki/Opera%3AAbele%20%28Alfieri%29,3,ita,1,
Il Bel Paese,Antonio Stoppani,it,wikisource,https://it.wikisource.org/wiki/Opera%3AIl%20bel%20paese,3,ita,3,
Canti di Castelvecchio,Giovanni Pascoli,it,wikisource,https://it.wikisource.org/wiki/Canti%20di%20Castelvecchio,3,ita,9,
Mechanics,Galileo Galilei,it,wikisource,https://it.wikisource.org/wiki/Le%20mecaniche,3,(none catalogued),1,
Storia filosofica dei secoli futuri,Ippolito Nievo,it,wikisource,https://it.wikisource.org/wiki/Storia%20filosofica%20dei%20secoli%20futuri,3,ita,3,
L'idea dell'architettura universale,Vincenzo Scamozzi,it,wikisource,https://it.wikisource.org/wiki/L%27idea%20dell%27architettura%20universale%20%281615%29,3,ita,2,
Giovanni Gallurese,,it,wikisource,https://it.wikisource.org/wiki/Opera%3AGiovanni%20Gallurese,3,ita,2,
Il Roccolo,,it,wikisource,https://it.wikisource.org/wiki/Il%20Roccolo,3,ita,2,
Il Brasile e gli Italiani,,it,wikisource,https://it.wikisource.org/wiki/Il%20Brasile%20e%20gli%20Italiani,3,ita,1,
Addio,,it,wikisource,https://it.wikisource.org/wiki/Addio,3,ita,1,
Musica e musicisti,,it,wikisource,https://it.wikisource.org/wiki/Categoria%3AMusica%20e%20Musicisti,3,ita,4,
Rivista Minima,,it,wikisource,https://it.wikisource.org/wiki/Categoria%3ARivista%20Minima,3,ita,2,
Italia Musicale,,it,wikisource,https://it.wikisource.org/wiki/Categoria%3AItalia%20Musicale,3,ita,3,
Raino Parvat,Ramanbhai Nilkanth,gu,wikisource,https://gu.wikisource.org/wiki/%E0%AA%B0%E0%AA%BE%E0%AA%88%E0%AA%A8%E0%AB%8B%20%E0%AA%AA%E0%AA%B0%E0%AB%8D%E0%AA%B5%E0%AA%A4,3,guj,1,
Kusumamala,Narsinhrao Divetia,gu,wikisource,https://gu.wikisource.org/wiki/%E0%AA%95%E0%AB%81%E0%AA%B8%E0%AB%81%E0%AA%AE%E0%AA%AE%E0%AA%BE%E0%AA%B3%E0%AA%BE,3,guj,1,
Warnasari,Lasminingrat,su,wikisource,https://su.wikisource.org/wiki/Warnasari,3,sun,1,
Nevolnyk,Taras Shevchenko,uk,wikisource,https://uk.wikisource.org/wiki/%D0%9D%D0%B5%D0%B2%D0%BE%D0%BB%D1%8C%D0%BD%D0%B8%D0%BA,3,ukr,4,
"Dumy Moi,Dumy Moi",Taras Shevchenko,uk,wikisource,https://uk.wikisource.org/wiki/%D0%94%D1%83%D0%BC%D0%B8%20%D0%BC%D0%BE%D1%97%2C%20%D0%B4%D1%83%D0%BC%D0%B8%20%D0%BC%D0%BE%D1%97%2C%20%D0%92%D0%B8%20%D0%BC%D0%BE%D1%97%20%D1%94%D0%B4%D0%B8%D0%BD%D1%96%E2%80%A6,3,ukr,1,
Boa constrictor,Ivan Franko,uk,wikisource,https://uk.wikisource.org/wiki/Boa%20Constrictor,3,fre; ukr,8,
Fata morgana,Mykhailo Kotsiubynskyi,uk,wikisource,https://uk.wikisource.org/wiki/Fata%20Morgana,3,rus; ukr,2,
Vechernytsi,,uk,wikisource,https://uk.wikisource.org/wiki/%D0%92%D0%B5%D1%87%D0%B5%D1%80%D0%BD%D0%B8%D1%86%D1%A3,3,ukr,1,
Ukrainian Linguistics,,uk,wikisource,https://uk.wikisource.org/wiki/%D0%A3%D0%BA%D1%80%D0%B0%D1%97%D0%BD%D1%81%D1%8C%D0%BA%D0%B5%20%D0%BC%D0%BE%D0%B2%D0%BE%D0%B7%D0%BD%D0%B0%D0%B2%D1%81%D1%82%D0%B2%D0%BE,3,ukr,1,
Instytutka,Marko Vovchok,uk,wikisource,https://uk.wikisource.org/wiki/%D0%86%D0%BD%D1%81%D1%82%D0%B8%D1%82%D1%83%D1%82%D0%BA%D0%B0,3,ukr,2,
Biblioteca pentru toți,,ro,wikisource,https://ro.wikisource.org/wiki/Colec%C8%9Bie%3ABiblioteca%20pentru%20to%C8%9Bi,3,rum,1,
Literatură și știință,,ro,wikisource,https://ro.wikisource.org/wiki/Literatur%C4%83%20%C8%99i%20%C8%99tiin%C8%9B%C4%83,3,rum,1,
Civil and Commercial Code of Thailand,,th,wikisource,https://th.wikisource.org/wiki/%E0%B8%AA%E0%B8%96%E0%B8%B2%E0%B8%99%E0%B8%B5%E0%B8%A2%E0%B9%88%E0%B8%AD%E0%B8%A2%3A%E0%B8%9B%E0%B8%A3%E0%B8%B0%E0%B8%A1%E0%B8%A7%E0%B8%A5%E0%B8%81%E0%B8%8E%E0%B8%AB%E0%B8%A1%E0%B8%B2%E0%B8%A2%E0%B9%81%E0%B8%9E%E0%B9%88%E0%B8%87%E0%B9%81%E0%B8%A5%E0%B8%B0%E0%B8%9E%E0%B8%B2%E0%B8%93%E0%B8%B4%E0%B8%8A%E0%B8%A2%E0%B9%8C,3,tha,2,
Prachum Phongsawadan,,th,wikisource,https://th.wikisource.org/wiki/%E0%B8%9B%E0%B8%A3%E0%B8%B0%E0%B8%8A%E0%B8%B8%E0%B8%A1%E0%B8%9E%E0%B8%87%E0%B8%A8%E0%B8%B2%E0%B8%A7%E0%B8%94%E0%B8%B2%E0%B8%A3,3,tha,4,
Phraratchaphongsawadan Chabap Phraratchahatthalekha,Mongkut; Wongsa Dhiraj Snid,th,wikisource,https://th.wikisource.org/wiki/%E0%B8%9E%E0%B8%A3%E0%B8%B0%E0%B8%A3%E0%B8%B2%E0%B8%8A%E0%B8%9E%E0%B8%87%E0%B8%A8%E0%B8%B2%E0%B8%A7%E0%B8%94%E0%B8%B2%E0%B8%A3%20%E0%B8%89%E0%B8%9A%E0%B8%B1%E0%B8%9A%E0%B8%9E%E0%B8%A3%E0%B8%B0%E0%B8%A3%E0%B8%B2%E0%B8%8A%E0%B8%AB%E0%B8%B1%E0%B8%95%E0%B8%96%E0%B9%80%E0%B8%A5%E0%B8%82%E0%B8%B2,3,tha,1,verify original language: multiple authors credited
Los ladrones de Londres,Charles Dickens,es,gutenberg,https://www.gutenberg.org/ebooks/62201,2,spa,1,
Invertebrate Spain,José Ortega y Gasset,es,gutenberg,https://www.gutenberg.org/ebooks/57982,2,(none catalogued),1,
Romancero selecto del Cid,,es,gutenberg,https://www.gutenberg.org/ebooks/57648,2,spa,2,
Aja'ib al-Maqdur fi Akhbar Taymur,Ahmad ibn Arabshah,ar,wikisource,https://ar.wikisource.org/wiki/%D8%B9%D8%AC%D8%A7%D8%A6%D8%A8%20%D8%A7%D9%84%D9%85%D9%82%D8%AF%D9%88%D8%B1%20%D9%81%D9%8A%20%D8%A3%D8%AE%D8%A8%D8%A7%D8%B1%20%D8%AA%D9%8A%D9%85%D9%88%D8%B1,2,urd,2,
Tāj al-lughah wa-ṣiḥāḥ al-ʻArabīyah,Ismail ibn Hammad al-Jawhari,ar,wikisource,https://ar.wikisource.org/wiki/%D8%A7%D9%84%D8%B5%D8%AD%D8%A7%D8%AD%20%D9%81%D9%8A%20%D8%A7%D9%84%D9%84%D8%BA%D8%A9,2,ara,1,
al-Miṣbāḥ al-munīr fī Gharīb al-sharḥ al-kabīr,Ahmad ibn Muhammad Fayyumi; Alfayuuwmy,ar,wikisource,https://ar.wikisource.org/wiki/%D8%A7%D9%84%D9%85%D8%B5%D8%A8%D8%A7%D8%AD%20%D8%A7%D9%84%D9%85%D9%86%D9%8A%D8%B1,2,ara,1,verify original language: multiple authors credited
al-Jāsūs ʻalá al-Qāmūs,Ahmad Faris al-Shidyaq,ar,wikisource,https://ar.wikisource.org/wiki/%D8%A7%D9%84%D8%AC%D8%A7%D8%B3%D9%88%D8%B3%20%D8%B9%D9%84%D9%89%20%D8%A7%D9%84%D9%82%D8%A7%D9%85%D9%88%D8%B3,2,ara,1,
al-Faqih wa al-Mutafaqqih,Al-Khatib al-Baghdadi,ar,wikisource,https://ar.wikisource.org/wiki/%D8%A7%D9%84%D9%81%D9%82%D9%8A%D9%87%20%D9%88%D8%A7%D9%84%D9%85%D8%AA%D9%81%D9%82%D9%87,2,ara,4,
Dustūr al-ʻulamāʼ,ʻAbd al-Nabī ʻAbd al-Rasūl al-Aḥmadnagarī,ar,wikisource,https://ar.wikisource.org/wiki/%D8%AF%D8%B3%D8%AA%D9%88%D8%B1%20%D8%A7%D9%84%D8%B9%D9%84%D9%85%D8%A7%D8%A1,2,ara,1,
Ghabat al-Haqq,Francis Marrash,ar,wikisource,https://ar.wikisource.org/wiki/%D8%BA%D8%A7%D8%A8%D8%A9%20%D8%A7%D9%84%D8%AD%D9%82%20%D9%81%D9%8A%20%D8%AA%D9%81%D8%B5%D9%8A%D9%84%20%D8%A7%D9%84%D8%A3%D8%AE%D9%84%D8%A7%D9%82%20%D8%A7%D9%84%D9%81%D8%A7%D8%B6%D9%84%D8%A9,2,ara,1,
Mashhad al-Ahwal,Francis Marrash,ar,wikisource,https://ar.wikisource.org/wiki/%D9%85%D8%B4%D9%87%D8%AF%20%D8%A7%D9%84%D8%A3%D8%AD%D9%88%D8%A7%D9%84,2,ara,1,
Al-Tijan,Wahb ibn Munabbih,ar,wikisource,https://ar.wikisource.org/wiki/%D9%81%D9%87%D8%B1%D8%B3%3A%D8%A7%D9%84%D8%AA%D9%8A%D8%AC%D8%A7%D9%86%20%D9%81%D9%8A%20%D9%85%D9%84%D9%88%D9%83%20%D8%AD%D9%85%D9%8A%D8%B1.pdf,2,ara,1,
Rajarshi,Rabindranath Tagore,bn,wikisource,https://bn.wikisource.org/wiki/%E0%A6%B0%E0%A6%9A%E0%A6%A8%E0%A6%BE%3A%E0%A6%B0%E0%A6%BE%E0%A6%9C%E0%A6%B0%E0%A7%8D%E0%A6%B7%E0%A6%BF,2,ben,1,
Galpaguccha,Rabindranath Tagore,bn,wikisource,https://bn.wikisource.org/wiki/%E0%A6%B0%E0%A6%9A%E0%A6%A8%E0%A6%BE%3A%E0%A6%97%E0%A6%B2%E0%A7%8D%E0%A6%AA%E0%A6%97%E0%A7%81%E0%A6%9A%E0%A7%8D%E0%A6%9B,2,ben,1,
Kadambari,Bāṇabhaṭṭa; Bhushanbhatta,bn,wikisource,https://bn.wikisource.org/wiki/%E0%A6%95%E0%A6%BE%E0%A6%A6%E0%A6%AE%E0%A7%8D%E0%A6%AC%E0%A6%B0%E0%A7%80%20%28%E0%A6%A4%E0%A6%BE%E0%A6%B0%E0%A6%BE%E0%A6%B6%E0%A6%99%E0%A7%8D%E0%A6%95%E0%A6%B0%20%E0%A6%A4%E0%A6%B0%E0%A7%8D%E0%A6%95%E0%A6%B0%E0%A6%A4%E0%A7%8D%E0%A6%A8%2C%20%E0%A7%A7%E0%A7%AE%E0%A7%AF%E0%A7%A8%29,2,hin,2,verify original language: multiple authors credited
Biraj bou,Sarat Chandra Chattopadhyay,bn,wikisource,https://bn.wikisource.org/wiki/%E0%A6%B0%E0%A6%9A%E0%A6%A8%E0%A6%BE%3A%E0%A6%AC%E0%A6%BF%E0%A6%B0%E0%A6%BE%E0%A6%9C%20%E0%A6%AC%E0%A7%8C,2,ben,1,
Palli-samaj,Sarat Chandra Chattopadhyay,bn,wikisource,https://bn.wikisource.org/wiki/%E0%A6%B0%E0%A6%9A%E0%A6%A8%E0%A6%BE%3A%E0%A6%AA%E0%A6%B2%E0%A7%8D%E0%A6%B2%E0%A7%80-%E0%A6%B8%E0%A6%AE%E0%A6%BE%E0%A6%9C,2,ben,1,
Char Adhyay,Rabindranath Tagore,bn,wikisource,https://bn.wikisource.org/wiki/%E0%A6%B0%E0%A6%9A%E0%A6%A8%E0%A6%BE%3A%E0%A6%9A%E0%A6%BE%E0%A6%B0%20%E0%A6%85%E0%A6%A7%E0%A7%8D%E0%A6%AF%E0%A6%BE%E0%A6%AF%E0%A6%BC,2,guj,1,
Ocidentais,Machado de Assis,pt,wikisource,https://pt.wikisource.org/wiki/Ocidentais,2,por,1,
Americanas,Machado de Assis,pt,wikisource,https://pt.wikisource.org/wiki/Americanas,2,por,2,
Há uma Gota de Sangue em Cada Poema,Mário de Andrade,pt,wikisource,https://pt.wikisource.org/wiki/Ha%20uma%20Gota%20de%20Sangue%20em%20Cada%20Poema,2,por,1,
Crisálidas,Machado de Assis,pt,wikisource,https://pt.wikisource.org/wiki/Chrysalidas,2,por,1,
Negrinha,Monteiro Lobato,pt,wikisource,https://pt.wikisource.org/wiki/Negrinha,2,por,3,
Ao Correr da Pena,José de Alencar,pt,wikisource,https://pt.wikisource.org/wiki/Ao%20Correr%20da%20Pena,2,por,2,
O Velho da Horta,Gil Vicente,pt,wikisource,https://pt.wikisource.org/wiki/O%20Velho%20da%20Horta,2,por,1,
Uma família ingleza,Júlio Dinis,pt,wikisource,https://pt.wikisource.org/wiki/Uma%20Fam%C3%ADlia%20Ingleza,2,por,3,
Auto da Índia,Gil Vicente,pt,wikisource,https://pt.wikisource.org/wiki/Auto%20da%20%C3%8Dndia,2,por,6,
Auto da Lusitânia,Gil Vicente,pt,wikisource,https://pt.wikisource.org/wiki/Auto%20da%20Lusit%C3%A2nia,2,por,1,
A Menina do Narizinho Arrebitado,Monteiro Lobato,pt,wikisource,https://pt.wikisource.org/wiki/A%20Menina%20do%20Narizinho%20Arrebitado,2,por,3,
Os Escravos,Antônio Frederico de Castro Alves,pt,wikisource,https://pt.wikisource.org/wiki/Os%20Escravos,2,por,1,
Arte da Língua Brasílica,Luís Figueira,pt,wikisource,https://pt.wikisource.org/wiki/Arte%20da%20Lingua%20Brasilica,2,por,1,
Quem,,pt,wikisource,https://pt.wikisource.org/wiki/Quem%2C%20Senhora%2C%20presume%20de%20louvar-vos,2,por,1,
Revista do Instituto do Ceará,,pt,wikisource,https://pt.wikisource.org/wiki/Portal%3ARevista%20do%20Instituto%20do%20Cear%C3%A1,2,por,1,
Mémoires de Monsieur d'Artagnan,Gatien de Courtilz de Sandras,fr,gutenberg,https://www.gutenberg.org/ebooks/27878,2,fre,1,
Inu to fue,Ryūnosuke Akutagawa,ja,wikisource,https://ja.wikisource.org/wiki/%E7%8A%AC%E3%81%A8%E7%AC%9B,2,jpn,1,
Genkaku Sanbō,Ryūnosuke Akutagawa,ja,wikisource,https://ja.wikisource.org/wiki/%E7%8E%84%E9%B6%B4%E5%B1%B1%E6%88%BF,2,jpn,1,
Yuku Kumo,Ichiyō Higuchi,ja,wikisource,https://ja.wikisource.org/wiki/%E3%82%86%E3%81%8F%E9%9B%B2,2,jpn,1,
Utakata no ki,Mori Ōgai,ja,wikisource,https://ja.wikisource.org/wiki/%E3%81%86%E3%81%9F%E3%81%8B%E3%81%9F%E3%81%AE%E8%A8%98,2,ger; jpn,2,
Sansho dayu,Mori Ōgai,ja,wikisource,https://ja.wikisource.org/wiki/%E5%B1%B1%E6%A4%92%E5%A4%A7%E5%A4%AB,2,jpn,2,
Seinen,Mori Ōgai,ja,wikisource,https://ja.wikisource.org/wiki/%E9%9D%92%E5%B9%B4%20%28%E6%A3%AE%E9%B4%8E%E5%A4%96%29,2,jpn,3,
Ware wa Umi no Ko,,ja,wikisource,https://ja.wikisource.org/wiki/%E6%88%91%E3%81%AF%E6%B5%B7%E3%81%AE%E5%AD%90,2,jpn,1,
Commodity Derivatives Transaction Act,,ja,wikisource,https://ja.wikisource.org/wiki/%E5%95%86%E5%93%81%E5%85%88%E7%89%A9%E5%8F%96%E5%BC%95%E6%B3%95,2,(none catalogued),1,
Act on Criminal Trials with the Participation of Saiban-in,,ja,wikisource,https://ja.wikisource.org/wiki/%E8%A3%81%E5%88%A4%E5%93%A1%E3%81%AE%E5%8F%82%E5%8A%A0%E3%81%99%E3%82%8B%E5%88%91%E4%BA%8B%E8%A3%81%E5%88%A4%E3%81%AB%E9%96%A2%E3%81%99%E3%82%8B%E6%B3%95%E5%BE%8B,2,(none catalogued),1,
Petition Act,,ja,wikisource,https://ja.wikisource.org/wiki/%E8%AB%8B%E9%A1%98%E6%B3%95,2,fre,2,
Postal Act,,ja,wikisource,https://ja.wikisource.org/wiki/%E9%83%B5%E4%BE%BF%E6%B3%95,2,fre,3,
Railway Business Act,,ja,wikisource,https://ja.wikisource.org/wiki/%E9%89%84%E9%81%93%E4%BA%8B%E6%A5%AD%E6%B3%95,2,(none catalogued),1,
雪,,ja,wikisource,https://ja.wikisource.org/wiki/%E9%9B%AA%20%28%E7%AB%A5%E8%AC%A1%29,2,jpn,1,
Deposit Insurance Act,,ja,wikisource,https://ja.wikisource.org/wiki/%E9%A0%90%E9%87%91%E4%BF%9D%E9%99%BA%E6%B3%95,2,(none catalogued),1,
Hamabe no Uta,,ja,wikisource,https://ja.wikisource.org/wiki/%E6%B5%9C%E8%BE%BA%E3%81%AE%E6%AD%8C,2,jpn,1,
Law of Election for the Members of the House of Representatives,,ja,wikisource,https://ja.wikisource.org/wiki/%E8%A1%86%E8%AD%B0%E9%99%A2%E8%AD%B0%E5%93%A1%E9%81%B8%E6%93%A7%E6%B3%95,2,mul,1,
Bhaskara Ramayanamu,Hulakki Bhaskarudu,te,wikisource,https://te.wikisource.org/wiki/%E0%B0%AD%E0%B0%BE%E0%B0%B8%E0%B1%8D%E0%B0%95%E0%B0%B0%E0%B0%B0%E0%B0%BE%E0%B0%AE%E0%B0%BE%E0%B0%AF%E0%B0%A3%E0%B0%AE%E0%B1%81,2,tel,1,
Gopinatha Ramayanamu,Gōpīnāthamu Vēṅkaṭakavi,te,wikisource,https://te.wikisource.org/wiki/%E0%B0%97%E0%B1%8B%E0%B0%AA%E0%B1%80%E0%B0%A8%E0%B0%BE%E0%B0%A5%20%E0%B0%B0%E0%B0%BE%E0%B0%AE%E0%B0%BE%E0%B0%AF%E0%B0%A3%E0%B0%AE%E0%B1%81,2,tel,1,
A Collection of Telugu Proverbs,,te,wikisource,https://te.wikisource.org/wiki/%E0%B0%86%E0%B0%82%E0%B0%A7%E0%B1%8D%E0%B0%B0%E0%B0%B2%E0%B1%8B%E0%B0%95%E0%B1%8B%E0%B0%95%E0%B1%8D%E0%B0%A4%E0%B0%BF%E0%B0%9A%E0%B0%82%E0%B0%A6%E0%B1%8D%E0%B0%B0%E0%B0%BF%E0%B0%95,2,(none catalogued),1,
Śukasaptati,,te,wikisource,https://te.wikisource.org/wiki/%E0%B0%B6%E0%B1%81%E0%B0%95%E0%B0%B8%E0%B0%AA%E0%B1%8D%E0%B0%A4%E0%B0%A4%E0%B0%BF,2,ben,2,
Telugutalli,,te,wikisource,https://te.wikisource.org/wiki/%E0%B0%A4%E0%B1%86%E0%B0%B2%E0%B1%81%E0%B0%97%E0%B1%81%E0%B0%A4%E0%B0%B2%E0%B1%8D%E0%B0%B2%E0%B0%BF,2,tel,1,
Prabuddhandhra,,te,wikisource,https://te.wikisource.org/wiki/%E0%B0%AA%E0%B1%8D%E0%B0%B0%E0%B0%AC%E0%B1%81%E0%B0%A6%E0%B1%8D%E0%B0%A7%E0%B0%BE%E0%B0%82%E0%B0%A7%E0%B1%8D%E0%B0%B0%20%E0%B0%AE%E0%B0%BE%E0%B0%B8%E0%B0%AA%E0%B0%A4%E0%B1%8D%E0%B0%B0%E0%B0%BF%E0%B0%95,2,tel,1,
Kusalavopakhyanamu,,te,wikisource,https://te.wikisource.org/wiki/%E0%B0%95%E0%B1%81%E0%B0%B6%E0%B0%B2%E0%B0%B5%E0%B1%8B%E0%B0%AA%E0%B0%BE%E0%B0%96%E0%B1%8D%E0%B0%AF%E0%B0%BE%E0%B0%A8%E0%B0%AE%E0%B1%81,2,tel,1,
Yamuna Vijaya Vilasamu,,te,wikisource,https://te.wikisource.org/wiki/%E0%B0%AF%E0%B0%BE%E0%B0%AE%E0%B1%81%E0%B0%A8%E0%B0%B5%E0%B0%BF%E0%B0%9C%E0%B0%AF%E0%B0%B5%E0%B0%BF%E0%B0%B2%E0%B0%BE%E0%B0%B8%E0%B0%AE%E0%B1%81,2,tel,1,
Heartlessness,Yi Kwang-su,ko,wikisource,https://ko.wikisource.org/wiki/%EB%AC%B4%EC%A0%95,2,kor,1,
Nim ui Chimmuk,Han Yong-un,ko,wikisource,https://ko.wikisource.org/wiki/%EB%8B%98%EC%9D%98%20%EC%B9%A8%EB%AC%B5%2F%EB%8B%98%EC%9D%98%20%EC%B9%A8%EB%AC%B5,2,kor,8,
Tam quốc diễn nghĩa,Luo Guanzhong,vi,wikisource,https://vi.wikisource.org/wiki/Tam%20qu%E1%BB%91c%20di%E1%BB%85n%20ngh%C4%A9a%20%28Nguy%E1%BB%85n%20An%20C%C6%B0%20d%E1%BB%8Bch%29,2,vie,1,
I Robinson italiani,Emilio Salgari,it,gutenberg,https://www.gutenberg.org/ebooks/61209,2,ita,1,
Il carcere,Cesare Pavese,it,wikisource,https://it.wikisource.org/wiki/Opera%3AIl%20carcere,2,ita,1,
I racconti delle fate,Charles Perrault; Madame d'Aulnoy; Jeanne Marie Leprince de Beaumont,it,wikisource,https://it.wikisource.org/wiki/I%20racconti%20delle%20fate,2,ita,1,verify original language: multiple authors credited
lezioni di analisi matematica,Guido Fubini,it,wikisource,https://it.wikisource.org/wiki/Lezioni%20di%20analisi%20matematica,2,ita,3,
Le Grazie,Ugo Foscolo,it,wikisource,https://it.wikisource.org/wiki/Opera%3ALe%20Grazie,2,ita,3,
Levia Gravia,Giosuè Carducci,it,wikisource,https://it.wikisource.org/wiki/Levia%20Gravia,2,ita,2,
Giambi ed Epodi,Giosuè Carducci,it,wikisource,https://it.wikisource.org/wiki/Giambi%20ed%20epodi,2,ita,2,
Rime nuove,Giosuè Carducci,it,wikisource,https://it.wikisource.org/wiki/Rime%20nuove,2,ita,2,
Eva,Giovanni Verga,it,wikisource,https://it.wikisource.org/wiki/Opera%3AEva,2,ita,5,
Laudi,Gabriele D'Annunzio,it,wikisource,https://it.wikisource.org/wiki/Laudi,2,ita,11,
Maia,Gabriele D'Annunzio,it,wikisource,https://it.wikisource.org/wiki/Maia,2,ita,3,
Merope,Vittorio Alfieri,it,wikisource,https://it.wikisource.org/wiki/Opera%3AMerope%20%28Alfieri%29,2,ita,1,
Myrrha,Vittorio Alfieri,it,wikisource,https://it.wikisource.org/wiki/Opera%3AMirra%20%28Alfieri%29,2,ger; ita,1,
Polinices,Vittorio Alfieri,it,wikisource,https://it.wikisource.org/wiki/Opera%3APolinice%20%28Alfieri%29,2,ita,2,
Rosmunda,Vittorio Alfieri,it,wikisource,https://it.wikisource.org/wiki/Opera%3ARosmunda%20%28Alfieri%29,2,ita,1,
Prose nelle quali si ragiona della volgar lingua,Pietro Bembo,it,wikisource,https://it.wikisource.org/wiki/Prose%20della%20volgar%20lingua,2,ita,2,
C'era una volta... Fiabe,Luigi Capuana,it,wikisource,https://it.wikisource.org/wiki/C%27era%20una%20volta...%20Fiabe,2,ita,3,
Leggenda eterna,Vittoria Aganoor,it,wikisource,https://it.wikisource.org/wiki/Leggenda%20eterna,2,ita,2,
Antigone,Vittorio Alfieri,it,wikisource,https://it.wikisource.org/wiki/Opera%3AAntigone%20%28Alfieri%29,2,ita,3,
Della tirannide,Vittorio Alfieri,it,wikisource,https://it.wikisource.org/wiki/Opera%3ADella%20tirannide,2,ita,2,
Myricae,Giovanni Pascoli,it,wikisource,https://it.wikisource.org/wiki/Myricae,2,ita,10,
Elementi di pittura,Leon Battista Alberti,it,wikisource,https://it.wikisource.org/wiki/Elementi%20di%20pittura,2,ita,2,
Pianto della Madonna,Jacopone da Todi,it,wikisource,https://it.wikisource.org/wiki/Opera%3APianto%20della%20Madonna,2,ita,1,
La fine di un Regno,Raffaele de Cesare,it,wikisource,https://it.wikisource.org/wiki/Opera%3ALa%20fine%20di%20un%20regno,2,ita,2,
Le antichità romane,Giovanni Battista Piranesi,it,wikisource,https://it.wikisource.org/wiki/Le%20antichit%C3%A0%20Romane%20%28Piranesi%29,2,ita,2,
Eufemio da Messina,Silvio Pellico,it,wikisource,https://it.wikisource.org/wiki/Opera%3AEufemio%20da%20Messina,2,ita,1,
Timoleon,Vittorio Alfieri,it,wikisource,https://it.wikisource.org/wiki/Opera%3ATimoleone%20%28Alfieri%29,2,ita,1,
Virginia,Vittorio Alfieri,it,wikisource,https://it.wikisource.org/wiki/Opera%3AVirginia%20%28Alfieri%29,2,ita,1,
Guida di Pompei illustrata,Francesco Morlicchio,it,wikisource,https://it.wikisource.org/wiki/Guida%20di%20Pompei%20illustrata,2,ita,1,
Historia della sacra real maestà di Christina Alessandra regina di Suetia ...,Galeazzo Gualdo Priorato,it,wikisource,https://it.wikisource.org/wiki/Historia%20della%20Sacra%20Real%20Maest%C3%A0%20di%20Christina%20Alessandra%20Regina%20di%20Svetia,2,lat,1,
Famiglia De-Tappetti,Luigi Arnaldo Vassallo,it,wikisource,https://it.wikisource.org/wiki/La%20Famiglia%20De-Tappetti,2,ita,2,
Opere latine minori,Giovanni Boccaccio,it,wikisource,https://it.wikisource.org/wiki/Opere%20latine%20minori%20%28Boccaccio%29,2,ita,1,
516 proverbi sul cavallo,Carlo Volpini,it,wikisource,https://it.wikisource.org/wiki/516%20proverbi%20sul%20cavallo,2,ita,1,
Astronomia,Norman Lockyer,it,wikisource,https://it.wikisource.org/wiki/Astronomia,2,spa,1,
Comedìa,Dante Alighieri,it,wikisource,https://it.wikisource.org/wiki/Indice%3AAlighieri%20-%20Comed%C3%ACa%2C%20Foligno%2C%201472.djvu,2,spa,4,
Poetica descritione d'intorno all'inventioni della sbarra combattuta in Fiorenza nel cortile del palagio de' Pitti in honore della sereniss. signora Bianca Cappello gran duchessa di Toscana,Cosimo Gaci,it,wikisource,https://it.wikisource.org/wiki/Poetica%20descritione%20d%27intorno%20all%27inventioni%20della%20sbarra%20combattuta%20in%20Fiorenza,2,ita,1,
Re Orso,Arrigo Boito,it,wikisource,https://it.wikisource.org/wiki/Re%20Orso,2,ita,1,
Trofeo o sia magnifica colonna,Giovanni Battista Piranesi,it,wikisource,https://it.wikisource.org/wiki/Trofeo%20o%20sia%20magnifica%20colonna%20...,2,ita,1,
Vedute di Roma,Giovanni Battista Piranesi,it,wikisource,https://it.wikisource.org/wiki/Vedute%20di%20Roma%20%28Piranesi%29,2,ger; ita,4,
Raccolta de' tempj antichi,Francesco Piranesi,it,wikisource,https://it.wikisource.org/wiki/Raccolta%20de%27%20tempj%20antichi%20%28Piranesi%29,2,ita,2,
Sonetti dei mesi,Folgóre da San Gimignano,it,wikisource,https://it.wikisource.org/wiki/Sonetti%20dei%20mesi,2,ita,1,
Questioni Pompeiane,Raffaele Garrucci,it,wikisource,https://it.wikisource.org/wiki/Questioni%20Pompeiane,2,ita,1,
"Piceno Annonario, ossia Gallia Senonia illustrata",Antonio Brandimarte,it,wikisource,https://it.wikisource.org/wiki/Piceno%20Annonario%2C%20ossia%20Gallia%20Senonia%20illustrata,2,ita,2,
San Pantaleone,Gabriele D'Annunzio,it,wikisource,https://it.wikisource.org/wiki/San%20Pantaleone,2,ita,2,
Pompeo in Egitto,Giacomo Leopardi,it,wikisource,https://it.wikisource.org/wiki/Opera%3APompeo%20in%20Egitto,2,ita,1,
Amore e Morte,Giacomo Leopardi,it,wikisource,https://it.wikisource.org/wiki/Opera%3AAmore%20e%20Morte,2,ita,1,
L'alfier nero,Arrigo Boito,it,wikisource,https://it.wikisource.org/wiki/L%27alfier%20nero,2,ita,1,
Codifica numerica del segnale audio,Pietro Valocchi; Daniele Sereno,it,wikisource,https://it.wikisource.org/wiki/Codifica%20numerica%20del%20segnale%20audio,2,ita,1,verify original language: multiple authors credited
Uxoria,Leon Battista Alberti,it,wikisource,https://it.wikisource.org/wiki/Uxoria,2,ita; lat,1,
Cadore,Antonio Lorenzoni,it,wikisource,https://it.wikisource.org/wiki/Cadore%20%28Lorenzoni%29,2,ita,2,
Alcestis I,Euripides,it,wikisource,https://it.wikisource.org/wiki/Opera%3AAlceste%20prima%20%28Alfieri%29,2,(none catalogued),1,
Sanctissimi Domini Nostri Pii divina providentia papae VII allocutio habita in consistorio secreto feria secunda die XXIX Octobris MDCCCIV,Pius VII,it,wikisource,https://it.wikisource.org/wiki/Allorquando%20vi%20annunziammo,2,lat,1,
Stella mattutina,Ada Negri,it,wikisource,https://it.wikisource.org/wiki/Stella%20mattutina,2,ita,3,
In risaia,Maria Antonietta Torriani,it,wikisource,https://it.wikisource.org/wiki/Indice%3ATorriani%20-%20In%20risaia%2C%20Milano%2C%20Galli%2C%201890.djvu,2,ita,7,
Guida illustrata di Montepiano e sue adiacenze,Ranieri Agostini,it,wikisource,https://it.wikisource.org/wiki/Guida%20illustrata%20di%20Montepiano%20e%20sue%20adiacenze,2,(none catalogued),1,
Sul cappello,,it,wikisource,https://it.wikisource.org/wiki/Sul%20cappello,2,ita,1,
All'armi!,,it,wikisource,https://it.wikisource.org/wiki/All%27armi%20siam%20fascisti,2,ita,1,
Dialoghetti sulle materie correnti nell'anno 1831,,it,wikisource,https://it.wikisource.org/wiki/Dialoghetti%20sulle%20materie%20correnti%20nell%27anno%201831,2,ita,1,
Gli elogi del porco,,it,wikisource,https://it.wikisource.org/wiki/Gli%20elogi%20del%20porco,2,ita,1,
Il mito di Ciparisso,,it,wikisource,https://it.wikisource.org/wiki/Il%20mito%20di%20Ciparisso,2,ita,2,
Il testamento del capitano,,it,wikisource,https://it.wikisource.org/wiki/Il%20testamento%20del%20capitano,2,ita,1,
Le rime di M. Francesco Petrarca,,it,wikisource,https://it.wikisource.org/wiki/Le%20rime%20di%20M.%20Francesco%20Petrarca,2,ita,1,
Memorie per servire alla vita di Dante Alighieri.,,it,wikisource,https://it.wikisource.org/wiki/Memorie%20per%20servire%20alla%20vita%20di%20Dante%20Alighieri,2,ita,1,
Memorie storiche della città e marchesato di Ceva,,it,wikisource,https://it.wikisource.org/wiki/Memorie%20storiche%20della%20citt%C3%A0%20e%20marchesato%20di%20Ceva,2,(none catalogued),1,
Lapidario Romano dei Musei Civici di Modena,,it,wikisource,https://it.wikisource.org/wiki/Lapidario%20Romano%20dei%20Musei%20Civici%20di%20Modena,2,ita,1,
Il buon cuore,,it,wikisource,https://it.wikisource.org/wiki/Il%20buon%20cuore,2,ita,2,
Le donne non ci vogliono più bene,,it,wikisource,https://it.wikisource.org/wiki/Le%20donne%20non%20ci%20vogliono%20pi%C3%B9%20bene,2,ita,1,
Il buon cuore,,it,wikisource,https://it.wikisource.org/wiki/Il%20buon%20cuore%20-%20Numeri%20sciolti,2,ita,2,
Il buon cuore,,it,wikisource,https://it.wikisource.org/wiki/Il%20buon%20cuore%20-%20Anno%20V%20-%201906,2,ita,2,
Il buon cuore,,it,wikisource,https://it.wikisource.org/wiki/Il%20buon%20cuore%20-%20Anno%20XII%20-%201913,2,ita,2,
Il buon cuore,,it,wikisource,https://it.wikisource.org/wiki/Il%20buon%20cuore%20-%20Anno%20XIII%20-%201914,2,ita,2,
Il buon cuore,,it,wikisource,https://it.wikisource.org/wiki/Il%20buon%20cuore%20-%20Anno%20XI%20-%201912,2,ita,2,
Il buon cuore,,it,wikisource,https://it.wikisource.org/wiki/Il%20buon%20cuore%20-%20Anno%20XIV%20-%201915,2,ita,2,
La donna e la scienza,,it,wikisource,https://it.wikisource.org/wiki/La%20donna%20e%20la%20scienza,2,ita,2,
Vyajno Varas,Chunilal Madia,gu,wikisource,https://gu.wikisource.org/wiki/%E0%AA%B5%E0%AB%8D%E0%AA%AF%E0%AA%BE%E0%AA%9C%E0%AA%A8%E0%AB%8B%20%E0%AA%B5%E0%AA%BE%E0%AA%B0%E0%AA%B8,2,guj,1,
The Course of Wisdom in Europe,Mohammad Ali Foroughi,fa,wikisource,https://fa.wikisource.org/wiki/%D8%B3%DB%8C%D8%B1%20%D8%AD%DA%A9%D9%85%D8%AA%20%D8%AF%D8%B1%20%D8%A7%D8%B1%D9%88%D9%BE%D8%A7,2,(none catalogued),1,
Vyakaranamitram,,ml,wikisource,https://ml.wikisource.org/wiki/%E0%B4%B5%E0%B5%8D%E0%B4%AF%E0%B4%BE%E0%B4%95%E0%B4%B0%E0%B4%A3%E0%B4%AE%E0%B4%BF%E0%B4%A4%E0%B5%8D%E0%B4%B0%E0%B4%82,2,mal,1,
Dongeng-dongeng Pieunteungeun,Muhamad Musa,su,wikisource,https://su.wikisource.org/wiki/Dong%C3%A9ng-dong%C3%A9ng%20Pieunteungeun%20%281888%29,2,ind,1,
Babad Sumedang,,su,wikisource,https://su.wikisource.org/wiki/Wawacan%20Babad%20Sumedang,2,map,1,
Panglesu kalbu,,su,wikisource,https://su.wikisource.org/wiki/Panglesu%20Kalbu,2,sun,1,
Wawacan Nimu Luang Tina Burang,,su,wikisource,https://su.wikisource.org/wiki/Wawacan%20Nimu%20Luang%20Tina%20Burang,2,sun,1,
Zapovit,,uk,wikisource,https://uk.wikisource.org/wiki/%D0%9A%D0%BE%D0%B1%D0%B7%D0%B0%D1%80%D1%8C%20%281876%29%2F%D0%A2%D0%BE%D0%BC%202%2F%D0%97%D0%B0%D0%BF%D0%BE%D0%B2%D1%96%D1%82,2,mul; ukr,5,
Fire de tort,George Coșbuc,ro,wikisource,https://ro.wikisource.org/wiki/Fire%20de%20tort,2,ita; rum,2,
România pitorească,Alexandru Vlahuță,ro,wikisource,https://ro.wikisource.org/wiki/Rom%C3%A2nia%20pitoreasc%C4%83,2,rum,1,
Tănase Scatiu,Duiliu Zamfirescu,ro,wikisource,https://ro.wikisource.org/wiki/T%C4%83nase%20Scatiu,2,rum,1,
Viața la țară,Duiliu Zamfirescu,ro,wikisource,https://ro.wikisource.org/wiki/Via%C8%9Ba%20la%20%C8%9Bar%C4%83,2,rum,7,
Jar,Liviu Rebreanu,ro,wikisource,https://ro.wikisource.org/wiki/Jar,2,rum,2,
Excelsior,Alexandru Macedonski,ro,wikisource,https://ro.wikisource.org/wiki/Excelsior%20%281895%29,2,rum,1,
Ciuleandra,Liviu Rebreanu,ro,wikisource,https://ro.wikisource.org/wiki/Ciuleandra%20%28Rebreanu%29,2,hun,2,
Prachum Kotmai Pracham Sok,,th,wikisource,https://th.wikisource.org/wiki/%E0%B8%9B%E0%B8%A3%E0%B8%B0%E0%B8%8A%E0%B8%B8%E0%B8%A1%E0%B8%81%E0%B8%8E%E0%B8%AB%E0%B8%A1%E0%B8%B2%E0%B8%A2%E0%B8%9B%E0%B8%A3%E0%B8%B0%E0%B8%88%E0%B8%B3%E0%B8%A8%E0%B8%81,2,tha,1,
Tha Din Daeng,Phutthayotfa Chulalok,th,wikisource,https://th.wikisource.org/wiki/%E0%B8%81%E0%B8%A5%E0%B8%AD%E0%B8%99%E0%B9%80%E0%B8%9E%E0%B8%A5%E0%B8%87%E0%B8%A2%E0%B8%B2%E0%B8%A7%E0%B8%99%E0%B8%B4%E0%B8%A3%E0%B8%B2%E0%B8%A8%20%E0%B9%80%E0%B8%A3%E0%B8%B7%E0%B9%88%E0%B8%AD%E0%B8%87%E0%B8%A3%E0%B8%9A%E0%B8%9E%E0%B8%A1%E0%B9%88%E0%B8%B2%E0%B8%97%E0%B8%B5%E0%B9%88%E0%B8%97%E0%B9%88%E0%B8%B2%E0%B8%94%E0%B8%B4%E0%B8%99%E0%B9%81%E0%B8%94%E0%B8%87,2,tha,2,
La Ilíada,Homer,es,gutenberg,https://www.gutenberg.org/ebooks/57654,1,spa,1,
Divertidas aventuras del nieto de Juan Moreira,Roberto Payró,es,gutenberg,https://www.gutenberg.org/ebooks/60634,1,spa,3,
Adab al-mashi ila al-salah,Muhammad ibn Abd al-Wahhab,ar,wikisource,https://ar.wikisource.org/wiki/%D8%A2%D8%AF%D8%A7%D8%A8%20%D8%A7%D9%84%D9%85%D8%B4%D9%8A%20%D8%A5%D9%84%D9%89%20%D8%A7%D9%84%D8%B5%D9%84%D8%A7%D8%A9,1,ara,1,
Rajarshi,Rabindranath Tagore,bn,wikisource,https://bn.wikisource.org/wiki/%E0%A6%B0%E0%A6%BE%E0%A6%9C%E0%A6%B0%E0%A7%8D%E0%A6%B7%E0%A6%BF,1,ben,1,
Arogya,Rabindranath Tagore,bn,wikisource,https://bn.wikisource.org/wiki/%E0%A6%86%E0%A6%B0%E0%A7%8B%E0%A6%97%E0%A7%8D%E0%A6%AF%20%28%E0%A6%B0%E0%A6%AC%E0%A7%80%E0%A6%A8%E0%A7%8D%E0%A6%A6%E0%A7%8D%E0%A6%B0%E0%A6%A8%E0%A6%BE%E0%A6%A5%20%E0%A6%A0%E0%A6%BE%E0%A6%95%E0%A7%81%E0%A6%B0%2C%20%E0%A7%A7%E0%A7%AF%E0%A7%AA%E0%A7%A9%29,1,ben,1,
Kabuliwala,Rabindranath Tagore,bn,wikisource,https://bn.wikisource.org/wiki/%E0%A6%97%E0%A6%B2%E0%A7%8D%E0%A6%AA%E0%A6%97%E0%A7%81%E0%A6%9A%E0%A7%8D%E0%A6%9B%20%28%E0%A6%AA%E0%A7%8D%E0%A6%B0%E0%A6%A5%E0%A6%AE%20%E0%A6%96%E0%A6%A3%E0%A7%8D%E0%A6%A1%29%2F%E0%A6%95%E0%A6%BE%E0%A6%AC%E0%A7%81%E0%A6%B2%E0%A6%BF%E0%A6%93%E0%A6%AF%E0%A6%BC%E0%A6%BE%E0%A6%B2%E0%A6%BE,1,guj,1,
Paohari Baba,Swami Vivekananda,bn,wikisource,https://bn.wikisource.org/wiki/%E0%A6%AA%E0%A6%93%E0%A6%B9%E0%A6%BE%E0%A6%B0%E0%A7%80%20%E0%A6%AC%E0%A6%BE%E0%A6%AC%E0%A6%BE%20%28%E0%A7%A7%E0%A7%AF%E0%A7%A6%E0%A7%AF%29,1,ben,1,
Buro Angla,Abanindranath Tagore,bn,wikisource,https://bn.wikisource.org/wiki/%E0%A6%AC%E0%A7%81%E0%A6%A1%E0%A6%BC%E0%A7%8B%20%E0%A6%86%E0%A6%82%E0%A6%B2%E0%A6%BE,1,ben,2,
Sonar tari,Rabindranath Tagore,bn,wikisource,https://bn.wikisource.org/wiki/%E0%A6%B8%E0%A7%8B%E0%A6%A8%E0%A6%BE%E0%A6%B0%20%E0%A6%A4%E0%A6%B0%E0%A7%80%20%28%E0%A7%A7%E0%A7%AE%E0%A7%AF%E0%A7%A9%29,1,ben,1,
Nabajatak,Rabindranath Tagore,bn,wikisource,https://bn.wikisource.org/wiki/%E0%A6%A8%E0%A6%AC%E0%A6%9C%E0%A6%BE%E0%A6%A4%E0%A6%95%20%28%E0%A7%A7%E0%A7%AF%E0%A7%AA%E0%A7%A6%29,1,ben,2,
Palamou,Sanjib Chandra Chattopadhyay,bn,wikisource,https://bn.wikisource.org/wiki/%E0%A6%AA%E0%A6%BE%E0%A6%B2%E0%A6%BE%E0%A6%AE%E0%A7%8C,1,(none catalogued),1,
Eneida,Virgil,pt,wikisource,https://pt.wikisource.org/wiki/Eneida%20Brazileira,1,spa,1,
?!,Florbela Espanca,pt,wikisource,https://pt.wikisource.org/wiki/%3F%21,1,por,8,
Alguns Homens do Meu Tempo,Maria Amália Vaz de Carvalho,pt,wikisource,https://pt.wikisource.org/wiki/Alguns%20Homens%20do%20Meu%20Tempo,1,por,2,
A Divorciada,José Augusto Vieira,pt,wikisource,https://pt.wikisource.org/wiki/A%20%22Divorciada%22,1,por,1,
"Fados, canções e dansas de Portugal",João do Rio,pt,wikisource,https://pt.wikisource.org/wiki/Galeria%3AFados%2C%20can%C3%A7%C3%B5es%20e%20dansas%20de%20Portugal.djvu,1,por,2,
Cinematographo,João do Rio,pt,wikisource,https://pt.wikisource.org/wiki/Galeria%3ACinematographo.djvu,1,por,1,
Os dias passam...,João do Rio,pt,wikisource,https://pt.wikisource.org/wiki/Galeria%3AOs%20dias%20passam.djvu,1,por,1,
Dentro da noite,João do Rio,pt,wikisource,https://pt.wikisource.org/wiki/Dentro%20da%20noite%20%28Jo%C3%A3o%20do%20Rio%29,1,por,1,
Os cisnes selvagens,Hans Christian Andersen,pt,wikisource,https://pt.wikisource.org/wiki/Contos%20de%20Andersen%2FOs%20cisnes%20selvagens,1,(none catalogued),1,
Primeiros Cantos,Gonçalves Dias,pt,wikisource,https://pt.wikisource.org/wiki/Primeiros%20Cantos,1,por,1,
Contos de Grimm,Brothers Grimm,pt,wikisource,https://pt.wikisource.org/wiki/Contos%20de%20Grimm,1,por,1,
Tratado da Terra do Brasil,Pero de Magalhães Gândavo,pt,wikisource,https://pt.wikisource.org/wiki/Tratado%20da%20Terra%20do%20Brasil,1,por,3,
Inspirações do Claustro,Junqueira Freire,pt,wikisource,https://pt.wikisource.org/wiki/Inspira%C3%A7%C3%B5es%20do%20Claustro,1,por,2,
Ismália,Alphonsus de Guimaraens,pt,wikisource,https://pt.wikisource.org/wiki/Pastoral%20aos%20crentes%20do%20amor%20e%20da%20morte%20%281923%29%2FYsmalia,1,por,1,
O Bobo,Alexandre Herculano,pt,wikisource,https://pt.wikisource.org/wiki/O%20Bobo,1,por,15,
Mulheres e creanças,Maria Amália Vaz de Carvalho,pt,wikisource,https://pt.wikisource.org/wiki/Mulheres%20e%20crean%C3%A7as,1,por,1,
Ozymandias,Percy Bysshe Shelley,pt,wikisource,https://pt.wikisource.org/wiki/Ozymandias%20%28Shelley%29,1,(none catalogued),1,
Les plaisirs et les jours (1896),Marcel Proust,fr,gutenberg,https://www.gutenberg.org/ebooks/58698,1,fre,1,
Les aventures de M. Colin-Tampon,Jules Girardin,fr,gutenberg,https://www.gutenberg.org/ebooks/15593,1,fre,1,
Récits d'une tante,Adèle d'Osmond,fr,gutenberg,https://www.gutenberg.org/ebooks/30912,1,fre,1,
Biografi Tokoh Kongres Perempuan Indonesia Pertama,,id,wikisource,https://id.wikisource.org/wiki/Biografi%20Tokoh%20Kongres%20Perempuan%20Indonesia%20Pertama,1,ind,1,
Pedoman Penulisan Aksara Jawa,,id,wikisource,https://id.wikisource.org/wiki/Pedoman%20Penulisan%20Aksara%20Jawa,1,ind,1,
Propinsi Sumatera Utara,,id,wikisource,https://id.wikisource.org/wiki/Propinsi%20Sumatera%20Utara,1,ind,1,
Kitab Himpunan Perundang-Undangan Negara Republik Indonesia,,id,wikisource,https://id.wikisource.org/wiki/Kitab%20Himpunan%20Perundang-Undangan%20Negara%20Republik%20Indonesia,1,ind,1,
40 Tahun PKI,,id,wikisource,https://id.wikisource.org/wiki/40%20Tahun%20PKI,1,ind,1,
Heer Waris Shah,Waris Shah,pa,wikisource,https://pa.wikisource.org/wiki/%E0%A8%B9%E0%A9%80%E0%A8%B0%20%E0%A8%B5%E0%A8%BE%E0%A8%B0%E0%A8%B8%E0%A8%B8%E0%A8%BC%E0%A8%BE%E0%A8%B9%20%281900%29,1,pan; urd,2,
Pardesi Dhola,Amarjit Chandan,pa,wikisource,https://pa.wikisource.org/wiki/%EF%BB%BF%E0%A8%AA%E0%A8%B0%E0%A8%A6%E0%A9%87%E0%A8%B8%E0%A9%80%20%E0%A8%A2%E0%A9%8B%E0%A8%B2%E0%A8%BE,1,pan,1,
Punjabi Kavita,,pa,wikisource,https://pa.wikisource.org/wiki/%E0%A8%AA%E0%A9%B0%E0%A8%9C%E0%A8%BE%E0%A8%AC%E0%A9%80%20%E0%A8%95%E0%A8%B5%E0%A8%BF%E0%A8%A4%E0%A8%BE,1,pan,1,
Yugant,Irawati Karve,mr,wikisource,https://mr.wikisource.org/wiki/%E0%A4%AF%E0%A5%81%E0%A4%97%E0%A4%BE%E0%A4%A8%E0%A5%8D%E0%A4%A4,1,guj,1,
Bhovara,Irawati Karve,mr,wikisource,https://mr.wikisource.org/wiki/%E0%A4%AD%E0%A5%8B%E0%A4%B5%E0%A4%B0%E0%A4%BE,1,mar,2,
Paripurti,Irawati Karve,mr,wikisource,https://mr.wikisource.org/wiki/%E0%A4%AA%E0%A4%B0%E0%A4%BF%E0%A4%AA%E0%A5%82%E0%A4%B0%E0%A5%8D%E0%A4%A4%E0%A5%80,1,mar,2,
Andhrulevaru?,Kota Venkatachalam,te,wikisource,https://te.wikisource.org/wiki/%E0%B0%86%E0%B0%82%E0%B0%A7%E0%B1%8D%E0%B0%B0%E0%B1%81%E0%B0%B2%E0%B1%86%E0%B0%B5%E0%B0%B0%E0%B1%81%3F,1,tel,2,
Brahma Vidya Darpanamu,Chittamuru Ramaiah,te,wikisource,https://te.wikisource.org/wiki/%E0%B0%AC%E0%B1%8D%E0%B0%B0%E0%B0%B9%E0%B1%8D%E0%B0%AE%E0%B0%B5%E0%B0%BF%E0%B0%A6%E0%B1%8D%E0%B0%AF%E0%B0%BE%E0%B0%A6%E0%B0%B0%E0%B1%8D%E0%B0%AA%E0%B0%A3%E0%B0%AE%E0%B1%81,1,tel,3,
Panchali Parinayamu,Kakamani Murthy,te,wikisource,https://te.wikisource.org/wiki/%E0%B0%AA%E0%B0%BE%E0%B0%82%E0%B0%9A%E0%B0%BE%E0%B0%B2%E0%B1%80%E0%B0%AA%E0%B0%B0%E0%B0%BF%E0%B0%A3%E0%B0%AF%E0%B0%AE%E0%B1%81,1,tel,1,
Pancatantramu,Dubagunta Narayana Kavi,te,wikisource,https://te.wikisource.org/wiki/%E0%B0%AA%E0%B0%82%E0%B0%9A%E0%B0%A4%E0%B0%82%E0%B0%A4%E0%B1%8D%E0%B0%B0%E0%B0%AE%E0%B1%81%20%28%E0%B0%A6%E0%B1%82%E0%B0%AC%E0%B0%97%E0%B1%81%E0%B0%82%E0%B0%9F%20%E0%B0%A8%E0%B0%BE%E0%B0%B0%E0%B0%BE%E0%B0%AF%E0%B0%A3%29,1,tel,2,
Nirvacanottara Ramayanamu,Tikkana,te,wikisource,https://te.wikisource.org/wiki/%E0%B0%A8%E0%B0%BF%E0%B0%B0%E0%B1%8D%E0%B0%B5%E0%B0%9A%E0%B0%A8%E0%B1%8B%E0%B0%A4%E0%B1%8D%E0%B0%A4%E0%B0%B0%E0%B0%B0%E0%B0%BE%E0%B0%AE%E0%B0%BE%E0%B0%AF%E0%B0%A3%E0%B0%AE%E0%B1%81,1,tel,1,
도덕경,,ko,wikisource,https://ko.wikisource.org/wiki/%EB%B2%88%EC%97%AD%3A%EB%8F%84%EB%8D%95%EA%B2%BD,1,kor,1,
Panduan Guru,,ms,wikisource,https://ms.wikisource.org/wiki/Panduan%20Guru,1,ind,1,
Holbein der jüngere,Hermann Knackfuß,de,gutenberg,https://www.gutenberg.org/ebooks/62389,1,ger,4,
Velazquez,Hermann Knackfuß,de,gutenberg,https://www.gutenberg.org/ebooks/58543,1,ger,3,
Đạo Đức kinh,,vi,wikisource,https://vi.wikisource.org/wiki/%C4%90%E1%BA%A1o%20%C4%90%E1%BB%A9c%20kinh,1,vie,2,
Tỳ bà hành,,vi,wikisource,https://vi.wikisource.org/wiki/T%E1%BB%B3%20b%C3%A0%20h%C3%A0nh,1,vie,1,
Ponnoli,C. N. Annadurai,ta,wikisource,https://ta.wikisource.org/wiki/%E0%AE%AA%E0%AF%8A%E0%AE%A9%E0%AF%8D%E0%AE%A9%E0%AF%8A%E0%AE%B3%E0%AE%BF,1,tam,1,
Mukkani,C. N. Annadurai,ta,wikisource,https://ta.wikisource.org/wiki/%E0%AE%AE%E0%AF%81%E0%AE%95%E0%AF%8D%E0%AE%95%E0%AE%A9%E0%AE%BF,1,tam,1,
Velaikkari,C. N. Annadurai,ta,wikisource,https://ta.wikisource.org/wiki/%E0%AE%B5%E0%AF%87%E0%AE%B2%E0%AF%88%E0%AE%95%E0%AF%8D%E0%AE%95%E0%AE%BE%E0%AE%B0%E0%AE%BF,1,tam,1,
Or Iravu,C. N. Annadurai,ta,wikisource,https://ta.wikisource.org/wiki/%E0%AE%93%E0%AE%B0%E0%AF%8D%20%E0%AE%87%E0%AE%B0%E0%AE%B5%E0%AF%81,1,tam,1,
Ellorum Innattu Mannar,C. N. Annadurai,ta,wikisource,https://ta.wikisource.org/wiki/%E0%AE%8E%E0%AE%B2%E0%AF%8D%E0%AE%B2%E0%AF%8B%E0%AE%B0%E0%AF%81%E0%AE%AE%E0%AF%8D%20%E0%AE%87%E0%AE%A8%E0%AF%8D%E0%AE%A8%E0%AE%BE%E0%AE%9F%E0%AF%8D%E0%AE%9F%E0%AF%81%20%E0%AE%AE%E0%AE%A9%E0%AF%8D%E0%AE%A9%E0%AE%B0%E0%AF%8D,1,tam,1,
Irumbu Mulveli,C. N. Annadurai,ta,wikisource,https://ta.wikisource.org/wiki/%E0%AE%87%E0%AE%B0%E0%AF%81%E0%AE%AE%E0%AF%8D%E0%AE%AA%E0%AF%81%20%E0%AE%AE%E0%AF%81%E0%AE%B3%E0%AF%8D%E0%AE%B5%E0%AF%87%E0%AE%B2%E0%AE%BF,1,tam,1,
Weddha Tama Jinarwa,Mangkunegara IV,jv,wikisource,https://jv.wikisource.org/wiki/Weddha%20Tama%20Jinarwa,1,jav,1,
Kempalan Cariyos Rakyat Jawi,,jv,wikisource,https://jv.wikisource.org/wiki/Kempalan%20Cariyos%20Rakyat%20Jawi,1,jav,1,
Lampit,,jv,wikisource,https://jv.wikisource.org/wiki/%EA%A6%AD%EA%A6%A9%EA%A7%80%EA%A6%A5%EA%A6%B6%EA%A6%A0%EA%A7%80,1,cat,1,
Ngungak Isining Serat Astabrata,,jv,wikisource,https://jv.wikisource.org/wiki/Ngungak%20Isining%20Serat%20Astabrata,1,jav,1,
Tedhakan Kagungan Dalem Pemut Serat-Serat,,jv,wikisource,https://jv.wikisource.org/wiki/Tedhakan%20Kagungan%20Dalem%20Pemut%20Serat-Serat,1,jav,1,
Najaka Lelana,,jv,wikisource,https://jv.wikisource.org/wiki/Najaka%20Lelana,1,ind; jav,4,
Menak Kanin,,jv,wikisource,https://jv.wikisource.org/wiki/Menak%20Kanin,1,jav,1,
Kitab Primbon Betaljemur Adammakna,,jv,wikisource,https://jv.wikisource.org/wiki/Kitab%20Primbon%20Betaljemur%20Adammakna,1,jav,1,
Wasita Adi,,jv,wikisource,https://jv.wikisource.org/wiki/%EA%A6%AE%EA%A6%B1%EA%A6%B6%EA%A6%A1%EA%A6%B2%EA%A6%A2%EA%A6%B6,1,jav,1,
Alap-Alapan Drusilawati,,jv,wikisource,https://jv.wikisource.org/wiki/Alap-Alapan%20Drusilawati,1,jav,1,
Jaka Sumarandana,,jv,wikisource,https://jv.wikisource.org/wiki/Jaka%20Sumarandana,1,ind,1,
Babad Mangkubumi,,jv,wikisource,https://jv.wikisource.org/wiki/Babad%20Mangkubumi%20%281981%29,1,ind,1,
Babad Pasanggrahan Madusita,,jv,wikisource,https://jv.wikisource.org/wiki/Babad%20Pasanggrahan%20Madusita,1,ind,1,
Djangka Ranggawarsitan,,jv,wikisource,https://jv.wikisource.org/wiki/Djangka%20Ranggawarsitan,1,jav,1,
Le novelle della Pescara,Gabriele D'Annunzio,it,gutenberg,https://www.gutenberg.org/ebooks/53184,1,ita,11,
Elegie romane,Gabriele D'Annunzio,it,gutenberg,https://www.gutenberg.org/ebooks/58648,1,ita,2,
Lourdes,Rosa Matteucci,it,gutenberg,https://www.gutenberg.org/ebooks/8516,1,ita,1,
Il Misogallo,Vittorio Alfieri,it,wikisource,https://it.wikisource.org/wiki/Il%20Misogallo%20%28Alfieri%2C%201903%29,1,ita,1,
Ai Palleschi,Niccolò Machiavelli,it,wikisource,https://it.wikisource.org/wiki/Ai%20Palleschi,1,ita,1,
Alcuni Opuscoli filosofici,Benedetto Castelli,it,wikisource,https://it.wikisource.org/wiki/Alcuni%20opuscoli%20filosofici,1,ita,1,
Il Corvo,Edgar Allan Poe,it,wikisource,https://it.wikisource.org/wiki/Il%20corvo%20%28Poe-Ragazzoni%201956%29,1,ita,1,
Le vite de i dodeci visconti che signoreggiarono Milano,Paolo Giovio,it,wikisource,https://it.wikisource.org/wiki/Le%20vite%20de%20i%20dodeci%20visconti%20che%20signoreggiarono%20Milano,1,ita,1,
Cena familiaris,Leon Battista Alberti,it,wikisource,https://it.wikisource.org/wiki/Cena%20familiaris,1,ita,1,
De Iciarchia,Leon Battista Alberti,it,wikisource,https://it.wikisource.org/wiki/De%20Iciarchia,1,ita,1,
Bruto Secondo,Vittorio Alfieri,it,wikisource,https://it.wikisource.org/wiki/Bruto%20Secondo%20%28Alfieri%2C%201946%29,1,ita,2,
Bruto Primo,Vittorio Alfieri,it,wikisource,https://it.wikisource.org/wiki/Bruto%20Primo%20%28Alfieri%2C%201946%29,1,ita,2,
Le Canzoni di Re Enzio,Giovanni Pascoli,it,wikisource,https://it.wikisource.org/wiki/Le%20Canzoni%20di%20Re%20Enzio,1,ita,1,
Canti,Aleardo Aleardi,it,wikisource,https://it.wikisource.org/wiki/Canti%20%28Aleardi%29,1,ita,3,
Da Quarto al Faro,Giuseppe Cesare Abba,it,wikisource,https://it.wikisource.org/wiki/Da%20Quarto%20al%20Faro,1,ita,2,
Del riordinamento amministrativo del Regno ...,Leone Carpi,it,wikisource,https://it.wikisource.org/wiki/Del%20riordinamento%20amministrativo%20del%20Regno%20%28Carpi%29,1,(none catalogued),1,
Leone Duodecimo e Pio Ottavo,Giuseppe Baraldi,it,wikisource,https://it.wikisource.org/wiki/Leone%20Duodecimo%20e%20Pio%20Ottavo%20%28Baraldi%29,1,ita,3,
Capitoli,Niccolò Machiavelli,it,wikisource,https://it.wikisource.org/wiki/Opera%3ACapitoli%20%28Machiavelli%29,1,ita,2,
Novella del Grasso legnaiuolo,Antonio Manetti,it,wikisource,https://it.wikisource.org/wiki/Novella%20del%20Grasso%20legnaiuolo%20%28red.%20Manetti%29,1,ita,2,
Il Pluto,Aristophanes,it,wikisource,https://it.wikisource.org/wiki/Il%20Pluto,1,ita,1,
Ecatonfilea,Leon Battista Alberti,it,wikisource,https://it.wikisource.org/wiki/Ecatonfilea,1,ita,1,
Grammatica della lingua toscana,Leon Battista Alberti,it,wikisource,https://it.wikisource.org/wiki/Grammatica%20della%20lingua%20toscana,1,ita,1,
I libri della famiglia,Leon Battista Alberti,it,wikisource,https://it.wikisource.org/wiki/I%20libri%20della%20famiglia,1,ita,3,
Istorietta amorosa fra Leonora de' Bardi e Ippolito Bondelmonti,Leon Battista Alberti,it,wikisource,https://it.wikisource.org/wiki/Istorietta%20amorosa%20fra%20Leonora%20de%27%20Bardi%20e%20Ippolito%20Bondelmonti,1,ita,1,
Alla madre,Vittorio Alfieri,it,wikisource,https://it.wikisource.org/wiki/Rime%20varie%20%28Alfieri%2C%201912%29%2FCLIII.%20Alla%20madre,1,ita,1,
Claudio Achillini,Claudio Achillini,it,wikisource,https://it.wikisource.org/wiki/Lirici%20marinisti%2FII%2FClaudio%20Achillini,1,ita,6,
Payani Kelavani,Mahatma Gandhi,gu,wikisource,https://gu.wikisource.org/wiki/%E0%AA%AA%E0%AA%BE%E0%AA%AF%E0%AA%BE%E0%AA%A8%E0%AB%80%20%E0%AA%95%E0%AB%87%E0%AA%B3%E0%AA%B5%E0%AA%A3%E0%AB%80,1,guj,1,
Niranjan,Jhaverchand Meghani,gu,wikisource,https://gu.wikisource.org/wiki/%E0%AA%A8%E0%AA%BF%E0%AA%B0%E0%AA%82%E0%AA%9C%E0%AA%A8,1,guj,2,
Gujaratno Jay,Jhaverchand Meghani,gu,wikisource,https://gu.wikisource.org/wiki/%E0%AA%97%E0%AB%81%E0%AA%9C%E0%AA%B0%E0%AA%BE%E0%AA%A4%E0%AA%A8%E0%AB%8B%20%E0%AA%9C%E0%AA%AF,1,guj,1,
Pratimao,Jhaverchand Meghani,gu,wikisource,https://gu.wikisource.org/wiki/%E0%AA%AA%E0%AB%8D%E0%AA%B0%E0%AA%A4%E0%AA%BF%E0%AA%AE%E0%AA%BE%E0%AA%93,1,guj,2,
Parakamma,Jhaverchand Meghani,gu,wikisource,https://gu.wikisource.org/wiki/%E0%AA%AA%E0%AA%B0%E0%AA%95%E0%AA%AE%E0%AB%8D%E0%AA%AE%E0%AA%BE,1,guj,1,
Halaradam,Jhaverchand Meghani,gu,wikisource,https://gu.wikisource.org/wiki/%E0%AA%B9%E0%AA%BE%E0%AA%B2%E0%AA%B0%E0%AA%A1%E0%AA%BE%E0%AA%82,1,guj,1,
Dadajini Vato,Jhaverchand Meghani,gu,wikisource,https://gu.wikisource.org/wiki/%E0%AA%A6%E0%AA%BE%E0%AA%A6%E0%AA%BE%E0%AA%9C%E0%AB%80%E0%AA%A8%E0%AB%80%20%E0%AA%B5%E0%AA%BE%E0%AA%A4%E0%AB%8B,1,guj,1,
Kankavati,Jhaverchand Meghani,gu,wikisource,https://gu.wikisource.org/wiki/%E0%AA%95%E0%AA%82%E0%AA%95%E0%AA%BE%E0%AA%B5%E0%AA%9F%E0%AB%80,1,guj,2,
Sorath Tara Vaheta Pani,Jhaverchand Meghani,gu,wikisource,https://gu.wikisource.org/wiki/%E0%AA%B8%E0%AB%8B%E0%AA%B0%E0%AA%A0%2C%20%E0%AA%A4%E0%AA%BE%E0%AA%B0%E0%AA%BE%E0%AA%82%20%E0%AA%B5%E0%AA%B9%E0%AB%87%E0%AA%A4%E0%AA%BE%E0%AA%82%20%E0%AA%AA%E0%AA%BE%E0%AA%A3%E0%AB%80,1,guj,1,
Vevishal,Jhaverchand Meghani,gu,wikisource,https://gu.wikisource.org/wiki/%E0%AA%B5%E0%AB%87%E0%AA%B5%E0%AA%BF%E0%AA%B6%E0%AA%BE%E0%AA%B3,1,guj,2,
Sindhudo,Jhaverchand Meghani,gu,wikisource,https://gu.wikisource.org/wiki/%E0%AA%B8%E0%AA%BF%E0%AA%82%E0%AA%A7%E0%AB%81%E0%AA%A1%E0%AB%8B,1,guj,1,
Ra Gangajaliyo,Jhaverchand Meghani,gu,wikisource,https://gu.wikisource.org/wiki/%E0%AA%B0%E0%AA%BE%27%20%E0%AA%97%E0%AA%82%E0%AA%97%E0%AA%BE%E0%AA%9C%E0%AA%B3%E0%AA%BF%E0%AA%AF%E0%AB%8B,1,guj,1,
Prabhu Padharya,Jhaverchand Meghani,gu,wikisource,https://gu.wikisource.org/wiki/%E0%AA%AA%E0%AB%8D%E0%AA%B0%E0%AA%AD%E0%AB%81%20%E0%AA%AA%E0%AA%A7%E0%AA%BE%E0%AA%B0%E0%AB%8D%E0%AA%AF%E0%AA%BE,1,guj,1,
Pankaj,Ramanlal Vasantlal Desai,gu,wikisource,https://gu.wikisource.org/wiki/%E0%AA%AA%E0%AA%82%E0%AA%95%E0%AA%9C,1,guj,2,
Kanchan ane Geru,Ramanlal Vasantlal Desai,gu,wikisource,https://gu.wikisource.org/wiki/%E0%AA%95%E0%AA%BE%E0%AA%82%E0%AA%9A%E0%AA%A8%20%E0%AA%85%E0%AA%A8%E0%AB%87%20%E0%AA%97%E0%AB%87%E0%AA%B0%E0%AB%81,1,guj,2,
Divadi,Ramanlal Vasantlal Desai,gu,wikisource,https://gu.wikisource.org/wiki/%E0%AA%A6%E0%AB%80%E0%AA%B5%E0%AA%A1%E0%AB%80,1,guj,2,
Patralalsa,Ramanlal Vasantlal Desai,gu,wikisource,https://gu.wikisource.org/wiki/%E0%AA%AA%E0%AA%A4%E0%AB%8D%E0%AA%B0%E0%AA%B2%E0%AA%BE%E0%AA%B2%E0%AA%B8%E0%AA%BE,1,guj,1,
Gramonnati,Ramanlal Vasantlal Desai,gu,wikisource,https://gu.wikisource.org/wiki/%E0%AA%97%E0%AB%8D%E0%AA%B0%E0%AA%BE%E0%AA%AE%E0%AB%8B%E0%AA%A8%E0%AB%8D%E0%AA%A8%E0%AA%A4%E0%AA%BF,1,guj,1,
Niharika,Ramanlal Vasantlal Desai,gu,wikisource,https://gu.wikisource.org/wiki/%E0%AA%A8%E0%AA%BF%E0%AA%B9%E0%AA%BE%E0%AA%B0%E0%AA%BF%E0%AA%95%E0%AA%BE,1,guj,1,
Bhatnu Bhopalu,Navalram Pandya,gu,wikisource,https://gu.wikisource.org/wiki/%E0%AA%AD%E0%AA%9F%E0%AA%A8%E0%AB%81%E0%AA%82%20%E0%AA%AD%E0%AB%8B%E0%AA%AA%E0%AA%BE%E0%AA%B3%E0%AB%81%E0%AA%82,1,guj,1,
Yugavandana,Jhaverchand Meghani,gu,wikisource,https://gu.wikisource.org/wiki/%E0%AA%AF%E0%AB%81%E0%AA%97%E0%AA%B5%E0%AA%82%E0%AA%A6%E0%AA%A8%E0%AA%BE,1,guj,2,
Aparadhi,Jhaverchand Meghani,gu,wikisource,https://gu.wikisource.org/wiki/%E0%AA%85%E0%AA%AA%E0%AA%B0%E0%AA%BE%E0%AA%A7%E0%AB%80,1,guj,1,
Killol,Jhaverchand Meghani,gu,wikisource,https://gu.wikisource.org/wiki/%E0%AA%95%E0%AA%BF%E0%AA%B2%E0%AB%8D%E0%AA%B2%E0%AB%8B%E0%AA%B2,1,guj,1,
Sorathi Santo,Jhaverchand Meghani,gu,wikisource,https://gu.wikisource.org/wiki/%E0%AA%B8%E0%AB%8B%E0%AA%B0%E0%AA%A0%E0%AB%80%20%E0%AA%B8%E0%AA%82%E0%AA%A4%E0%AB%8B%2C%20%E0%AA%AD%E0%AA%BE%E0%AA%97%20%E0%AA%AA%E0%AA%B9%E0%AB%87%E0%AA%B2%E0%AB%8B,1,guj,2,
Hirani Chamak,Ramanlal Vasantlal Desai,gu,wikisource,https://gu.wikisource.org/wiki/%E0%AA%B9%E0%AB%80%E0%AA%B0%E0%AA%BE%E0%AA%A8%E0%AB%80%20%E0%AA%9A%E0%AA%AE%E0%AA%95,1,guj,1,
Rasabindu,Ramanlal Vasantlal Desai,gu,wikisource,https://gu.wikisource.org/wiki/%E0%AA%B0%E0%AA%B8%E0%AA%AC%E0%AA%BF%E0%AA%82%E0%AA%A6%E0%AB%81,1,guj,2,
Bhadrambhadra,Ramanbhai Nilkanth,gu,wikisource,https://gu.wikisource.org/wiki/%E0%AA%AD%E0%AA%A6%E0%AB%8D%E0%AA%B0%E0%AA%82%E0%AA%AD%E0%AA%A6%E0%AB%8D%E0%AA%B0,1,guj,2,
Divaswapna,Gijubhai Badheka,gu,wikisource,https://gu.wikisource.org/wiki/%E0%AA%A6%E0%AA%BF%E0%AA%B5%E0%AA%BE%E0%AA%B8%E0%AB%8D%E0%AA%B5%E0%AA%AA%E0%AB%8D%E0%AA%A8,1,guj,1,
Birbal Vinod,,gu,wikisource,https://gu.wikisource.org/wiki/%E0%AA%AC%E0%AB%80%E0%AA%B0%E0%AA%AC%E0%AA%B2%20%E0%AA%B5%E0%AA%BF%E0%AA%A8%E0%AB%8B%E0%AA%A6,1,hin,1,
Mamerum,,gu,wikisource,https://gu.wikisource.org/wiki/%E0%AA%AE%E0%AA%BE%E0%AA%AE%E0%AB%87%E0%AA%B0%E0%AB%82%E0%AA%82,1,guj,1,
Swami Vivekanand,,gu,wikisource,https://gu.wikisource.org/wiki/%E0%AA%B8%E0%AB%8D%E0%AA%B5%E0%AA%BE%E0%AA%AE%E0%AB%80%20%E0%AA%B5%E0%AA%BF%E0%AA%B5%E0%AB%87%E0%AA%95%E0%AA%BE%E0%AA%A8%E0%AA%82%E0%AA%A6,1,hin,1,
Annapurna,Niranjana,kn,wikisource,https://kn.wikisource.org/wiki/%E0%B2%85%E0%B2%A8%E0%B3%8D%E0%B2%A8%E0%B2%AA%E0%B3%82%E0%B2%B0%E0%B3%8D%E0%B2%A3%E0%B2%BE,1,kan,1,
Abhaya,Niranjana,kn,wikisource,https://kn.wikisource.org/wiki/%E0%B2%85%E0%B2%AD%E0%B2%AF,1,kan,2,
Kelavu Sanna Kathegalu,Niranjana,kn,wikisource,https://kn.wikisource.org/wiki/%E0%B2%95%E0%B3%86%E0%B2%B2%E0%B2%B5%E0%B3%81%20%E0%B2%B8%E0%B2%A3%E0%B3%8D%E0%B2%A3%20%E0%B2%95%E0%B2%A5%E0%B3%86%E0%B2%97%E0%B2%B3%E0%B3%81,1,kan,1,
UTTARA KARNATAKADA JANAPADA KATHEGALU,Simpi Linganna,kn,wikisource,https://kn.wikisource.org/wiki/%E0%B2%89%E0%B2%A4%E0%B3%8D%E0%B2%A4%E0%B2%B0%20%E0%B2%95%E0%B2%B0%E0%B3%8D%E0%B2%A8%E0%B2%BE%E0%B2%9F%E0%B2%95%E0%B2%A6%20%E0%B2%9C%E0%B2%BE%E0%B2%A8%E0%B2%AA%E0%B2%A6%20%E0%B2%95%E0%B2%A5%E0%B3%86%E0%B2%97%E0%B2%B3%E0%B3%81,1,kan,2,
Gilivindu,,kn,wikisource,https://kn.wikisource.org/wiki/%E0%B2%AA%E0%B2%B0%E0%B2%BF%E0%B2%B5%E0%B2%BF%E0%B2%A1%E0%B2%BF%3A%E0%B2%97%E0%B2%BF%E0%B2%B3%E0%B2%BF%E0%B2%B5%E0%B2%BF%E0%B2%82%E0%B2%A1%E0%B3%81.djvu,1,kan,1,
Cheluvu,,kn,wikisource,https://kn.wikisource.org/wiki/%E0%B2%9A%E0%B3%86%E0%B2%B2%E0%B3%81%E0%B2%B5%E0%B3%81,1,kan,1,
Ajitakumara,,kn,wikisource,https://kn.wikisource.org/wiki/%E0%B2%85%E0%B2%9C%E0%B2%BF%E0%B2%A4%20%E0%B2%95%E0%B3%81%E0%B2%AE%E0%B2%BE%E0%B2%B0,1,hin,1,
Swami Aparampara,,kn,wikisource,https://kn.wikisource.org/wiki/%E0%B2%AA%E0%B2%B0%E0%B2%BF%E0%B2%B5%E0%B2%BF%E0%B2%A1%E0%B2%BF%3A%E0%B2%B8%E0%B3%8D%E0%B2%B5%E0%B2%BE%E0%B2%AE%E0%B2%BF%20%E0%B2%85%E0%B2%AA%E0%B2%B0%E0%B2%82%E0%B2%AA%E0%B2%BE%E0%B2%B0.pdf,1,kan,1,
Chirasmarane,,kn,wikisource,https://kn.wikisource.org/wiki/%E0%B2%AA%E0%B2%B0%E0%B2%BF%E0%B2%B5%E0%B2%BF%E0%B2%A1%E0%B2%BF%3AChirasmarane-Niranjana.pdf,1,kan,1,
Kedage,,kn,wikisource,https://kn.wikisource.org/wiki/%E0%B2%AA%E0%B2%B0%E0%B2%BF%E0%B2%B5%E0%B2%BF%E0%B2%A1%E0%B2%BF%3AKedage.pdf,1,kan,1,
Balavyakaranam,,ml,wikisource,https://ml.wikisource.org/wiki/%E0%B4%AC%E0%B4%BE%E0%B4%B2%E0%B4%B5%E0%B5%8D%E0%B4%AF%E0%B4%BE%E0%B4%95%E0%B4%B0%E0%B4%A3%E0%B4%82,1,tel,1,
General Science – Book 1,,ml,wikisource,https://ml.wikisource.org/wiki/%E0%B4%9C%E0%B4%A8%E0%B4%B1%E0%B5%BD%20%E0%B4%B8%E0%B4%AF%E0%B5%BB%E0%B4%B8%E0%B5%8D%20%E2%80%93%20%E0%B4%AA%E0%B5%81%E0%B4%B8%E0%B5%8D%E0%B4%A4%E0%B4%95%E0%B4%82%201,1,(none catalogued),1,
Hannele,Gerhart Hauptmann,ml,wikisource,https://ml.wikisource.org/wiki/%E0%B4%B9%E0%B4%A8%E0%B5%87%E0%B4%B2%E0%B5%86,1,ger; mal,13,
Hitopadesa,Vishnu Sharma,ml,wikisource,https://ml.wikisource.org/wiki/%E0%B4%B9%E0%B4%BF%E0%B4%A4%E0%B5%8B%E0%B4%AA%E0%B4%A6%E0%B5%87%E0%B4%B6%E0%B4%83,1,san,1,
Hujan Munggaran,Ayatrohaedi,su,wikisource,https://su.wikisource.org/wiki/Hujan%20Munggaran,1,sun,1,
Wawatjan Pandji Woeloeng,Muhamad Musa,su,wikisource,https://su.wikisource.org/wiki/Wawatjan%20Pandji%20Woeloeng,1,ind,1,
Kobzar,Taras Shevchenko,uk,wikisource,https://uk.wikisource.org/wiki/%D0%9A%D0%BE%D0%B1%D0%B7%D0%B0%D1%80%D1%8C%20%281876%29,1,kaz; rus; ukr,52,
Metzengerstein,Edgar Allan Poe,uk,wikisource,https://uk.wikisource.org/wiki/%D0%92%D0%B8%D0%B1%D1%80%D0%B0%D0%BD%D1%96%20%D1%82%D0%B2%D0%BE%D1%80%D0%B8%20%28%D0%95%D0%B4%D0%B3%D0%B0%D1%80%20%D0%9F%D0%BE%29%2F%D0%9C%D0%B5%D1%82%D1%86%D0%B5%D0%BD%D2%91%D0%B5%D1%80%D1%88%D1%82%D0%B0%D0%B9%D0%BD,1,fre,25,
Syni eti︠u︡dy,Mykola Khvylovyi,uk,wikisource,https://uk.wikisource.org/wiki/%D0%A1%D0%B8%D0%BD%D1%96%20%D0%B5%D1%82%D1%8E%D0%B4%D0%B8%20%281923%29,1,ukr,1,
Memnon,Voltaire,ro,wikisource,https://ro.wikisource.org/wiki/Memnon,1,spa,4,
Eneida,Virgil,ro,wikisource,https://ro.wikisource.org/wiki/Eneida%20%28Pandelea%29,1,spa,1,
Șezătoarea,,ro,wikisource,https://ro.wikisource.org/wiki/%C8%98ez%C4%83toarea,1,rum,1,
Odiseea,,ro,wikisource,https://ro.wikisource.org/wiki/Odiseea,1,rum,1,
Singurătate,,ro,wikisource,https://ro.wikisource.org/wiki/Singur%C4%83tate,1,fre; rum,2,
Profile literare,Traian Demetrescu,ro,wikisource,https://ro.wikisource.org/wiki/Profile%20literare,1,rum,1,
Hacia una moral sin dogmas,José Ingenieros,es,gutenberg,https://www.gutenberg.org/ebooks/56301,0,spa,4,
Alma vasca,José María Salaverría,es,gutenberg,https://www.gutenberg.org/ebooks/61874,0,spa,2,
Vida de Cervantes (Spanish),,es,gutenberg,https://www.gutenberg.org/ebooks/58261,0,(none catalogued),1,
La vérité en marche,Émile Zola,fr,gutenberg,https://www.gutenberg.org/ebooks/56808,0,fre,9,
Amis (French),,fr,gutenberg,https://www.gutenberg.org/ebooks/58259,0,fre,1,
Anna Karenina,Leo Tolstoy,de,gutenberg,https://www.gutenberg.org/ebooks/44957,0,rus,4,
Shakespeare,Gustav Landauer,de,gutenberg,https://www.gutenberg.org/ebooks/52012,0,ger,10,
Balboa,Heinrich Joseph von Collin,de,gutenberg,https://www.gutenberg.org/ebooks/49248,0,ger,1,
Sidsel Langröckchen,Hans Aanrud,de,gutenberg,https://www.gutenberg.org/ebooks/48902,0,(none catalogued),1,
Die naturwissenschaften in ihrer entwicklung und in ihrem zusammenhange,Friedrich Dannemann,de,gutenberg,https://www.gutenberg.org/ebooks/57952,0,ger,3,
"Henriette, oder die schöne Sängerin (German)",,de,gutenberg,https://www.gutenberg.org/ebooks/59229,0,(none catalogued),1,
Der Weihnachtsabend,,de,gutenberg,https://www.gutenberg.org/ebooks/56520,0,ger,1,
