title,authors,gutenberg_id,sitelinks,missing_language,language_marc,speakers_millions,opportunity_score
Book of Mormon,Joseph Smith; Mormon,17,126,Chinese,chi,1299.9,1299.9
A Journey to the Centre of the Earth,Jules Verne,18857,64,Chinese,chi,1299.9,660.267
United States Bill of Rights,,2,63,Chinese,chi,1299.9,649.95
Critique of Pure Reason,Immanuel Kant,4280,59,Chinese,chi,1299.9,608.683
The Last of the Mohicans,James Fenimore Cooper,940,52,Chinese,chi,1299.9,536.467
Book of Mormon,Joseph Smith; Mormon,17,126,Spanish,spa,485.0,485.0
Book of Mormon,Joseph Smith; Mormon,17,126,Arabic,ara,315.4,315.4
Book of Mormon,Joseph Smith; Mormon,17,126,Bangla,ben,300.0,300.0
Book of Mormon,Joseph Smith; Mormon,17,126,Portuguese,por,254.3,254.3
Pride and Prejudice,Jane Austen,1342,99,Arabic,ara,315.4,247.814
A Journey to the Centre of the Earth,Jules Verne,18857,64,Spanish,spa,485.0,246.349
United States Bill of Rights,,2,63,Spanish,spa,485.0,242.5
Pride and Prejudice,Jane Austen,1342,99,Bangla,ben,300.0,235.714
Robinson Crusoe,Daniel Defoe,12623,98,Bangla,ben,300.0,233.333
Critique of Pure Reason,Immanuel Kant,4280,59,Spanish,spa,485.0,227.103
Treasure Island,Robert Louis Stevenson,120,85,Arabic,ara,315.4,212.77
The Great Gatsby,F. Scott Fitzgerald,64317,84,Arabic,ara,315.4,210.267
Book of Mormon,Joseph Smith; Mormon,17,126,French,fre,208.2,208.2
Oliver Twist,Charles Dickens,56586,83,Arabic,ara,315.4,207.763
Ulysses,James Joyce,4300,83,Arabic,ara,315.4,207.763
Treasure Island,Robert Louis Stevenson,120,85,Bangla,ben,300.0,202.381
The Great Gatsby,F. Scott Fitzgerald,64317,84,Bangla,ben,300.0,200.0
Book of Mormon,Joseph Smith; Mormon,17,126,Indonesian,ind,199.0,199.0
Oliver Twist,Charles Dickens,56586,83,Bangla,ben,300.0,197.619
Ulysses,James Joyce,4300,83,Bangla,ben,300.0,197.619
The Picture of Dorian Gray,Oscar Wilde,4078,82,Bangla,ben,300.0,195.238
The Adventures of Tom Sawyer,Mark Twain,74,76,Arabic,ara,315.4,190.241
A Christmas Carol,Charles Dickens,46,75,Arabic,ara,315.4,187.738
Dracula,Bram Stoker,345,75,Arabic,ara,315.4,187.738
A Christmas Carol,Charles Dickens,46,75,Bangla,ben,300.0,178.571
Dracula,Bram Stoker,345,75,Bangla,ben,300.0,178.571
Great Expectations,Charles Dickens,1400,69,Arabic,ara,315.4,172.719
The Jungle Book,,236,69,Arabic,ara,315.4,172.719
Treasure Island,Robert Louis Stevenson,120,85,Portuguese,por,254.3,171.552
Ulysses,James Joyce,4300,83,Portuguese,por,254.3,167.515
Great Expectations,Charles Dickens,1400,69,Bangla,ben,300.0,164.286
The Jungle Book,,236,69,Bangla,ben,300.0,164.286
The Merchant of Venice,William Shakespeare,2243,68,Bangla,ben,300.0,161.905
David Copperfield,Charles Dickens,766,68,Bangla,ben,300.0,161.905
A Journey to the Centre of the Earth,Jules Verne,18857,64,Arabic,ara,315.4,160.203
United States Bill of Rights,,2,63,Arabic,ara,315.4,157.7
Robinson Crusoe,Daniel Defoe,12623,98,Indonesian,ind,199.0,154.778
A Tale of Two Cities,Charles Dickens,98,65,Bangla,ben,300.0,154.762
Book of Mormon,Joseph Smith; Mormon,17,126,Russian,rus,154.0,154.0
A Study in Scarlet,Arthur Conan Doyle,244,61,Arabic,ara,315.4,152.694
Through the Looking-Glass,Lewis Carroll,12,61,Arabic,ara,315.4,152.694
A Journey to the Centre of the Earth,Jules Verne,18857,64,Bangla,ben,300.0,152.381
Strange Case of Dr Jekyll and Mr Hyde,Robert Louis Stevenson,43,60,Arabic,ara,315.4,150.19
The Hound of the Baskervilles,Arthur Conan Doyle,3070,63,Bangla,ben,300.0,150.0
United States Bill of Rights,,2,63,Bangla,ben,300.0,150.0
Critique of Pure Reason,Immanuel Kant,4280,59,Arabic,ara,315.4,147.687
Leviathan,Thomas Hobbes,3207,59,Arabic,ara,315.4,147.687
A Study in Scarlet,Arthur Conan Doyle,244,61,Bangla,ben,300.0,145.238
Through the Looking-Glass,Lewis Carroll,12,61,Bangla,ben,300.0,145.238
Strange Case of Dr Jekyll and Mr Hyde,Robert Louis Stevenson,43,60,Bangla,ben,300.0,142.857
Critique of Pure Reason,Immanuel Kant,4280,59,Bangla,ben,300.0,140.476
Leviathan,Thomas Hobbes,3207,59,Bangla,ben,300.0,140.476
Sense and Sensibility,Jane Austen,161,56,Arabic,ara,315.4,140.178
The Jungle Book,,236,69,Portuguese,por,254.3,139.26
Treasure Island,Robert Louis Stevenson,120,85,Indonesian,ind,199.0,134.246
Sense and Sensibility,Jane Austen,161,56,Bangla,ben,300.0,133.333
Oliver Twist,Charles Dickens,56586,83,Indonesian,ind,199.0,131.087
Ulysses,James Joyce,4300,83,Indonesian,ind,199.0,131.087
The Adventures of Sherlock Holmes,Arthur Conan Doyle,1661,52,Arabic,ara,315.4,130.165
The Last of the Mohicans,James Fenimore Cooper,940,52,Arabic,ara,315.4,130.165
The Picture of Dorian Gray,Oscar Wilde,4078,82,Indonesian,ind,199.0,129.508
A Journey to the Centre of the Earth,Jules Verne,18857,64,Portuguese,por,254.3,129.168
Book of Mormon,Joseph Smith; Mormon,17,126,Japanese,jpn,128.0,128.0
United States Bill of Rights,,2,63,Portuguese,por,254.3,127.15
The Call of the Wild,Jack London,215,53,Bangla,ben,300.0,126.19
Book of Mormon,Joseph Smith; Mormon,17,126,Punjabi,pan,125.0,125.0
The Adventures of Sherlock Holmes,Arthur Conan Doyle,1661,52,Bangla,ben,300.0,123.81
The Last of the Mohicans,James Fenimore Cooper,940,52,Bangla,ben,300.0,123.81
Little Women,Louisa May Alcott,514,52,Bangla,ben,300.0,123.81
The Adventures of Tom Sawyer,Mark Twain,74,76,Indonesian,ind,199.0,120.032
Critique of Pure Reason,Immanuel Kant,4280,59,Portuguese,por,254.3,119.077
A Christmas Carol,Charles Dickens,46,75,Indonesian,ind,199.0,118.452
Dracula,Bram Stoker,345,75,Indonesian,ind,199.0,118.452
Great Expectations,Charles Dickens,1400,69,Indonesian,ind,199.0,108.976
The Jungle Book,,236,69,Indonesian,ind,199.0,108.976
The Merchant of Venice,William Shakespeare,2243,68,Indonesian,ind,199.0,107.397
David Copperfield,Charles Dickens,766,68,Indonesian,ind,199.0,107.397
A Journey to the Centre of the Earth,Jules Verne,18857,64,French,fre,208.2,105.752
United States Bill of Rights,,2,63,French,fre,208.2,104.1
The Great Gatsby,F. Scott Fitzgerald,64317,84,Russian,rus,154.0,102.667
A Tale of Two Cities,Charles Dickens,98,65,Indonesian,ind,199.0,102.659
A Journey to the Centre of the Earth,Jules Verne,18857,64,Indonesian,ind,199.0,101.079
Robinson Crusoe,Daniel Defoe,12623,98,Japanese,jpn,128.0,99.556
The Hound of the Baskervilles,Arthur Conan Doyle,3070,63,Indonesian,ind,199.0,99.5
United States Bill of Rights,,2,63,Indonesian,ind,199.0,99.5
Critique of Pure Reason,Immanuel Kant,4280,59,French,fre,208.2,97.49
A Study in Scarlet,Arthur Conan Doyle,244,61,Indonesian,ind,199.0,96.341
Through the Looking-Glass,Lewis Carroll,12,61,Indonesian,ind,199.0,96.341
Strange Case of Dr Jekyll and Mr Hyde,Robert Louis Stevenson,43,60,Indonesian,ind,199.0,94.762
Critique of Pure Reason,Immanuel Kant,4280,59,Indonesian,ind,199.0,93.183
Leviathan,Thomas Hobbes,3207,59,Indonesian,ind,199.0,93.183
Sense and Sensibility,Jane Austen,161,56,Indonesian,ind,199.0,88.444
Treasure Island,Robert Louis Stevenson,120,85,Punjabi,pan,125.0,84.325
The Call of the Wild,Jack London,215,53,Indonesian,ind,199.0,83.706
The Great Gatsby,F. Scott Fitzgerald,64317,84,Punjabi,pan,125.0,83.333
Book of Mormon,Joseph Smith; Mormon,17,126,Marathi,mar,83.1,83.1
Oliver Twist,Charles Dickens,56586,83,Punjabi,pan,125.0,82.341
Ulysses,James Joyce,4300,83,Punjabi,pan,125.0,82.341
Book of Mormon,Joseph Smith; Mormon,17,126,Turkish,tur,82.2,82.2
The Adventures of Sherlock Holmes,Arthur Conan Doyle,1661,52,Indonesian,ind,199.0,82.127
The Last of the Mohicans,James Fenimore Cooper,940,52,Indonesian,ind,199.0,82.127
Little Women,Louisa May Alcott,514,52,Indonesian,ind,199.0,82.127
Book of Mormon,Joseph Smith; Mormon,17,126,Telugu,tel,82.0,82.0
The Picture of Dorian Gray,Oscar Wilde,4078,82,Punjabi,pan,125.0,81.349
A Journey to the Centre of the Earth,Jules Verne,18857,64,Russian,rus,154.0,78.222
Book of Mormon,Joseph Smith; Mormon,17,126,Korean,kor,77.3,77.3
Book of Mormon,Joseph Smith; Mormon,17,126,Malay,may,77.0,77.0
The Hound of the Baskervilles,Arthur Conan Doyle,3070,63,Russian,rus,154.0,77.0
United States Bill of Rights,,2,63,Russian,rus,154.0,77.0
Book of Mormon,Joseph Smith; Mormon,17,126,German,ger,76.5,76.5
Dracula,Bram Stoker,345,75,Japanese,jpn,128.0,76.19
Book of Mormon,Joseph Smith; Mormon,17,126,Vietnamese,vie,76.0,76.0
The Adventures of Tom Sawyer,Mark Twain,74,76,Punjabi,pan,125.0,75.397
Book of Mormon,Joseph Smith; Mormon,17,126,Tamil,tam,75.0,75.0
A Study in Scarlet,Arthur Conan Doyle,244,61,Russian,rus,154.0,74.556
A Christmas Carol,Charles Dickens,46,75,Punjabi,pan,125.0,74.405
Dracula,Bram Stoker,345,75,Punjabi,pan,125.0,74.405
Critique of Pure Reason,Immanuel Kant,4280,59,Russian,rus,154.0,72.111
Leviathan,Thomas Hobbes,3207,59,Russian,rus,154.0,72.111
The Jungle Book,,236,69,Japanese,jpn,128.0,70.095
Book of Mormon,Joseph Smith; Mormon,17,126,Urdu,urd,68.6,68.6
Great Expectations,Charles Dickens,1400,69,Punjabi,pan,125.0,68.452
The Jungle Book,,236,69,Punjabi,pan,125.0,68.452
Book of Mormon,Joseph Smith; Mormon,17,126,Javanese,jav,68.3,68.3
The Merchant of Venice,William Shakespeare,2243,68,Punjabi,pan,125.0,67.46
David Copperfield,Charles Dickens,766,68,Punjabi,pan,125.0,67.46
Pride and Prejudice,Jane Austen,1342,99,Marathi,mar,83.1,65.293
A Journey to the Centre of the Earth,Jules Verne,18857,64,Japanese,jpn,128.0,65.016
Book of Mormon,Joseph Smith; Mormon,17,126,Italian,ita,64.8,64.8
The Call of the Wild,Jack London,215,53,Russian,rus,154.0,64.778
Robinson Crusoe,Daniel Defoe,12623,98,Marathi,mar,83.1,64.633
Pride and Prejudice,Jane Austen,1342,99,Turkish,tur,82.2,64.586
Pride and Prejudice,Jane Austen,1342,99,Telugu,tel,82.0,64.429
United States Bill of Rights,,2,63,Japanese,jpn,128.0,64.0
Robinson Crusoe,Daniel Defoe,12623,98,Telugu,tel,82.0,63.778
A Journey to the Centre of the Earth,Jules Verne,18857,64,Punjabi,pan,125.0,63.492
The Hound of the Baskervilles,Arthur Conan Doyle,3070,63,Punjabi,pan,125.0,62.5
United States Bill of Rights,,2,63,Punjabi,pan,125.0,62.5
A Study in Scarlet,Arthur Conan Doyle,244,61,Punjabi,pan,125.0,60.516
Through the Looking-Glass,Lewis Carroll,12,61,Punjabi,pan,125.0,60.516
Pride and Prejudice,Jane Austen,1342,99,Malay,may,77.0,60.5
Robinson Crusoe,Daniel Defoe,12623,98,Korean,kor,77.3,60.122
Critique of Pure Reason,Immanuel Kant,4280,59,Japanese,jpn,128.0,59.937
Leviathan,Thomas Hobbes,3207,59,Japanese,jpn,128.0,59.937
Robinson Crusoe,Daniel Defoe,12623,98,Malay,may,77.0,59.889
Strange Case of Dr Jekyll and Mr Hyde,Robert Louis Stevenson,43,60,Punjabi,pan,125.0,59.524
Robinson Crusoe,Daniel Defoe,12623,98,Vietnamese,vie,76.0,59.111
Critique of Pure Reason,Immanuel Kant,4280,59,Punjabi,pan,125.0,58.532
Leviathan,Thomas Hobbes,3207,59,Punjabi,pan,125.0,58.532
Robinson Crusoe,Daniel Defoe,12623,98,Tamil,tam,75.0,58.333
Book of Mormon,Joseph Smith; Mormon,17,126,Gujarati,guj,56.4,56.4
Treasure Island,Robert Louis Stevenson,120,85,Marathi,mar,83.1,56.06
Sense and Sensibility,Jane Austen,161,56,Punjabi,pan,125.0,55.556
Treasure Island,Robert Louis Stevenson,120,85,Turkish,tur,82.2,55.452
The Great Gatsby,F. Scott Fitzgerald,64317,84,Marathi,mar,83.1,55.4
Treasure Island,Robert Louis Stevenson,120,85,Telugu,tel,82.0,55.317
The Great Gatsby,F. Scott Fitzgerald,64317,84,Turkish,tur,82.2,54.8
Oliver Twist,Charles Dickens,56586,83,Marathi,mar,83.1,54.74
Ulysses,James Joyce,4300,83,Marathi,mar,83.1,54.74
The Great Gatsby,F. Scott Fitzgerald,64317,84,Telugu,tel,82.0,54.667
The Picture of Dorian Gray,Oscar Wilde,4078,82,Marathi,mar,83.1,54.081
Oliver Twist,Charles Dickens,56586,83,Telugu,tel,82.0,54.016
Ulysses,James Joyce,4300,83,Telugu,tel,82.0,54.016
Pride and Prejudice,Jane Austen,1342,99,Urdu,urd,68.6,53.9
The Call of the Wild,Jack London,215,53,Japanese,jpn,128.0,53.841
Pride and Prejudice,Jane Austen,1342,99,Javanese,jav,68.3,53.664
The Picture of Dorian Gray,Oscar Wilde,4078,82,Turkish,tur,82.2,53.495
The Picture of Dorian Gray,Oscar Wilde,4078,82,Telugu,tel,82.0,53.365
Robinson Crusoe,Daniel Defoe,12623,98,Urdu,urd,68.6,53.356
Robinson Crusoe,Daniel Defoe,12623,98,Javanese,jav,68.3,53.122
The Last of the Mohicans,James Fenimore Cooper,940,52,Japanese,jpn,128.0,52.825
The Call of the Wild,Jack London,215,53,Punjabi,pan,125.0,52.579
Treasure Island,Robert Louis Stevenson,120,85,Korean,kor,77.3,52.147
Treasure Island,Robert Louis Stevenson,120,85,Malay,may,77.0,51.944
The Adventures of Sherlock Holmes,Arthur Conan Doyle,1661,52,Punjabi,pan,125.0,51.587
The Last of the Mohicans,James Fenimore Cooper,940,52,Punjabi,pan,125.0,51.587
Little Women,Louisa May Alcott,514,52,Punjabi,pan,125.0,51.587
The Great Gatsby,F. Scott Fitzgerald,64317,84,Malay,may,77.0,51.333
Treasure Island,Robert Louis Stevenson,120,85,Vietnamese,vie,76.0,51.27
Oliver Twist,Charles Dickens,56586,83,Korean,kor,77.3,50.92
Ulysses,James Joyce,4300,83,Korean,kor,77.3,50.92
Oliver Twist,Charles Dickens,56586,83,Malay,may,77.0,50.722
Ulysses,James Joyce,4300,83,Malay,may,77.0,50.722
The Great Gatsby,F. Scott Fitzgerald,64317,84,Vietnamese,vie,76.0,50.667
Treasure Island,Robert Louis Stevenson,120,85,Tamil,tam,75.0,50.595
The Picture of Dorian Gray,Oscar Wilde,4078,82,Korean,kor,77.3,50.306
The Adventures of Tom Sawyer,Mark Twain,74,76,Marathi,mar,83.1,50.124
The Picture of Dorian Gray,Oscar Wilde,4078,82,Malay,may,77.0,50.111
Ulysses,James Joyce,4300,83,Vietnamese,vie,76.0,50.063
The Great Gatsby,F. Scott Fitzgerald,64317,84,Tamil,tam,75.0,50.0
The Adventures of Tom Sawyer,Mark Twain,74,76,Turkish,tur,82.2,49.581
A Christmas Carol,Charles Dickens,46,75,Marathi,mar,83.1,49.464
Dracula,Bram Stoker,345,75,Marathi,mar,83.1,49.464
The Picture of Dorian Gray,Oscar Wilde,4078,82,Vietnamese,vie,76.0,49.46
The Adventures of Tom Sawyer,Mark Twain,74,76,Telugu,tel,82.0,49.46
Oliver Twist,Charles Dickens,56586,83,Tamil,tam,75.0,49.405
Ulysses,James Joyce,4300,83,Tamil,tam,75.0,49.405
The Picture of Dorian Gray,Oscar Wilde,4078,82,Tamil,tam,75.0,48.81
A Christmas Carol,Charles Dickens,46,75,Telugu,tel,82.0,48.81
Dracula,Bram Stoker,345,75,Telugu,tel,82.0,48.81
The Adventures of Tom Sawyer,Mark Twain,74,76,Korean,kor,77.3,46.625
The Adventures of Tom Sawyer,Mark Twain,74,76,Malay,may,77.0,46.444
Treasure Island,Robert Louis Stevenson,120,85,Urdu,urd,68.6,46.278
Treasure Island,Robert Louis Stevenson,120,85,Javanese,jav,68.3,46.075
Dracula,Bram Stoker,345,75,Korean,kor,77.3,46.012
A Christmas Carol,Charles Dickens,46,75,Malay,may,77.0,45.833
Dracula,Bram Stoker,345,75,Malay,may,77.0,45.833
The Great Gatsby,F. Scott Fitzgerald,64317,84,Urdu,urd,68.6,45.733
The Great Gatsby,F. Scott Fitzgerald,64317,84,Javanese,jav,68.3,45.533
Great Expectations,Charles Dickens,1400,69,Marathi,mar,83.1,45.507
The Jungle Book,,236,69,Marathi,mar,83.1,45.507
The Adventures of Tom Sawyer,Mark Twain,74,76,Tamil,tam,75.0,45.238
A Christmas Carol,Charles Dickens,46,75,Vietnamese,vie,76.0,45.238
Dracula,Bram Stoker,345,75,Vietnamese,vie,76.0,45.238
Oliver Twist,Charles Dickens,56586,83,Urdu,urd,68.6,45.189
Ulysses,James Joyce,4300,83,Urdu,urd,68.6,45.189
The Jungle Book,,236,69,Turkish,tur,82.2,45.014
Book of Mormon,Joseph Smith; Mormon,17,126,Persian,per,45.0,45.0
Oliver Twist,Charles Dickens,56586,83,Javanese,jav,68.3,44.991
Ulysses,James Joyce,4300,83,Javanese,jav,68.3,44.991
Great Expectations,Charles Dickens,1400,69,Telugu,tel,82.0,44.905
The Jungle Book,,236,69,Telugu,tel,82.0,44.905
David Copperfield,Charles Dickens,766,68,Marathi,mar,83.1,44.848
The Picture of Dorian Gray,Oscar Wilde,4078,82,Urdu,urd,68.6,44.644
A Christmas Carol,Charles Dickens,46,75,Tamil,tam,75.0,44.643
Dracula,Bram Stoker,345,75,Tamil,tam,75.0,44.643
The Picture of Dorian Gray,Oscar Wilde,4078,82,Javanese,jav,68.3,44.449
David Copperfield,Charles Dickens,766,68,Turkish,tur,82.2,44.362
The Merchant of Venice,William Shakespeare,2243,68,Telugu,tel,82.0,44.254
David Copperfield,Charles Dickens,766,68,Telugu,tel,82.0,44.254
Book of Mormon,Joseph Smith; Mormon,17,126,Hausa,hau,43.9,43.9
Robinson Crusoe,Daniel Defoe,12623,98,Gujarati,guj,56.4,43.867
Book of Mormon,Joseph Smith; Mormon,17,126,Kannada,kan,43.6,43.6
A Tale of Two Cities,Charles Dickens,98,65,Marathi,mar,83.1,42.869
A Tale of Two Cities,Charles Dickens,98,65,Turkish,tur,82.2,42.405
Great Expectations,Charles Dickens,1400,69,Korean,kor,77.3,42.331
The Jungle Book,,236,69,Korean,kor,77.3,42.331
A Tale of Two Cities,Charles Dickens,98,65,Telugu,tel,82.0,42.302
A Journey to the Centre of the Earth,Jules Verne,18857,64,Marathi,mar,83.1,42.21
Great Expectations,Charles Dickens,1400,69,Malay,may,77.0,42.167
The Jungle Book,,236,69,Malay,may,77.0,42.167
A Journey to the Centre of the Earth,Jules Verne,18857,64,Turkish,tur,82.2,41.752
The Merchant of Venice,William Shakespeare,2243,68,Korean,kor,77.3,41.717
David Copperfield,Charles Dickens,766,68,Korean,kor,77.3,41.717
A Journey to the Centre of the Earth,Jules Verne,18857,64,Telugu,tel,82.0,41.651
Great Expectations,Charles Dickens,1400,69,Vietnamese,vie,76.0,41.619
The Jungle Book,,236,69,Vietnamese,vie,76.0,41.619
The Merchant of Venice,William Shakespeare,2243,68,Malay,may,77.0,41.556
David Copperfield,Charles Dickens,766,68,Malay,may,77.0,41.556
The Hound of the Baskervilles,Arthur Conan Doyle,3070,63,Marathi,mar,83.1,41.55
United States Bill of Rights,,2,63,Marathi,mar,83.1,41.55
The Adventures of Tom Sawyer,Mark Twain,74,76,Javanese,jav,68.3,41.197
The Hound of the Baskervilles,Arthur Conan Doyle,3070,63,Turkish,tur,82.2,41.1
United States Bill of Rights,,2,63,Turkish,tur,82.2,41.1
Great Expectations,Charles Dickens,1400,69,Tamil,tam,75.0,41.071
The Jungle Book,,236,69,Tamil,tam,75.0,41.071
The Merchant of Venice,William Shakespeare,2243,68,Vietnamese,vie,76.0,41.016
The Hound of the Baskervilles,Arthur Conan Doyle,3070,63,Telugu,tel,82.0,41.0
United States Bill of Rights,,2,63,Telugu,tel,82.0,41.0
A Christmas Carol,Charles Dickens,46,75,Urdu,urd,68.6,40.833
Dracula,Bram Stoker,345,75,Urdu,urd,68.6,40.833
A Christmas Carol,Charles Dickens,46,75,Javanese,jav,68.3,40.655
Dracula,Bram Stoker,345,75,Javanese,jav,68.3,40.655
The Merchant of Venice,William Shakespeare,2243,68,Tamil,tam,75.0,40.476
David Copperfield,Charles Dickens,766,68,Tamil,tam,75.0,40.476
A Study in Scarlet,Arthur Conan Doyle,244,61,Marathi,mar,83.1,40.231
Through the Looking-Glass,Lewis Carroll,12,61,Marathi,mar,83.1,40.231
A Tale of Two Cities,Charles Dickens,98,65,Korean,kor,77.3,39.877
A Study in Scarlet,Arthur Conan Doyle,244,61,Turkish,tur,82.2,39.795
A Tale of Two Cities,Charles Dickens,98,65,Malay,may,77.0,39.722
Book of Mormon,Joseph Smith; Mormon,17,126,Polish,pol,39.7,39.7
A Study in Scarlet,Arthur Conan Doyle,244,61,Telugu,tel,82.0,39.698
Through the Looking-Glass,Lewis Carroll,12,61,Telugu,tel,82.0,39.698
Strange Case of Dr Jekyll and Mr Hyde,Robert Louis Stevenson,43,60,Marathi,mar,83.1,39.571
A Journey to the Centre of the Earth,Jules Verne,18857,64,Korean,kor,77.3,39.263
Strange Case of Dr Jekyll and Mr Hyde,Robert Louis Stevenson,43,60,Turkish,tur,82.2,39.143
A Journey to the Centre of the Earth,Jules Verne,18857,64,Malay,may,77.0,39.111
Strange Case of Dr Jekyll and Mr Hyde,Robert Louis Stevenson,43,60,Telugu,tel,82.0,39.048
Book of Mormon,Joseph Smith; Mormon,17,126,Pashto,pus,39.0,39.0
Critique of Pure Reason,Immanuel Kant,4280,59,Marathi,mar,83.1,38.912
Leviathan,Thomas Hobbes,3207,59,Marathi,mar,83.1,38.912
A Journey to the Centre of the Earth,Jules Verne,18857,64,German,ger,76.5,38.857
A Tale of Two Cities,Charles Dickens,98,65,Tamil,tam,75.0,38.69
United States Bill of Rights,,2,63,Korean,kor,77.3,38.65
A Journey to the Centre of the Earth,Jules Verne,18857,64,Vietnamese,vie,76.0,38.603
United States Bill of Rights,,2,63,Malay,may,77.0,38.5
Critique of Pure Reason,Immanuel Kant,4280,59,Turkish,tur,82.2,38.49
Leviathan,Thomas Hobbes,3207,59,Turkish,tur,82.2,38.49
Critique of Pure Reason,Immanuel Kant,4280,59,Telugu,tel,82.0,38.397
Leviathan,Thomas Hobbes,3207,59,Telugu,tel,82.0,38.397
United States Bill of Rights,,2,63,German,ger,76.5,38.25
A Journey to the Centre of the Earth,Jules Verne,18857,64,Tamil,tam,75.0,38.095
The Hound of the Baskervilles,Arthur Conan Doyle,3070,63,Vietnamese,vie,76.0,38.0
United States Bill of Rights,,2,63,Vietnamese,vie,76.0,38.0
Book of Mormon,Joseph Smith; Mormon,17,126,Yoruba,yor,37.8,37.8
The Great Gatsby,F. Scott Fitzgerald,64317,84,Gujarati,guj,56.4,37.6
Great Expectations,Charles Dickens,1400,69,Urdu,urd,68.6,37.567
The Hound of the Baskervilles,Arthur Conan Doyle,3070,63,Tamil,tam,75.0,37.5
United States Bill of Rights,,2,63,Tamil,tam,75.0,37.5
A Study in Scarlet,Arthur Conan Doyle,244,61,Korean,kor,77.3,37.423
Great Expectations,Charles Dickens,1400,69,Javanese,jav,68.3,37.402
The Jungle Book,,236,69,Javanese,jav,68.3,37.402
A Study in Scarlet,Arthur Conan Doyle,244,61,Malay,may,77.0,37.278
Through the Looking-Glass,Lewis Carroll,12,61,Malay,may,77.0,37.278
Oliver Twist,Charles Dickens,56586,83,Gujarati,guj,56.4,37.152
Ulysses,James Joyce,4300,83,Gujarati,guj,56.4,37.152
Book of Mormon,Joseph Smith; Mormon,17,126,Malayalam,mal,37.1,37.1
The Merchant of Venice,William Shakespeare,2243,68,Urdu,urd,68.6,37.022
David Copperfield,Charles Dickens,766,68,Urdu,urd,68.6,37.022
Sense and Sensibility,Jane Austen,161,56,Marathi,mar,83.1,36.933
The Merchant of Venice,William Shakespeare,2243,68,Javanese,jav,68.3,36.86
David Copperfield,Charles Dickens,766,68,Javanese,jav,68.3,36.86
Strange Case of Dr Jekyll and Mr Hyde,Robert Louis Stevenson,43,60,Korean,kor,77.3,36.81
A Study in Scarlet,Arthur Conan Doyle,244,61,Vietnamese,vie,76.0,36.794
Through the Looking-Glass,Lewis Carroll,12,61,Vietnamese,vie,76.0,36.794
The Picture of Dorian Gray,Oscar Wilde,4078,82,Gujarati,guj,56.4,36.705
Strange Case of Dr Jekyll and Mr Hyde,Robert Louis Stevenson,43,60,Malay,may,77.0,36.667
Sense and Sensibility,Jane Austen,161,56,Turkish,tur,82.2,36.533
Sense and Sensibility,Jane Austen,161,56,Telugu,tel,82.0,36.444
A Study in Scarlet,Arthur Conan Doyle,244,61,Tamil,tam,75.0,36.31
Through the Looking-Glass,Lewis Carroll,12,61,Tamil,tam,75.0,36.31
Critique of Pure Reason,Immanuel Kant,4280,59,Korean,kor,77.3,36.196
Leviathan,Thomas Hobbes,3207,59,Korean,kor,77.3,36.196
Strange Case of Dr Jekyll and Mr Hyde,Robert Louis Stevenson,43,60,Vietnamese,vie,76.0,36.19
Critique of Pure Reason,Immanuel Kant,4280,59,Malay,may,77.0,36.056
Leviathan,Thomas Hobbes,3207,59,Malay,may,77.0,36.056
Critique of Pure Reason,Immanuel Kant,4280,59,German,ger,76.5,35.821
Strange Case of Dr Jekyll and Mr Hyde,Robert Louis Stevenson,43,60,Tamil,tam,75.0,35.714
Critique of Pure Reason,Immanuel Kant,4280,59,Vietnamese,vie,76.0,35.587
Leviathan,Thomas Hobbes,3207,59,Vietnamese,vie,76.0,35.587
A Tale of Two Cities,Charles Dickens,98,65,Urdu,urd,68.6,35.389
Pride and Prejudice,Jane Austen,1342,99,Persian,per,45.0,35.357
A Tale of Two Cities,Charles Dickens,98,65,Javanese,jav,68.3,35.234
Critique of Pure Reason,Immanuel Kant,4280,59,Tamil,tam,75.0,35.119
Leviathan,Thomas Hobbes,3207,59,Tamil,tam,75.0,35.119
The Call of the Wild,Jack London,215,53,Marathi,mar,83.1,34.955
A Journey to the Centre of the Earth,Jules Verne,18857,64,Urdu,urd,68.6,34.844
A Journey to the Centre of the Earth,Jules Verne,18857,64,Javanese,jav,68.3,34.692
The Call of the Wild,Jack London,215,53,Turkish,tur,82.2,34.576
Book of Mormon,Joseph Smith; Mormon,17,126,Odia,ori,34.5,34.5
Pride and Prejudice,Jane Austen,1342,99,Hausa,hau,43.9,34.493
The Call of the Wild,Jack London,215,53,Telugu,tel,82.0,34.492
The Hound of the Baskervilles,Arthur Conan Doyle,3070,63,Urdu,urd,68.6,34.3
United States Bill of Rights,,2,63,Urdu,urd,68.6,34.3
The Adventures of Sherlock Holmes,Arthur Conan Doyle,1661,52,Marathi,mar,83.1,34.295
The Last of the Mohicans,James Fenimore Cooper,940,52,Marathi,mar,83.1,34.295
Little Women,Louisa May Alcott,514,52,Marathi,mar,83.1,34.295
Pride and Prejudice,Jane Austen,1342,99,Kannada,kan,43.6,34.257
Sense and Sensibility,Jane Austen,161,56,Malay,may,77.0,34.222
The Hound of the Baskervilles,Arthur Conan Doyle,3070,63,Javanese,jav,68.3,34.15
United States Bill of Rights,,2,63,Javanese,jav,68.3,34.15
Robinson Crusoe,Daniel Defoe,12623,98,Hausa,hau,43.9,34.144
The Adventures of Tom Sawyer,Mark Twain,74,76,Gujarati,guj,56.4,34.019
The Last of the Mohicans,James Fenimore Cooper,940,52,Turkish,tur,82.2,33.924
Little Women,Louisa May Alcott,514,52,Turkish,tur,82.2,33.924
Robinson Crusoe,Daniel Defoe,12623,98,Kannada,kan,43.6,33.911
The Adventures of Sherlock Holmes,Arthur Conan Doyle,1661,52,Telugu,tel,82.0,33.841
The Last of the Mohicans,James Fenimore Cooper,940,52,Telugu,tel,82.0,33.841
Little Women,Louisa May Alcott,514,52,Telugu,tel,82.0,33.841
Sense and Sensibility,Jane Austen,161,56,Vietnamese,vie,76.0,33.778
A Christmas Carol,Charles Dickens,46,75,Gujarati,guj,56.4,33.571
Dracula,Bram Stoker,345,75,Gujarati,guj,56.4,33.571
Sense and Sensibility,Jane Austen,161,56,Tamil,tam,75.0,33.333
A Study in Scarlet,Arthur Conan Doyle,244,61,Urdu,urd,68.6,33.211
Through the Looking-Glass,Lewis Carroll,12,61,Urdu,urd,68.6,33.211
A Study in Scarlet,Arthur Conan Doyle,244,61,Javanese,jav,68.3,33.066
Through the Looking-Glass,Lewis Carroll,12,61,Javanese,jav,68.3,33.066
A Journey to the Centre of the Earth,Jules Verne,18857,64,Italian,ita,64.8,32.914
Book of Mormon,Joseph Smith; Mormon,17,126,Burmese,bur,32.9,32.9
Strange Case of Dr Jekyll and Mr Hyde,Robert Louis Stevenson,43,60,Urdu,urd,68.6,32.667
Strange Case of Dr Jekyll and Mr Hyde,Robert Louis Stevenson,43,60,Javanese,jav,68.3,32.524
Book of Mormon,Joseph Smith; Mormon,17,126,Sundanese,sun,32.4,32.4
United States Bill of Rights,,2,63,Italian,ita,64.8,32.4
The Call of the Wild,Jack London,215,53,Malay,may,77.0,32.389
Critique of Pure Reason,Immanuel Kant,4280,59,Urdu,urd,68.6,32.122
Leviathan,Thomas Hobbes,3207,59,Urdu,urd,68.6,32.122
Critique of Pure Reason,Immanuel Kant,4280,59,Javanese,jav,68.3,31.982
Leviathan,Thomas Hobbes,3207,59,Javanese,jav,68.3,31.982
The Call of the Wild,Jack London,215,53,Vietnamese,vie,76.0,31.968
The Adventures of Sherlock Holmes,Arthur Conan Doyle,1661,52,Korean,kor,77.3,31.902
The Last of the Mohicans,James Fenimore Cooper,940,52,Korean,kor,77.3,31.902
The Last of the Mohicans,James Fenimore Cooper,940,52,Malay,may,77.0,31.778
Little Women,Louisa May Alcott,514,52,Malay,may,77.0,31.778
Little Women,Louisa May Alcott,514,52,German,ger,76.5,31.571
The Call of the Wild,Jack London,215,53,Tamil,tam,75.0,31.548
The Adventures of Sherlock Holmes,Arthur Conan Doyle,1661,52,Vietnamese,vie,76.0,31.365
The Last of the Mohicans,James Fenimore Cooper,940,52,Vietnamese,vie,76.0,31.365
Little Women,Louisa May Alcott,514,52,Vietnamese,vie,76.0,31.365
The Adventures of Sherlock Holmes,Arthur Conan Doyle,1661,52,Tamil,tam,75.0,30.952
The Last of the Mohicans,James Fenimore Cooper,940,52,Tamil,tam,75.0,30.952
Little Women,Louisa May Alcott,514,52,Tamil,tam,75.0,30.952
Great Expectations,Charles Dickens,1400,69,Gujarati,guj,56.4,30.886
The Jungle Book,,236,69,Gujarati,guj,56.4,30.886
Pride and Prejudice,Jane Austen,1342,99,Pashto,pus,39.0,30.643
Sense and Sensibility,Jane Austen,161,56,Urdu,urd,68.6,30.489
David Copperfield,Charles Dickens,766,68,Gujarati,guj,56.4,30.438
Treasure Island,Robert Louis Stevenson,120,85,Persian,per,45.0,30.357
Sense and Sensibility,Jane Austen,161,56,Javanese,jav,68.3,30.356
Critique of Pure Reason,Immanuel Kant,4280,59,Italian,ita,64.8,30.343
Leviathan,Thomas Hobbes,3207,59,Italian,ita,64.8,30.343
Robinson Crusoe,Daniel Defoe,12623,98,Pashto,pus,39.0,30.333
The Great Gatsby,F. Scott Fitzgerald,64317,84,Persian,per,45.0,30.0
Pride and Prejudice,Jane Austen,1342,99,Yoruba,yor,37.8,29.7
Oliver Twist,Charles Dickens,56586,83,Persian,per,45.0,29.643
Ulysses,James Joyce,4300,83,Persian,per,45.0,29.643
Treasure Island,Robert Louis Stevenson,120,85,Hausa,hau,43.9,29.615
Treasure Island,Robert Louis Stevenson,120,85,Kannada,kan,43.6,29.413
Robinson Crusoe,Daniel Defoe,12623,98,Yoruba,yor,37.8,29.4
The Picture of Dorian Gray,Oscar Wilde,4078,82,Persian,per,45.0,29.286
The Great Gatsby,F. Scott Fitzgerald,64317,84,Hausa,hau,43.9,29.267
Pride and Prejudice,Jane Austen,1342,99,Malayalam,mal,37.1,29.15
The Great Gatsby,F. Scott Fitzgerald,64317,84,Kannada,kan,43.6,29.067
Oliver Twist,Charles Dickens,56586,83,Hausa,hau,43.9,28.918
Ulysses,James Joyce,4300,83,Hausa,hau,43.9,28.918
Robinson Crusoe,Daniel Defoe,12623,98,Malayalam,mal,37.1,28.856
The Call of the Wild,Jack London,215,53,Urdu,urd,68.6,28.856
The Call of the Wild,Jack London,215,53,Javanese,jav,68.3,28.729
Oliver Twist,Charles Dickens,56586,83,Kannada,kan,43.6,28.721
Ulysses,James Joyce,4300,83,Kannada,kan,43.6,28.721
A Journey to the Centre of the Earth,Jules Verne,18857,64,Gujarati,guj,56.4,28.648
The Picture of Dorian Gray,Oscar Wilde,4078,82,Hausa,hau,43.9,28.57
The Picture of Dorian Gray,Oscar Wilde,4078,82,Kannada,kan,43.6,28.375
The Adventures of Sherlock Holmes,Arthur Conan Doyle,1661,52,Urdu,urd,68.6,28.311
The Last of the Mohicans,James Fenimore Cooper,940,52,Urdu,urd,68.6,28.311
The Hound of the Baskervilles,Arthur Conan Doyle,3070,63,Gujarati,guj,56.4,28.2
United States Bill of Rights,,2,63,Gujarati,guj,56.4,28.2
The Adventures of Sherlock Holmes,Arthur Conan Doyle,1661,52,Javanese,jav,68.3,28.187
The Last of the Mohicans,James Fenimore Cooper,940,52,Javanese,jav,68.3,28.187
Little Women,Louisa May Alcott,514,52,Javanese,jav,68.3,28.187
A Study in Scarlet,Arthur Conan Doyle,244,61,Gujarati,guj,56.4,27.305
Through the Looking-Glass,Lewis Carroll,12,61,Gujarati,guj,56.4,27.305
Pride and Prejudice,Jane Austen,1342,99,Odia,ori,34.5,27.107
Book of Mormon,Joseph Smith; Mormon,17,126,Uzbek,uzb,27.0,27.0
Book of Mormon,Joseph Smith; Mormon,17,126,Igbo,ibo,27.0,27.0
Book of Mormon,Joseph Smith; Mormon,17,126,Ukrainian,ukr,26.9,26.9
Strange Case of Dr Jekyll and Mr Hyde,Robert Louis Stevenson,43,60,Gujarati,guj,56.4,26.857
Robinson Crusoe,Daniel Defoe,12623,98,Odia,ori,34.5,26.833
A Christmas Carol,Charles Dickens,46,75,Persian,per,45.0,26.786
Dracula,Bram Stoker,345,75,Persian,per,45.0,26.786
Treasure Island,Robert Louis Stevenson,120,85,Polish,pol,39.7,26.782
The Adventures of Sherlock Holmes,Arthur Conan Doyle,1661,52,Italian,ita,64.8,26.743
The Adventures of Tom Sawyer,Mark Twain,74,76,Hausa,hau,43.9,26.479
Critique of Pure Reason,Immanuel Kant,4280,59,Gujarati,guj,56.4,26.41
Leviathan,Thomas Hobbes,3207,59,Gujarati,guj,56.4,26.41
Treasure Island,Robert Louis Stevenson,120,85,Pashto,pus,39.0,26.31
The Adventures of Tom Sawyer,Mark Twain,74,76,Kannada,kan,43.6,26.298
Oliver Twist,Charles Dickens,56586,83,Polish,pol,39.7,26.152
A Christmas Carol,Charles Dickens,46,75,Hausa,hau,43.9,26.131
Dracula,Bram Stoker,345,75,Hausa,hau,43.9,26.131
The Great Gatsby,F. Scott Fitzgerald,64317,84,Pashto,pus,39.0,26.0
A Christmas Carol,Charles Dickens,46,75,Kannada,kan,43.6,25.952
Dracula,Bram Stoker,345,75,Kannada,kan,43.6,25.952
Pride and Prejudice,Jane Austen,1342,99,Burmese,bur,32.9,25.85
The Picture of Dorian Gray,Oscar Wilde,4078,82,Polish,pol,39.7,25.837
Oliver Twist,Charles Dickens,56586,83,Pashto,pus,39.0,25.69
Ulysses,James Joyce,4300,83,Pashto,pus,39.0,25.69
Robinson Crusoe,Daniel Defoe,12623,98,Burmese,bur,32.9,25.589
Treasure Island,Robert Louis Stevenson,120,85,Yoruba,yor,37.8,25.5
Pride and Prejudice,Jane Austen,1342,99,Sundanese,sun,32.4,25.457
The Picture of Dorian Gray,Oscar Wilde,4078,82,Pashto,pus,39.0,25.381
Robinson Crusoe,Daniel Defoe,12623,98,Sundanese,sun,32.4,25.2
The Great Gatsby,F. Scott Fitzgerald,64317,84,Yoruba,yor,37.8,25.2
Sense and Sensibility,Jane Austen,161,56,Gujarati,guj,56.4,25.067
Treasure Island,Robert Louis Stevenson,120,85,Malayalam,mal,37.1,25.028
Oliver Twist,Charles Dickens,56586,83,Yoruba,yor,37.8,24.9
Ulysses,James Joyce,4300,83,Yoruba,yor,37.8,24.9
The Great Gatsby,F. Scott Fitzgerald,64317,84,Malayalam,mal,37.1,24.733
Great Expectations,Charles Dickens,1400,69,Persian,per,45.0,24.643
The Jungle Book,,236,69,Persian,per,45.0,24.643
Book of Mormon,Joseph Smith; Mormon,17,126,Sindhi,snd,24.6,24.6
The Picture of Dorian Gray,Oscar Wilde,4078,82,Yoruba,yor,37.8,24.6
Ulysses,James Joyce,4300,83,Malayalam,mal,37.1,24.439
Book of Mormon,Joseph Smith; Mormon,17,126,Romanian,rum,24.3,24.3
The Merchant of Venice,William Shakespeare,2243,68,Persian,per,45.0,24.286
David Copperfield,Charles Dickens,766,68,Persian,per,45.0,24.286
The Picture of Dorian Gray,Oscar Wilde,4078,82,Malayalam,mal,37.1,24.144
Great Expectations,Charles Dickens,1400,69,Hausa,hau,43.9,24.04
The Jungle Book,,236,69,Hausa,hau,43.9,24.04
Book of Mormon,Joseph Smith; Mormon,17,126,Oromo,orm,24.0,24.0
Book of Mormon,Joseph Smith; Mormon,17,126,Fula,ful,24.0,24.0
Great Expectations,Charles Dickens,1400,69,Kannada,kan,43.6,23.876
The Jungle Book,,236,69,Kannada,kan,43.6,23.876
The Call of the Wild,Jack London,215,53,Gujarati,guj,56.4,23.724
The Merchant of Venice,William Shakespeare,2243,68,Hausa,hau,43.9,23.692
David Copperfield,Charles Dickens,766,68,Hausa,hau,43.9,23.692
Book of Mormon,Joseph Smith; Mormon,17,126,Tagalog,tgl,23.6,23.6
The Merchant of Venice,William Shakespeare,2243,68,Kannada,kan,43.6,23.53
David Copperfield,Charles Dickens,766,68,Kannada,kan,43.6,23.53
The Adventures of Tom Sawyer,Mark Twain,74,76,Pashto,pus,39.0,23.524
The Adventures of Sherlock Holmes,Arthur Conan Doyle,1661,52,Gujarati,guj,56.4,23.276
The Last of the Mohicans,James Fenimore Cooper,940,52,Gujarati,guj,56.4,23.276
Little Women,Louisa May Alcott,514,52,Gujarati,guj,56.4,23.276
Treasure Island,Robert Louis Stevenson,120,85,Odia,ori,34.5,23.274
A Christmas Carol,Charles Dickens,46,75,Pashto,pus,39.0,23.214
Dracula,Bram Stoker,345,75,Pashto,pus,39.0,23.214
A Tale of Two Cities,Charles Dickens,98,65,Persian,per,45.0,23.214
Book of Mormon,Joseph Smith; Mormon,17,126,Azerbaijani,aze,23.0,23.0
The Great Gatsby,F. Scott Fitzgerald,64317,84,Odia,ori,34.5,23.0
A Journey to the Centre of the Earth,Jules Verne,18857,64,Persian,per,45.0,22.857
The Adventures of Tom Sawyer,Mark Twain,74,76,Yoruba,yor,37.8,22.8
Oliver Twist,Charles Dickens,56586,83,Odia,ori,34.5,22.726
Ulysses,James Joyce,4300,83,Odia,ori,34.5,22.726
A Tale of Two Cities,Charles Dickens,98,65,Hausa,hau,43.9,22.647
A Christmas Carol,Charles Dickens,46,75,Yoruba,yor,37.8,22.5
Dracula,Bram Stoker,345,75,Yoruba,yor,37.8,22.5
The Hound of the Baskervilles,Arthur Conan Doyle,3070,63,Persian,per,45.0,22.5
United States Bill of Rights,,2,63,Persian,per,45.0,22.5
A Tale of Two Cities,Charles Dickens,98,65,Kannada,kan,43.6,22.492
The Picture of Dorian Gray,Oscar Wilde,4078,82,Odia,ori,34.5,22.452
A Journey to the Centre of the Earth,Jules Verne,18857,64,Hausa,hau,43.9,22.298
Treasure Island,Robert Louis Stevenson,120,85,Burmese,bur,32.9,22.194
A Journey to the Centre of the Earth,Jules Verne,18857,64,Kannada,kan,43.6,22.146
A Christmas Carol,Charles Dickens,46,75,Malayalam,mal,37.1,22.083
Dracula,Bram Stoker,345,75,Malayalam,mal,37.1,22.083
The Hound of the Baskervilles,Arthur Conan Doyle,3070,63,Hausa,hau,43.9,21.95
United States Bill of Rights,,2,63,Hausa,hau,43.9,21.95
The Great Gatsby,F. Scott Fitzgerald,64317,84,Burmese,bur,32.9,21.933
Book of Mormon,Joseph Smith; Mormon,17,126,Amharic,amh,21.9,21.9
Treasure Island,Robert Louis Stevenson,120,85,Sundanese,sun,32.4,21.857
The Hound of the Baskervilles,Arthur Conan Doyle,3070,63,Kannada,kan,43.6,21.8
United States Bill of Rights,,2,63,Kannada,kan,43.6,21.8
A Study in Scarlet,Arthur Conan Doyle,244,61,Persian,per,45.0,21.786
Through the Looking-Glass,Lewis Carroll,12,61,Persian,per,45.0,21.786
Great Expectations,Charles Dickens,1400,69,Polish,pol,39.7,21.74
The Jungle Book,,236,69,Polish,pol,39.7,21.74
Oliver Twist,Charles Dickens,56586,83,Burmese,bur,32.9,21.672
Ulysses,James Joyce,4300,83,Burmese,bur,32.9,21.672
The Great Gatsby,F. Scott Fitzgerald,64317,84,Sundanese,sun,32.4,21.6
Strange Case of Dr Jekyll and Mr Hyde,Robert Louis Stevenson,43,60,Persian,per,45.0,21.429
David Copperfield,Charles Dickens,766,68,Polish,pol,39.7,21.425
The Picture of Dorian Gray,Oscar Wilde,4078,82,Burmese,bur,32.9,21.411
Great Expectations,Charles Dickens,1400,69,Pashto,pus,39.0,21.357
The Jungle Book,,236,69,Pashto,pus,39.0,21.357
Oliver Twist,Charles Dickens,56586,83,Sundanese,sun,32.4,21.343
Ulysses,James Joyce,4300,83,Sundanese,sun,32.4,21.343
A Study in Scarlet,Arthur Conan Doyle,244,61,Hausa,hau,43.9,21.253
Through the Looking-Glass,Lewis Carroll,12,61,Hausa,hau,43.9,21.253
Pride and Prejudice,Jane Austen,1342,99,Uzbek,uzb,27.0,21.214
Pride and Prejudice,Jane Austen,1342,99,Igbo,ibo,27.0,21.214
Pride and Prejudice,Jane Austen,1342,99,Ukrainian,ukr,26.9,21.136
A Study in Scarlet,Arthur Conan Doyle,244,61,Kannada,kan,43.6,21.108
Through the Looking-Glass,Lewis Carroll,12,61,Kannada,kan,43.6,21.108
The Picture of Dorian Gray,Oscar Wilde,4078,82,Sundanese,sun,32.4,21.086
Critique of Pure Reason,Immanuel Kant,4280,59,Persian,per,45.0,21.071
Leviathan,Thomas Hobbes,3207,59,Persian,per,45.0,21.071
The Merchant of Venice,William Shakespeare,2243,68,Pashto,pus,39.0,21.048
David Copperfield,Charles Dickens,766,68,Pashto,pus,39.0,21.048
Book of Mormon,Joseph Smith; Mormon,17,126,Kurdish,kur,21.0,21.0
Robinson Crusoe,Daniel Defoe,12623,98,Uzbek,uzb,27.0,21.0
Robinson Crusoe,Daniel Defoe,12623,98,Igbo,ibo,27.0,21.0
Robinson Crusoe,Daniel Defoe,12623,98,Ukrainian,ukr,26.9,20.922
Strange Case of Dr Jekyll and Mr Hyde,Robert Louis Stevenson,43,60,Hausa,hau,43.9,20.905
The Adventures of Tom Sawyer,Mark Twain,74,76,Odia,ori,34.5,20.81
Strange Case of Dr Jekyll and Mr Hyde,Robert Louis Stevenson,43,60,Kannada,kan,43.6,20.762
Book of Mormon,Joseph Smith; Mormon,17,126,Thai,tha,20.7,20.7
Great Expectations,Charles Dickens,1400,69,Yoruba,yor,37.8,20.7
The Jungle Book,,236,69,Yoruba,yor,37.8,20.7
Critique of Pure Reason,Immanuel Kant,4280,59,Hausa,hau,43.9,20.556
Leviathan,Thomas Hobbes,3207,59,Hausa,hau,43.9,20.556
A Christmas Carol,Charles Dickens,46,75,Odia,ori,34.5,20.536
Dracula,Bram Stoker,345,75,Odia,ori,34.5,20.536
A Tale of Two Cities,Charles Dickens,98,65,Polish,pol,39.7,20.48
Critique of Pure Reason,Immanuel Kant,4280,59,Kannada,kan,43.6,20.416
Leviathan,Thomas Hobbes,3207,59,Kannada,kan,43.6,20.416
The Merchant of Venice,William Shakespeare,2243,68,Yoruba,yor,37.8,20.4
David Copperfield,Charles Dickens,766,68,Yoruba,yor,37.8,20.4
Great Expectations,Charles Dickens,1400,69,Malayalam,mal,37.1,20.317
The Jungle Book,,236,69,Malayalam,mal,37.1,20.317
A Journey to the Centre of the Earth,Jules Verne,18857,64,Polish,pol,39.7,20.165
A Tale of Two Cities,Charles Dickens,98,65,Pashto,pus,39.0,20.119
The Merchant of Venice,William Shakespeare,2243,68,Malayalam,mal,37.1,20.022
David Copperfield,Charles Dickens,766,68,Malayalam,mal,37.1,20.022
Book of Mormon,Joseph Smith; Mormon,17,126,Lingala,lin,20.0,20.0
Sense and Sensibility,Jane Austen,161,56,Persian,per,45.0,20.0
United States Bill of Rights,,2,63,Polish,pol,39.7,19.85
The Adventures of Tom Sawyer,Mark Twain,74,76,Burmese,bur,32.9,19.844
A Journey to the Centre of the Earth,Jules Verne,18857,64,Pashto,pus,39.0,19.81
A Christmas Carol,Charles Dickens,46,75,Burmese,bur,32.9,19.583
Dracula,Bram Stoker,345,75,Burmese,bur,32.9,19.583
The Adventures of Tom Sawyer,Mark Twain,74,76,Sundanese,sun,32.4,19.543
Sense and Sensibility,Jane Austen,161,56,Hausa,hau,43.9,19.511
A Tale of Two Cities,Charles Dickens,98,65,Yoruba,yor,37.8,19.5
The Hound of the Baskervilles,Arthur Conan Doyle,3070,63,Pashto,pus,39.0,19.5
United States Bill of Rights,,2,63,Pashto,pus,39.0,19.5
Sense and Sensibility,Jane Austen,161,56,Kannada,kan,43.6,19.378
Pride and Prejudice,Jane Austen,1342,99,Sindhi,snd,24.6,19.329
A Christmas Carol,Charles Dickens,46,75,Sundanese,sun,32.4,19.286
Dracula,Bram Stoker,345,75,Sundanese,sun,32.4,19.286
A Study in Scarlet,Arthur Conan Doyle,244,61,Polish,pol,39.7,19.22
Through the Looking-Glass,Lewis Carroll,12,61,Polish,pol,39.7,19.22
A Journey to the Centre of the Earth,Jules Verne,18857,64,Yoruba,yor,37.8,19.2
A Tale of Two Cities,Charles Dickens,98,65,Malayalam,mal,37.1,19.139
Robinson Crusoe,Daniel Defoe,12623,98,Sindhi,snd,24.6,19.133
Book of Mormon,Joseph Smith; Mormon,17,126,Serbo-Croatian,sh,19.0,19.0
The Call of the Wild,Jack London,215,53,Persian,per,45.0,18.929
Strange Case of Dr Jekyll and Mr Hyde,Robert Louis Stevenson,43,60,Polish,pol,39.7,18.905
The Hound of the Baskervilles,Arthur Conan Doyle,3070,63,Yoruba,yor,37.8,18.9
United States Bill of Rights,,2,63,Yoruba,yor,37.8,18.9
Great Expectations,Charles Dickens,1400,69,Odia,ori,34.5,18.893
The Jungle Book,,236,69,Odia,ori,34.5,18.893
A Study in Scarlet,Arthur Conan Doyle,244,61,Pashto,pus,39.0,18.881
Through the Looking-Glass,Lewis Carroll,12,61,Pashto,pus,39.0,18.881
Pride and Prejudice,Jane Austen,1342,99,Oromo,orm,24.0,18.857
Pride and Prejudice,Jane Austen,1342,99,Fula,ful,24.0,18.857
A Journey to the Centre of the Earth,Jules Verne,18857,64,Malayalam,mal,37.1,18.844
Robinson Crusoe,Daniel Defoe,12623,98,Oromo,orm,24.0,18.667
Robinson Crusoe,Daniel Defoe,12623,98,Fula,ful,24.0,18.667
The Merchant of Venice,William Shakespeare,2243,68,Odia,ori,34.5,18.619
David Copperfield,Charles Dickens,766,68,Odia,ori,34.5,18.619
Critique of Pure Reason,Immanuel Kant,4280,59,Polish,pol,39.7,18.59
Leviathan,Thomas Hobbes,3207,59,Polish,pol,39.7,18.59
Strange Case of Dr Jekyll and Mr Hyde,Robert Louis Stevenson,43,60,Pashto,pus,39.0,18.571
The Adventures of Sherlock Holmes,Arthur Conan Doyle,1661,52,Persian,per,45.0,18.571
The Last of the Mohicans,James Fenimore Cooper,940,52,Persian,per,45.0,18.571
Little Women,Louisa May Alcott,514,52,Persian,per,45.0,18.571
The Hound of the Baskervilles,Arthur Conan Doyle,3070,63,Malayalam,mal,37.1,18.55
United States Bill of Rights,,2,63,Malayalam,mal,37.1,18.55
Pride and Prejudice,Jane Austen,1342,99,Tagalog,tgl,23.6,18.543
The Call of the Wild,Jack London,215,53,Hausa,hau,43.9,18.466
Robinson Crusoe,Daniel Defoe,12623,98,Tagalog,tgl,23.6,18.356
The Call of the Wild,Jack London,215,53,Kannada,kan,43.6,18.34
A Study in Scarlet,Arthur Conan Doyle,244,61,Yoruba,yor,37.8,18.3
Through the Looking-Glass,Lewis Carroll,12,61,Yoruba,yor,37.8,18.3
Critique of Pure Reason,Immanuel Kant,4280,59,Pashto,pus,39.0,18.262
Leviathan,Thomas Hobbes,3207,59,Pashto,pus,39.0,18.262
Treasure Island,Robert Louis Stevenson,120,85,Uzbek,uzb,27.0,18.214
Treasure Island,Robert Louis Stevenson,120,85,Igbo,ibo,27.0,18.214
Treasure Island,Robert Louis Stevenson,120,85,Ukrainian,ukr,26.9,18.147
The Adventures of Sherlock Holmes,Arthur Conan Doyle,1661,52,Hausa,hau,43.9,18.117
The Last of the Mohicans,James Fenimore Cooper,940,52,Hausa,hau,43.9,18.117
Little Women,Louisa May Alcott,514,52,Hausa,hau,43.9,18.117
Pride and Prejudice,Jane Austen,1342,99,Azerbaijani,aze,23.0,18.071
Great Expectations,Charles Dickens,1400,69,Burmese,bur,32.9,18.017
The Jungle Book,,236,69,Burmese,bur,32.9,18.017
Book of Mormon,Joseph Smith; Mormon,17,126,Malagasy,mlg,18.0,18.0
The Great Gatsby,F. Scott Fitzgerald,64317,84,Uzbek,uzb,27.0,18.0
The Great Gatsby,F. Scott Fitzgerald,64317,84,Igbo,ibo,27.0,18.0
Strange Case of Dr Jekyll and Mr Hyde,Robert Louis Stevenson,43,60,Yoruba,yor,37.8,18.0
The Adventures of Sherlock Holmes,Arthur Conan Doyle,1661,52,Kannada,kan,43.6,17.994
The Last of the Mohicans,James Fenimore Cooper,940,52,Kannada,kan,43.6,17.994
Little Women,Louisa May Alcott,514,52,Kannada,kan,43.6,17.994
A Study in Scarlet,Arthur Conan Doyle,244,61,Malayalam,mal,37.1,17.961
Through the Looking-Glass,Lewis Carroll,12,61,Malayalam,mal,37.1,17.961
The Great Gatsby,F. Scott Fitzgerald,64317,84,Ukrainian,ukr,26.9,17.933
Robinson Crusoe,Daniel Defoe,12623,98,Azerbaijani,aze,23.0,17.889
A Tale of Two Cities,Charles Dickens,98,65,Odia,ori,34.5,17.798
Oliver Twist,Charles Dickens,56586,83,Uzbek,uzb,27.0,17.786
Oliver Twist,Charles Dickens,56586,83,Igbo,ibo,27.0,17.786
Ulysses,James Joyce,4300,83,Uzbek,uzb,27.0,17.786
Ulysses,James Joyce,4300,83,Igbo,ibo,27.0,17.786
The Merchant of Venice,William Shakespeare,2243,68,Burmese,bur,32.9,17.756
David Copperfield,Charles Dickens,766,68,Burmese,bur,32.9,17.756
Great Expectations,Charles Dickens,1400,69,Sundanese,sun,32.4,17.743
The Jungle Book,,236,69,Sundanese,sun,32.4,17.743
Ulysses,James Joyce,4300,83,Ukrainian,ukr,26.9,17.72
Critique of Pure Reason,Immanuel Kant,4280,59,Yoruba,yor,37.8,17.7
Leviathan,Thomas Hobbes,3207,59,Yoruba,yor,37.8,17.7
Strange Case of Dr Jekyll and Mr Hyde,Robert Louis Stevenson,43,60,Malayalam,mal,37.1,17.667
The Picture of Dorian Gray,Oscar Wilde,4078,82,Uzbek,uzb,27.0,17.571
The Picture of Dorian Gray,Oscar Wilde,4078,82,Igbo,ibo,27.0,17.571
A Journey to the Centre of the Earth,Jules Verne,18857,64,Odia,ori,34.5,17.524
The Merchant of Venice,William Shakespeare,2243,68,Sundanese,sun,32.4,17.486
David Copperfield,Charles Dickens,766,68,Sundanese,sun,32.4,17.486
Critique of Pure Reason,Immanuel Kant,4280,59,Malayalam,mal,37.1,17.372
Leviathan,Thomas Hobbes,3207,59,Malayalam,mal,37.1,17.372
Sense and Sensibility,Jane Austen,161,56,Pashto,pus,39.0,17.333
The Hound of the Baskervilles,Arthur Conan Doyle,3070,63,Odia,ori,34.5,17.25
United States Bill of Rights,,2,63,Odia,ori,34.5,17.25
Pride and Prejudice,Jane Austen,1342,99,Amharic,amh,21.9,17.207
Robinson Crusoe,Daniel Defoe,12623,98,Amharic,amh,21.9,17.033
A Tale of Two Cities,Charles Dickens,98,65,Burmese,bur,32.9,16.972
Sense and Sensibility,Jane Austen,161,56,Yoruba,yor,37.8,16.8
A Tale of Two Cities,Charles Dickens,98,65,Sundanese,sun,32.4,16.714
A Journey to the Centre of the Earth,Jules Verne,18857,64,Burmese,bur,32.9,16.711
A Study in Scarlet,Arthur Conan Doyle,244,61,Odia,ori,34.5,16.702
Through the Looking-Glass,Lewis Carroll,12,61,Odia,ori,34.5,16.702
The Call of the Wild,Jack London,215,53,Polish,pol,39.7,16.699
Book of Mormon,Joseph Smith; Mormon,17,126,Khmer,khm,16.6,16.6
Treasure Island,Robert Louis Stevenson,120,85,Sindhi,snd,24.6,16.595
Pride and Prejudice,Jane Austen,1342,99,Kurdish,kur,21.0,16.5
Sense and Sensibility,Jane Austen,161,56,Malayalam,mal,37.1,16.489
A Journey to the Centre of the Earth,Jules Verne,18857,64,Sundanese,sun,32.4,16.457
The Hound of the Baskervilles,Arthur Conan Doyle,3070,63,Burmese,bur,32.9,16.45
United States Bill of Rights,,2,63,Burmese,bur,32.9,16.45
Strange Case of Dr Jekyll and Mr Hyde,Robert Louis Stevenson,43,60,Odia,ori,34.5,16.429
The Call of the Wild,Jack London,215,53,Pashto,pus,39.0,16.405
The Great Gatsby,F. Scott Fitzgerald,64317,84,Sindhi,snd,24.6,16.4
Treasure Island,Robert Louis Stevenson,120,85,Romanian,rum,24.3,16.393
Robinson Crusoe,Daniel Defoe,12623,98,Kurdish,kur,21.0,16.333
The Adventures of Tom Sawyer,Mark Twain,74,76,Uzbek,uzb,27.0,16.286
The Adventures of Tom Sawyer,Mark Twain,74,76,Igbo,ibo,27.0,16.286
Pride and Prejudice,Jane Austen,1342,99,Thai,tha,20.7,16.264
The Adventures of Tom Sawyer,Mark Twain,74,76,Ukrainian,ukr,26.9,16.225
Oliver Twist,Charles Dickens,56586,83,Sindhi,snd,24.6,16.205
Ulysses,James Joyce,4300,83,Sindhi,snd,24.6,16.205
Book of Mormon,Joseph Smith; Mormon,17,126,Somali,som,16.2,16.2
The Hound of the Baskervilles,Arthur Conan Doyle,3070,63,Sundanese,sun,32.4,16.2
United States Bill of Rights,,2,63,Sundanese,sun,32.4,16.2
Treasure Island,Robert Louis Stevenson,120,85,Oromo,orm,24.0,16.19
Treasure Island,Robert Louis Stevenson,120,85,Fula,ful,24.0,16.19
Critique of Pure Reason,Immanuel Kant,4280,59,Odia,ori,34.5,16.155
Leviathan,Thomas Hobbes,3207,59,Odia,ori,34.5,16.155
Robinson Crusoe,Daniel Defoe,12623,98,Thai,tha,20.7,16.1
The Adventures of Sherlock Holmes,Arthur Conan Doyle,1661,52,Pashto,pus,39.0,16.095
The Last of the Mohicans,James Fenimore Cooper,940,52,Pashto,pus,39.0,16.095
Little Women,Louisa May Alcott,514,52,Pashto,pus,39.0,16.095
A Christmas Carol,Charles Dickens,46,75,Uzbek,uzb,27.0,16.071
A Christmas Carol,Charles Dickens,46,75,Igbo,ibo,27.0,16.071
Dracula,Bram Stoker,345,75,Uzbek,uzb,27.0,16.071
Dracula,Bram Stoker,345,75,Igbo,ibo,27.0,16.071
Dracula,Bram Stoker,345,75,Ukrainian,ukr,26.9,16.012
The Picture of Dorian Gray,Oscar Wilde,4078,82,Sindhi,snd,24.6,16.01
Oliver Twist,Charles Dickens,56586,83,Romanian,rum,24.3,16.007
Ulysses,James Joyce,4300,83,Romanian,rum,24.3,16.007
Book of Mormon,Joseph Smith; Mormon,17,126,Zhuang,zha,16.0,16.0
Book of Mormon,Joseph Smith; Mormon,17,126,Turkmen,tuk,16.0,16.0
The Great Gatsby,F. Scott Fitzgerald,64317,84,Oromo,orm,24.0,16.0
The Great Gatsby,F. Scott Fitzgerald,64317,84,Fula,ful,24.0,16.0
A Study in Scarlet,Arthur Conan Doyle,244,61,Burmese,bur,32.9,15.928
Through the Looking-Glass,Lewis Carroll,12,61,Burmese,bur,32.9,15.928
Treasure Island,Robert Louis Stevenson,120,85,Tagalog,tgl,23.6,15.921
The Call of the Wild,Jack London,215,53,Yoruba,yor,37.8,15.9
Oliver Twist,Charles Dickens,56586,83,Oromo,orm,24.0,15.81
Oliver Twist,Charles Dickens,56586,83,Fula,ful,24.0,15.81
Ulysses,James Joyce,4300,83,Oromo,orm,24.0,15.81
Ulysses,James Joyce,4300,83,Fula,ful,24.0,15.81
Book of Mormon,Joseph Smith; Mormon,17,126,Nepali,nep,15.8,15.8
The Great Gatsby,F. Scott Fitzgerald,64317,84,Tagalog,tgl,23.6,15.733
Pride and Prejudice,Jane Austen,1342,99,Lingala,lin,20.0,15.714
A Study in Scarlet,Arthur Conan Doyle,244,61,Sundanese,sun,32.4,15.686
Through the Looking-Glass,Lewis Carroll,12,61,Sundanese,sun,32.4,15.686
Strange Case of Dr Jekyll and Mr Hyde,Robert Louis Stevenson,43,60,Burmese,bur,32.9,15.667
The Picture of Dorian Gray,Oscar Wilde,4078,82,Oromo,orm,24.0,15.619
The Picture of Dorian Gray,Oscar Wilde,4078,82,Fula,ful,24.0,15.619
The Call of the Wild,Jack London,215,53,Malayalam,mal,37.1,15.606
The Adventures of Sherlock Holmes,Arthur Conan Doyle,1661,52,Yoruba,yor,37.8,15.6
The Last of the Mohicans,James Fenimore Cooper,940,52,Yoruba,yor,37.8,15.6
Little Women,Louisa May Alcott,514,52,Yoruba,yor,37.8,15.6
Robinson Crusoe,Daniel Defoe,12623,98,Lingala,lin,20.0,15.556
Oliver Twist,Charles Dickens,56586,83,Tagalog,tgl,23.6,15.546
Ulysses,James Joyce,4300,83,Tagalog,tgl,23.6,15.546
Treasure Island,Robert Louis Stevenson,120,85,Azerbaijani,aze,23.0,15.516
Strange Case of Dr Jekyll and Mr Hyde,Robert Louis Stevenson,43,60,Sundanese,sun,32.4,15.429
Critique of Pure Reason,Immanuel Kant,4280,59,Burmese,bur,32.9,15.406
Leviathan,Thomas Hobbes,3207,59,Burmese,bur,32.9,15.406
Book of Mormon,Joseph Smith; Mormon,17,126,Swahili,swa,15.4,15.4
The Picture of Dorian Gray,Oscar Wilde,4078,82,Tagalog,tgl,23.6,15.359
The Great Gatsby,F. Scott Fitzgerald,64317,84,Azerbaijani,aze,23.0,15.333
Sense and Sensibility,Jane Austen,161,56,Odia,ori,34.5,15.333
The Adventures of Sherlock Holmes,Arthur Conan Doyle,1661,52,Malayalam,mal,37.1,15.311
The Last of the Mohicans,James Fenimore Cooper,940,52,Malayalam,mal,37.1,15.311
Little Women,Louisa May Alcott,514,52,Malayalam,mal,37.1,15.311
Book of Mormon,Joseph Smith; Mormon,17,126,Sinhala,sin,15.3,15.3
Book of Mormon,Joseph Smith; Mormon,17,126,Assamese,asm,15.3,15.3
Critique of Pure Reason,Immanuel Kant,4280,59,Sundanese,sun,32.4,15.171
Leviathan,Thomas Hobbes,3207,59,Sundanese,sun,32.4,15.171
Oliver Twist,Charles Dickens,56586,83,Azerbaijani,aze,23.0,15.151
Ulysses,James Joyce,4300,83,Azerbaijani,aze,23.0,15.151
Book of Mormon,Joseph Smith; Mormon,17,126,Modern Greek,ell,15.0,15.0
Book of Mormon,Joseph Smith; Mormon,17,126,Kanuri,kau,15.0,15.0
The Picture of Dorian Gray,Oscar Wilde,4078,82,Azerbaijani,aze,23.0,14.968
Pride and Prejudice,Jane Austen,1342,99,Serbo-Croatian,sh,19.0,14.929
The Adventures of Tom Sawyer,Mark Twain,74,76,Sindhi,snd,24.6,14.838
Great Expectations,Charles Dickens,1400,69,Uzbek,uzb,27.0,14.786
Great Expectations,Charles Dickens,1400,69,Igbo,ibo,27.0,14.786
The Jungle Book,,236,69,Uzbek,uzb,27.0,14.786
The Jungle Book,,236,69,Igbo,ibo,27.0,14.786
Robinson Crusoe,Daniel Defoe,12623,98,Serbo-Croatian,sh,19.0,14.778
Treasure Island,Robert Louis Stevenson,120,85,Amharic,amh,21.9,14.774
Great Expectations,Charles Dickens,1400,69,Ukrainian,ukr,26.9,14.731
The Jungle Book,,236,69,Ukrainian,ukr,26.9,14.731
The Adventures of Tom Sawyer,Mark Twain,74,76,Romanian,rum,24.3,14.657
A Christmas Carol,Charles Dickens,46,75,Sindhi,snd,24.6,14.643
Dracula,Bram Stoker,345,75,Sindhi,snd,24.6,14.643
Sense and Sensibility,Jane Austen,161,56,Burmese,bur,32.9,14.622
The Great Gatsby,F. Scott Fitzgerald,64317,84,Amharic,amh,21.9,14.6
The Merchant of Venice,William Shakespeare,2243,68,Uzbek,uzb,27.0,14.571
The Merchant of Venice,William Shakespeare,2243,68,Igbo,ibo,27.0,14.571
David Copperfield,Charles Dickens,766,68,Uzbek,uzb,27.0,14.571
David Copperfield,Charles Dickens,766,68,Igbo,ibo,27.0,14.571
The Merchant of Venice,William Shakespeare,2243,68,Ukrainian,ukr,26.9,14.517
David Copperfield,Charles Dickens,766,68,Ukrainian,ukr,26.9,14.517
The Call of the Wild,Jack London,215,53,Odia,ori,34.5,14.512
The Adventures of Tom Sawyer,Mark Twain,74,76,Oromo,orm,24.0,14.476
The Adventures of Tom Sawyer,Mark Twain,74,76,Fula,ful,24.0,14.476
A Christmas Carol,Charles Dickens,46,75,Romanian,rum,24.3,14.464
Dracula,Bram Stoker,345,75,Romanian,rum,24.3,14.464
Oliver Twist,Charles Dickens,56586,83,Amharic,amh,21.9,14.426
Ulysses,James Joyce,4300,83,Amharic,amh,21.9,14.426
Sense and Sensibility,Jane Austen,161,56,Sundanese,sun,32.4,14.4
A Christmas Carol,Charles Dickens,46,75,Oromo,orm,24.0,14.286
A Christmas Carol,Charles Dickens,46,75,Fula,ful,24.0,14.286
Dracula,Bram Stoker,345,75,Oromo,orm,24.0,14.286
Dracula,Bram Stoker,345,75,Fula,ful,24.0,14.286
The Picture of Dorian Gray,Oscar Wilde,4078,82,Amharic,amh,21.9,14.252
The Adventures of Sherlock Holmes,Arthur Conan Doyle,1661,52,Odia,ori,34.5,14.238
The Last of the Mohicans,James Fenimore Cooper,940,52,Odia,ori,34.5,14.238
Little Women,Louisa May Alcott,514,52,Odia,ori,34.5,14.238
The Adventures of Tom Sawyer,Mark Twain,74,76,Tagalog,tgl,23.6,14.235
Treasure Island,Robert Louis Stevenson,120,85,Kurdish,kur,21.0,14.167
Pride and Prejudice,Jane Austen,1342,99,Malagasy,mlg,18.0,14.143
A Christmas Carol,Charles Dickens,46,75,Tagalog,tgl,23.6,14.048
Dracula,Bram Stoker,345,75,Tagalog,tgl,23.6,14.048
Book of Mormon,Joseph Smith; Mormon,17,126,Tajik,tgk,14.0,14.0
Robinson Crusoe,Daniel Defoe,12623,98,Malagasy,mlg,18.0,14.0
The Great Gatsby,F. Scott Fitzgerald,64317,84,Kurdish,kur,21.0,14.0
Treasure Island,Robert Louis Stevenson,120,85,Thai,tha,20.7,13.964
A Tale of Two Cities,Charles Dickens,98,65,Uzbek,uzb,27.0,13.929
A Tale of Two Cities,Charles Dickens,98,65,Igbo,ibo,27.0,13.929
A Tale of Two Cities,Charles Dickens,98,65,Ukrainian,ukr,26.9,13.877
The Adventures of Tom Sawyer,Mark Twain,74,76,Azerbaijani,aze,23.0,13.873
The Call of the Wild,Jack London,215,53,Burmese,bur,32.9,13.839
Oliver Twist,Charles Dickens,56586,83,Kurdish,kur,21.0,13.833
Ulysses,James Joyce,4300,83,Kurdish,kur,21.0,13.833
The Great Gatsby,F. Scott Fitzgerald,64317,84,Thai,tha,20.7,13.8
A Journey to the Centre of the Earth,Jules Verne,18857,64,Uzbek,uzb,27.0,13.714
A Journey to the Centre of the Earth,Jules Verne,18857,64,Igbo,ibo,27.0,13.714
A Christmas Carol,Charles Dickens,46,75,Azerbaijani,aze,23.0,13.69
Dracula,Bram Stoker,345,75,Azerbaijani,aze,23.0,13.69
The Picture of Dorian Gray,Oscar Wilde,4078,82,Kurdish,kur,21.0,13.667
A Journey to the Centre of the Earth,Jules Verne,18857,64,Ukrainian,ukr,26.9,13.663
Oliver Twist,Charles Dickens,56586,83,Thai,tha,20.7,13.636
Ulysses,James Joyce,4300,83,Thai,tha,20.7,13.636
The Call of the Wild,Jack London,215,53,Sundanese,sun,32.4,13.629
The Adventures of Sherlock Holmes,Arthur Conan Doyle,1661,52,Burmese,bur,32.9,13.578
The Last of the Mohicans,James Fenimore Cooper,940,52,Burmese,bur,32.9,13.578
Little Women,Louisa May Alcott,514,52,Burmese,bur,32.9,13.578
The Hound of the Baskervilles,Arthur Conan Doyle,3070,63,Uzbek,uzb,27.0,13.5
The Hound of the Baskervilles,Arthur Conan Doyle,3070,63,Igbo,ibo,27.0,13.5
United States Bill of Rights,,2,63,Uzbek,uzb,27.0,13.5
United States Bill of Rights,,2,63,Igbo,ibo,27.0,13.5
Treasure Island,Robert Louis Stevenson,120,85,Lingala,lin,20.0,13.492
The Picture of Dorian Gray,Oscar Wilde,4078,82,Thai,tha,20.7,13.471
Great Expectations,Charles Dickens,1400,69,Sindhi,snd,24.6,13.471
The Jungle Book,,236,69,Sindhi,snd,24.6,13.471
The Hound of the Baskervilles,Arthur Conan Doyle,3070,63,Ukrainian,ukr,26.9,13.45
United States Bill of Rights,,2,63,Ukrainian,ukr,26.9,13.45
The Adventures of Sherlock Holmes,Arthur Conan Doyle,1661,52,Sundanese,sun,32.4,13.371
The Last of the Mohicans,James Fenimore Cooper,940,52,Sundanese,sun,32.4,13.371
Little Women,Louisa May Alcott,514,52,Sundanese,sun,32.4,13.371
The Great Gatsby,F. Scott Fitzgerald,64317,84,Lingala,lin,20.0,13.333
Great Expectations,Charles Dickens,1400,69,Romanian,rum,24.3,13.307
The Jungle Book,,236,69,Romanian,rum,24.3,13.307
The Merchant of Venice,William Shakespeare,2243,68,Sindhi,snd,24.6,13.276
David Copperfield,Charles Dickens,766,68,Sindhi,snd,24.6,13.276
The Adventures of Tom Sawyer,Mark Twain,74,76,Amharic,amh,21.9,13.21
Oliver Twist,Charles Dickens,56586,83,Lingala,lin,20.0,13.175
Ulysses,James Joyce,4300,83,Lingala,lin,20.0,13.175
Great Expectations,Charles Dickens,1400,69,Oromo,orm,24.0,13.143
Great Expectations,Charles Dickens,1400,69,Fula,ful,24.0,13.143
The Jungle Book,,236,69,Oromo,orm,24.0,13.143
The Jungle Book,,236,69,Fula,ful,24.0,13.143
The Merchant of Venice,William Shakespeare,2243,68,Romanian,rum,24.3,13.114
David Copperfield,Charles Dickens,766,68,Romanian,rum,24.3,13.114
A Study in Scarlet,Arthur Conan Doyle,244,61,Uzbek,uzb,27.0,13.071
A Study in Scarlet,Arthur Conan Doyle,244,61,Igbo,ibo,27.0,13.071
Through the Looking-Glass,Lewis Carroll,12,61,Uzbek,uzb,27.0,13.071
Through the Looking-Glass,Lewis Carroll,12,61,Igbo,ibo,27.0,13.071
Pride and Prejudice,Jane Austen,1342,99,Khmer,khm,16.6,13.043
A Christmas Carol,Charles Dickens,46,75,Amharic,amh,21.9,13.036
Dracula,Bram Stoker,345,75,Amharic,amh,21.9,13.036
The Picture of Dorian Gray,Oscar Wilde,4078,82,Lingala,lin,20.0,13.016
Book of Mormon,Joseph Smith; Mormon,17,126,Tsonga,tso,13.0,13.0
The Merchant of Venice,William Shakespeare,2243,68,Oromo,orm,24.0,12.952
The Merchant of Venice,William Shakespeare,2243,68,Fula,ful,24.0,12.952
David Copperfield,Charles Dickens,766,68,Oromo,orm,24.0,12.952
David Copperfield,Charles Dickens,766,68,Fula,ful,24.0,12.952
Great Expectations,Charles Dickens,1400,69,Tagalog,tgl,23.6,12.924
The Jungle Book,,236,69,Tagalog,tgl,23.6,12.924
Robinson Crusoe,Daniel Defoe,12623,98,Khmer,khm,16.6,12.911
Book of Mormon,Joseph Smith; Mormon,17,126,Kazakh,kaz,12.9,12.9
Strange Case of Dr Jekyll and Mr Hyde,Robert Louis Stevenson,43,60,Uzbek,uzb,27.0,12.857
Strange Case of Dr Jekyll and Mr Hyde,Robert Louis Stevenson,43,60,Igbo,ibo,27.0,12.857
Treasure Island,Robert Louis Stevenson,120,85,Serbo-Croatian,sh,19.0,12.817
Strange Case of Dr Jekyll and Mr Hyde,Robert Louis Stevenson,43,60,Ukrainian,ukr,26.9,12.81
The Merchant of Venice,William Shakespeare,2243,68,Tagalog,tgl,23.6,12.737
David Copperfield,Charles Dickens,766,68,Tagalog,tgl,23.6,12.737
Pride and Prejudice,Jane Austen,1342,99,Somali,som,16.2,12.729
A Tale of Two Cities,Charles Dickens,98,65,Sindhi,snd,24.6,12.69
The Great Gatsby,F. Scott Fitzgerald,64317,84,Serbo-Croatian,sh,19.0,12.667
The Adventures of Tom Sawyer,Mark Twain,74,76,Kurdish,kur,21.0,12.667
Critique of Pure Reason,Immanuel Kant,4280,59,Uzbek,uzb,27.0,12.643
Critique of Pure Reason,Immanuel Kant,4280,59,Igbo,ibo,27.0,12.643
Leviathan,Thomas Hobbes,3207,59,Uzbek,uzb,27.0,12.643
Leviathan,Thomas Hobbes,3207,59,Igbo,ibo,27.0,12.643
Book of Mormon,Joseph Smith; Mormon,17,126,Hungarian,hun,12.6,12.6
Robinson Crusoe,Daniel Defoe,12623,98,Somali,som,16.2,12.6
Critique of Pure Reason,Immanuel Kant,4280,59,Ukrainian,ukr,26.9,12.596
Leviathan,Thomas Hobbes,3207,59,Ukrainian,ukr,26.9,12.596
Great Expectations,Charles Dickens,1400,69,Azerbaijani,aze,23.0,12.595
The Jungle Book,,236,69,Azerbaijani,aze,23.0,12.595
Pride and Prejudice,Jane Austen,1342,99,Zhuang,zha,16.0,12.571
Pride and Prejudice,Jane Austen,1342,99,Turkmen,tuk,16.0,12.571
A Tale of Two Cities,Charles Dickens,98,65,Romanian,rum,24.3,12.536
Oliver Twist,Charles Dickens,56586,83,Serbo-Croatian,sh,19.0,12.516
Ulysses,James Joyce,4300,83,Serbo-Croatian,sh,19.0,12.516
A Christmas Carol,Charles Dickens,46,75,Kurdish,kur,21.0,12.5
Dracula,Bram Stoker,345,75,Kurdish,kur,21.0,12.5
A Journey to the Centre of the Earth,Jules Verne,18857,64,Sindhi,snd,24.6,12.495
The Adventures of Tom Sawyer,Mark Twain,74,76,Thai,tha,20.7,12.486
Robinson Crusoe,Daniel Defoe,12623,98,Zhuang,zha,16.0,12.444
Robinson Crusoe,Daniel Defoe,12623,98,Turkmen,tuk,16.0,12.444
Pride and Prejudice,Jane Austen,1342,99,Nepali,nep,15.8,12.414
The Merchant of Venice,William Shakespeare,2243,68,Azerbaijani,aze,23.0,12.413
David Copperfield,Charles Dickens,766,68,Azerbaijani,aze,23.0,12.413
A Tale of Two Cities,Charles Dickens,98,65,Oromo,orm,24.0,12.381
A Tale of Two Cities,Charles Dickens,98,65,Fula,ful,24.0,12.381
The Picture of Dorian Gray,Oscar Wilde,4078,82,Serbo-Croatian,sh,19.0,12.365
A Journey to the Centre of the Earth,Jules Verne,18857,64,Romanian,rum,24.3,12.343
A Christmas Carol,Charles Dickens,46,75,Thai,tha,20.7,12.321
Dracula,Bram Stoker,345,75,Thai,tha,20.7,12.321
The Hound of the Baskervilles,Arthur Conan Doyle,3070,63,Sindhi,snd,24.6,12.3
United States Bill of Rights,,2,63,Sindhi,snd,24.6,12.3
Robinson Crusoe,Daniel Defoe,12623,98,Nepali,nep,15.8,12.289
A Journey to the Centre of the Earth,Jules Verne,18857,64,Oromo,orm,24.0,12.19
A Journey to the Centre of the Earth,Jules Verne,18857,64,Fula,ful,24.0,12.19
A Tale of Two Cities,Charles Dickens,98,65,Tagalog,tgl,23.6,12.175
The Hound of the Baskervilles,Arthur Conan Doyle,3070,63,Romanian,rum,24.3,12.15
United States Bill of Rights,,2,63,Romanian,rum,24.3,12.15
Treasure Island,Robert Louis Stevenson,120,85,Malagasy,mlg,18.0,12.143
Book of Mormon,Joseph Smith; Mormon,17,126,Zulu,zul,12.1,12.1
Book of Mormon,Joseph Smith; Mormon,17,126,Kinyarwanda,kin,12.1,12.1
Pride and Prejudice,Jane Austen,1342,99,Swahili,swa,15.4,12.1
The Adventures of Tom Sawyer,Mark Twain,74,76,Lingala,lin,20.0,12.063
Pride and Prejudice,Jane Austen,1342,99,Assamese,asm,15.3,12.021
Book of Mormon,Joseph Smith; Mormon,17,126,Chewa,nya,12.0,12.0
The Great Gatsby,F. Scott Fitzgerald,64317,84,Malagasy,mlg,18.0,12.0
The Hound of the Baskervilles,Arthur Conan Doyle,3070,63,Oromo,orm,24.0,12.0
The Hound of the Baskervilles,Arthur Conan Doyle,3070,63,Fula,ful,24.0,12.0
United States Bill of Rights,,2,63,Oromo,orm,24.0,12.0
United States Bill of Rights,,2,63,Fula,ful,24.0,12.0
Sense and Sensibility,Jane Austen,161,56,Uzbek,uzb,27.0,12.0
Sense and Sensibility,Jane Austen,161,56,Igbo,ibo,27.0,12.0
The Jungle Book,,236,69,Amharic,amh,21.9,11.993
A Journey to the Centre of the Earth,Jules Verne,18857,64,Tagalog,tgl,23.6,11.987
Robinson Crusoe,Daniel Defoe,12623,98,Swahili,swa,15.4,11.978
Sense and Sensibility,Jane Austen,161,56,Ukrainian,ukr,26.9,11.956
A Study in Scarlet,Arthur Conan Doyle,244,61,Sindhi,snd,24.6,11.91
Through the Looking-Glass,Lewis Carroll,12,61,Sindhi,snd,24.6,11.91
A Christmas Carol,Charles Dickens,46,75,Lingala,lin,20.0,11.905
Dracula,Bram Stoker,345,75,Lingala,lin,20.0,11.905
Robinson Crusoe,Daniel Defoe,12623,98,Sinhala,sin,15.3,11.9
Robinson Crusoe,Daniel Defoe,12623,98,Assamese,asm,15.3,11.9
A Tale of Two Cities,Charles Dickens,98,65,Azerbaijani,aze,23.0,11.865
Oliver Twist,Charles Dickens,56586,83,Malagasy,mlg,18.0,11.857
Ulysses,James Joyce,4300,83,Malagasy,mlg,18.0,11.857
The Merchant of Venice,William Shakespeare,2243,68,Amharic,amh,21.9,11.819
David Copperfield,Charles Dickens,766,68,Amharic,amh,21.9,11.819
The Hound of the Baskervilles,Arthur Conan Doyle,3070,63,Tagalog,tgl,23.6,11.8
United States Bill of Rights,,2,63,Tagalog,tgl,23.6,11.8
Pride and Prejudice,Jane Austen,1342,99,Modern Greek,ell,15.0,11.786
Pride and Prejudice,Jane Austen,1342,99,Kanuri,kau,15.0,11.786
A Study in Scarlet,Arthur Conan Doyle,244,61,Romanian,rum,24.3,11.764
Through the Looking-Glass,Lewis Carroll,12,61,Romanian,rum,24.3,11.764
The Picture of Dorian Gray,Oscar Wilde,4078,82,Malagasy,mlg,18.0,11.714
Strange Case of Dr Jekyll and Mr Hyde,Robert Louis Stevenson,43,60,Sindhi,snd,24.6,11.714
A Journey to the Centre of the Earth,Jules Verne,18857,64,Azerbaijani,aze,23.0,11.683
Robinson Crusoe,Daniel Defoe,12623,98,Modern Greek,ell,15.0,11.667
Robinson Crusoe,Daniel Defoe,12623,98,Kanuri,kau,15.0,11.667
A Study in Scarlet,Arthur Conan Doyle,244,61,Oromo,orm,24.0,11.619
A Study in Scarlet,Arthur Conan Doyle,244,61,Fula,ful,24.0,11.619
Through the Looking-Glass,Lewis Carroll,12,61,Oromo,orm,24.0,11.619
Through the Looking-Glass,Lewis Carroll,12,61,Fula,ful,24.0,11.619
Strange Case of Dr Jekyll and Mr Hyde,Robert Louis Stevenson,43,60,Romanian,rum,24.3,11.571
Critique of Pure Reason,Immanuel Kant,4280,59,Sindhi,snd,24.6,11.519
Leviathan,Thomas Hobbes,3207,59,Sindhi,snd,24.6,11.519
Great Expectations,Charles Dickens,1400,69,Kurdish,kur,21.0,11.5
The Jungle Book,,236,69,Kurdish,kur,21.0,11.5
The Hound of the Baskervilles,Arthur Conan Doyle,3070,63,Azerbaijani,aze,23.0,11.5
United States Bill of Rights,,2,63,Azerbaijani,aze,23.0,11.5
The Adventures of Tom Sawyer,Mark Twain,74,76,Serbo-Croatian,sh,19.0,11.46
Strange Case of Dr Jekyll and Mr Hyde,Robert Louis Stevenson,43,60,Oromo,orm,24.0,11.429
Strange Case of Dr Jekyll and Mr Hyde,Robert Louis Stevenson,43,60,Fula,ful,24.0,11.429
A Study in Scarlet,Arthur Conan Doyle,244,61,Tagalog,tgl,23.6,11.425
Through the Looking-Glass,Lewis Carroll,12,61,Tagalog,tgl,23.6,11.425
Critique of Pure Reason,Immanuel Kant,4280,59,Romanian,rum,24.3,11.379
Leviathan,Thomas Hobbes,3207,59,Romanian,rum,24.3,11.379
The Call of the Wild,Jack London,215,53,Uzbek,uzb,27.0,11.357
The Call of the Wild,Jack London,215,53,Igbo,ibo,27.0,11.357
Great Expectations,Charles Dickens,1400,69,Thai,tha,20.7,11.336
The Jungle Book,,236,69,Thai,tha,20.7,11.336
The Merchant of Venice,William Shakespeare,2243,68,Kurdish,kur,21.0,11.333
David Copperfield,Charles Dickens,766,68,Kurdish,kur,21.0,11.333
The Call of the Wild,Jack London,215,53,Ukrainian,ukr,26.9,11.315
A Christmas Carol,Charles Dickens,46,75,Serbo-Croatian,sh,19.0,11.31
Dracula,Bram Stoker,345,75,Serbo-Croatian,sh,19.0,11.31
A Tale of Two Cities,Charles Dickens,98,65,Amharic,amh,21.9,11.298
Strange Case of Dr Jekyll and Mr Hyde,Robert Louis Stevenson,43,60,Tagalog,tgl,23.6,11.238
Critique of Pure Reason,Immanuel Kant,4280,59,Oromo,orm,24.0,11.238
Critique of Pure Reason,Immanuel Kant,4280,59,Fula,ful,24.0,11.238
Leviathan,Thomas Hobbes,3207,59,Oromo,orm,24.0,11.238
Leviathan,Thomas Hobbes,3207,59,Fula,ful,24.0,11.238
Treasure Island,Robert Louis Stevenson,120,85,Khmer,khm,16.6,11.198
David Copperfield,Charles Dickens,766,68,Thai,tha,20.7,11.171
The Adventures of Sherlock Holmes,Arthur Conan Doyle,1661,52,Uzbek,uzb,27.0,11.143
The Adventures of Sherlock Holmes,Arthur Conan Doyle,1661,52,Igbo,ibo,27.0,11.143
The Last of the Mohicans,James Fenimore Cooper,940,52,Uzbek,uzb,27.0,11.143
The Last of the Mohicans,James Fenimore Cooper,940,52,Igbo,ibo,27.0,11.143
Little Women,Louisa May Alcott,514,52,Uzbek,uzb,27.0,11.143
Little Women,Louisa May Alcott,514,52,Igbo,ibo,27.0,11.143
A Study in Scarlet,Arthur Conan Doyle,244,61,Azerbaijani,aze,23.0,11.135
Through the Looking-Glass,Lewis Carroll,12,61,Azerbaijani,aze,23.0,11.135
A Journey to the Centre of the Earth,Jules Verne,18857,64,Amharic,amh,21.9,11.124
The Adventures of Sherlock Holmes,Arthur Conan Doyle,1661,52,Ukrainian,ukr,26.9,11.102
The Last of the Mohicans,James Fenimore Cooper,940,52,Ukrainian,ukr,26.9,11.102
Little Women,Louisa May Alcott,514,52,Ukrainian,ukr,26.9,11.102
The Great Gatsby,F. Scott Fitzgerald,64317,84,Khmer,khm,16.6,11.067
Critique of Pure Reason,Immanuel Kant,4280,59,Tagalog,tgl,23.6,11.051
Leviathan,Thomas Hobbes,3207,59,Tagalog,tgl,23.6,11.051
Book of Mormon,Joseph Smith; Mormon,17,126,Akan,aka,11.0,11.0
Pride and Prejudice,Jane Austen,1342,99,Tajik,tgk,14.0,11.0
Great Expectations,Charles Dickens,1400,69,Lingala,lin,20.0,10.952
The Jungle Book,,236,69,Lingala,lin,20.0,10.952
Strange Case of Dr Jekyll and Mr Hyde,Robert Louis Stevenson,43,60,Azerbaijani,aze,23.0,10.952
The Hound of the Baskervilles,Arthur Conan Doyle,3070,63,Amharic,amh,21.9,10.95
United States Bill of Rights,,2,63,Amharic,amh,21.9,10.95
Ulysses,James Joyce,4300,83,Khmer,khm,16.6,10.935
Sense and Sensibility,Jane Austen,161,56,Sindhi,snd,24.6,10.933
Treasure Island,Robert Louis Stevenson,120,85,Somali,som,16.2,10.929
Robinson Crusoe,Daniel Defoe,12623,98,Tajik,tgk,14.0,10.889
The Adventures of Tom Sawyer,Mark Twain,74,76,Malagasy,mlg,18.0,10.857
A Tale of Two Cities,Charles Dickens,98,65,Kurdish,kur,21.0,10.833
The Picture of Dorian Gray,Oscar Wilde,4078,82,Khmer,khm,16.6,10.803
Book of Mormon,Joseph Smith; Mormon,17,126,Kirundi,run,10.8,10.8
The Great Gatsby,F. Scott Fitzgerald,64317,84,Somali,som,16.2,10.8
Sense and Sensibility,Jane Austen,161,56,Romanian,rum,24.3,10.8
Treasure Island,Robert Louis Stevenson,120,85,Zhuang,zha,16.0,10.794
Treasure Island,Robert Louis Stevenson,120,85,Turkmen,tuk,16.0,10.794
The Merchant of Venice,William Shakespeare,2243,68,Lingala,lin,20.0,10.794
David Copperfield,Charles Dickens,766,68,Lingala,lin,20.0,10.794
Critique of Pure Reason,Immanuel Kant,4280,59,Azerbaijani,aze,23.0,10.77
Leviathan,Thomas Hobbes,3207,59,Azerbaijani,aze,23.0,10.77
A Christmas Carol,Charles Dickens,46,75,Malagasy,mlg,18.0,10.714
Dracula,Bram Stoker,345,75,Malagasy,mlg,18.0,10.714
Book of Mormon,Joseph Smith; Mormon,17,126,Czech,ces,10.7,10.7
A Tale of Two Cities,Charles Dickens,98,65,Thai,tha,20.7,10.679
Oliver Twist,Charles Dickens,56586,83,Somali,som,16.2,10.671
Ulysses,James Joyce,4300,83,Somali,som,16.2,10.671
The Great Gatsby,F. Scott Fitzgerald,64317,84,Zhuang,zha,16.0,10.667
The Great Gatsby,F. Scott Fitzgerald,64317,84,Turkmen,tuk,16.0,10.667
A Journey to the Centre of the Earth,Jules Verne,18857,64,Kurdish,kur,21.0,10.667
Sense and Sensibility,Jane Austen,161,56,Oromo,orm,24.0,10.667
Sense and Sensibility,Jane Austen,161,56,Fula,ful,24.0,10.667
Treasure Island,Robert Louis Stevenson,120,85,Nepali,nep,15.8,10.659
A Study in Scarlet,Arthur Conan Doyle,244,61,Amharic,amh,21.9,10.602
Through the Looking-Glass,Lewis Carroll,12,61,Amharic,amh,21.9,10.602
The Picture of Dorian Gray,Oscar Wilde,4078,82,Somali,som,16.2,10.543
Oliver Twist,Charles Dickens,56586,83,Zhuang,zha,16.0,10.54
Oliver Twist,Charles Dickens,56586,83,Turkmen,tuk,16.0,10.54
Ulysses,James Joyce,4300,83,Zhuang,zha,16.0,10.54
Ulysses,James Joyce,4300,83,Turkmen,tuk,16.0,10.54
The Great Gatsby,F. Scott Fitzgerald,64317,84,Nepali,nep,15.8,10.533
A Journey to the Centre of the Earth,Jules Verne,18857,64,Thai,tha,20.7,10.514
The Hound of the Baskervilles,Arthur Conan Doyle,3070,63,Kurdish,kur,21.0,10.5
United States Bill of Rights,,2,63,Kurdish,kur,21.0,10.5
Sense and Sensibility,Jane Austen,161,56,Tagalog,tgl,23.6,10.489
Strange Case of Dr Jekyll and Mr Hyde,Robert Louis Stevenson,43,60,Amharic,amh,21.9,10.429
The Picture of Dorian Gray,Oscar Wilde,4078,82,Zhuang,zha,16.0,10.413
The Picture of Dorian Gray,Oscar Wilde,4078,82,Turkmen,tuk,16.0,10.413
Oliver Twist,Charles Dickens,56586,83,Nepali,nep,15.8,10.408
Ulysses,James Joyce,4300,83,Nepali,nep,15.8,10.408
Great Expectations,Charles Dickens,1400,69,Serbo-Croatian,sh,19.0,10.405
The Jungle Book,,236,69,Serbo-Croatian,sh,19.0,10.405
Book of Mormon,Joseph Smith; Mormon,17,126,Uyghur,uig,10.4,10.4
Treasure Island,Robert Louis Stevenson,120,85,Swahili,swa,15.4,10.389
The Hound of the Baskervilles,Arthur Conan Doyle,3070,63,Thai,tha,20.7,10.35
United States Bill of Rights,,2,63,Thai,tha,20.7,10.35
The Call of the Wild,Jack London,215,53,Sindhi,snd,24.6,10.348
Treasure Island,Robert Louis Stevenson,120,85,Sinhala,sin,15.3,10.321
Treasure Island,Robert Louis Stevenson,120,85,Assamese,asm,15.3,10.321
A Tale of Two Cities,Charles Dickens,98,65,Lingala,lin,20.0,10.317
Book of Mormon,Joseph Smith; Mormon,17,126,Afrikaans,afr,10.3,10.3
The Picture of Dorian Gray,Oscar Wilde,4078,82,Nepali,nep,15.8,10.283
The Great Gatsby,F. Scott Fitzgerald,64317,84,Swahili,swa,15.4,10.267
Critique of Pure Reason,Immanuel Kant,4280,59,Amharic,amh,21.9,10.255
Leviathan,Thomas Hobbes,3207,59,Amharic,amh,21.9,10.255
The Merchant of Venice,William Shakespeare,2243,68,Serbo-Croatian,sh,19.0,10.254
David Copperfield,Charles Dickens,766,68,Serbo-Croatian,sh,19.0,10.254
Sense and Sensibility,Jane Austen,161,56,Azerbaijani,aze,23.0,10.222
The Call of the Wild,Jack London,215,53,Romanian,rum,24.3,10.221
Pride and Prejudice,Jane Austen,1342,99,Tsonga,tso,13.0,10.214
The Great Gatsby,F. Scott Fitzgerald,64317,84,Sinhala,sin,15.3,10.2
The Great Gatsby,F. Scott Fitzgerald,64317,84,Assamese,asm,15.3,10.2
A Study in Scarlet,Arthur Conan Doyle,244,61,Kurdish,kur,21.0,10.167
Through the Looking-Glass,Lewis Carroll,12,61,Kurdish,kur,21.0,10.167
A Journey to the Centre of the Earth,Jules Verne,18857,64,Lingala,lin,20.0,10.159
The Adventures of Sherlock Holmes,Arthur Conan Doyle,1661,52,Sindhi,snd,24.6,10.152
The Last of the Mohicans,James Fenimore Cooper,940,52,Sindhi,snd,24.6,10.152
Little Women,Louisa May Alcott,514,52,Sindhi,snd,24.6,10.152
Oliver Twist,Charles Dickens,56586,83,Swahili,swa,15.4,10.144
Ulysses,James Joyce,4300,83,Swahili,swa,15.4,10.144
Pride and Prejudice,Jane Austen,1342,99,Kazakh,kaz,12.9,10.136
Treasure Island,Robert Louis Stevenson,120,85,Modern Greek,ell,15.0,10.119
Treasure Island,Robert Louis Stevenson,120,85,Kanuri,kau,15.0,10.119
Robinson Crusoe,Daniel Defoe,12623,98,Tsonga,tso,13.0,10.111
The Call of the Wild,Jack London,215,53,Oromo,orm,24.0,10.095
The Call of the Wild,Jack London,215,53,Fula,ful,24.0,10.095
Oliver Twist,Charles Dickens,56586,83,Sinhala,sin,15.3,10.079
Oliver Twist,Charles Dickens,56586,83,Assamese,asm,15.3,10.079
Ulysses,James Joyce,4300,83,Sinhala,sin,15.3,10.079
Ulysses,James Joyce,4300,83,Assamese,asm,15.3,10.079
Robinson Crusoe,Daniel Defoe,12623,98,Kazakh,kaz,12.9,10.033
The Adventures of Sherlock Holmes,Arthur Conan Doyle,1661,52,Romanian,rum,24.3,10.029
The Last of the Mohicans,James Fenimore Cooper,940,52,Romanian,rum,24.3,10.029
Little Women,Louisa May Alcott,514,52,Romanian,rum,24.3,10.029
The Picture of Dorian Gray,Oscar Wilde,4078,82,Swahili,swa,15.4,10.022
A Study in Scarlet,Arthur Conan Doyle,244,61,Thai,tha,20.7,10.021
Through the Looking-Glass,Lewis Carroll,12,61,Thai,tha,20.7,10.021
The Adventures of Tom Sawyer,Mark Twain,74,76,Khmer,khm,16.6,10.013
The Great Gatsby,F. Scott Fitzgerald,64317,84,Modern Greek,ell,15.0,10.0
The Great Gatsby,F. Scott Fitzgerald,64317,84,Kanuri,kau,15.0,10.0
The Hound of the Baskervilles,Arthur Conan Doyle,3070,63,Lingala,lin,20.0,10.0
United States Bill of Rights,,2,63,Lingala,lin,20.0,10.0
Strange Case of Dr Jekyll and Mr Hyde,Robert Louis Stevenson,43,60,Kurdish,kur,21.0,10.0
The Picture of Dorian Gray,Oscar Wilde,4078,82,Sinhala,sin,15.3,9.957
The Picture of Dorian Gray,Oscar Wilde,4078,82,Assamese,asm,15.3,9.957
The Call of the Wild,Jack London,215,53,Tagalog,tgl,23.6,9.927
The Adventures of Sherlock Holmes,Arthur Conan Doyle,1661,52,Oromo,orm,24.0,9.905
The Adventures of Sherlock Holmes,Arthur Conan Doyle,1661,52,Fula,ful,24.0,9.905
The Last of the Mohicans,James Fenimore Cooper,940,52,Oromo,orm,24.0,9.905
The Last of the Mohicans,James Fenimore Cooper,940,52,Fula,ful,24.0,9.905
Little Women,Louisa May Alcott,514,52,Oromo,orm,24.0,9.905
Little Women,Louisa May Alcott,514,52,Fula,ful,24.0,9.905
Oliver Twist,Charles Dickens,56586,83,Modern Greek,ell,15.0,9.881
Oliver Twist,Charles Dickens,56586,83,Kanuri,kau,15.0,9.881
Ulysses,James Joyce,4300,83,Modern Greek,ell,15.0,9.881
Ulysses,James Joyce,4300,83,Kanuri,kau,15.0,9.881
A Christmas Carol,Charles Dickens,46,75,Khmer,khm,16.6,9.881
Dracula,Bram Stoker,345,75,Khmer,khm,16.6,9.881
Great Expectations,Charles Dickens,1400,69,Malagasy,mlg,18.0,9.857
The Jungle Book,,236,69,Malagasy,mlg,18.0,9.857
Strange Case of Dr Jekyll and Mr Hyde,Robert Louis Stevenson,43,60,Thai,tha,20.7,9.857
Critique of Pure Reason,Immanuel Kant,4280,59,Kurdish,kur,21.0,9.833
Leviathan,Thomas Hobbes,3207,59,Kurdish,kur,21.0,9.833
A Tale of Two Cities,Charles Dickens,98,65,Serbo-Croatian,sh,19.0,9.802
Robinson Crusoe,Daniel Defoe,12623,98,Hungarian,hun,12.6,9.8
The Adventures of Tom Sawyer,Mark Twain,74,76,Somali,som,16.2,9.771
The Picture of Dorian Gray,Oscar Wilde,4078,82,Modern Greek,ell,15.0,9.762
The Picture of Dorian Gray,Oscar Wilde,4078,82,Kanuri,kau,15.0,9.762
The Adventures of Sherlock Holmes,Arthur Conan Doyle,1661,52,Tagalog,tgl,23.6,9.74
The Last of the Mohicans,James Fenimore Cooper,940,52,Tagalog,tgl,23.6,9.74
Little Women,Louisa May Alcott,514,52,Tagalog,tgl,23.6,9.74
Sense and Sensibility,Jane Austen,161,56,Amharic,amh,21.9,9.733
The Merchant of Venice,William Shakespeare,2243,68,Malagasy,mlg,18.0,9.714
David Copperfield,Charles Dickens,766,68,Malagasy,mlg,18.0,9.714
Critique of Pure Reason,Immanuel Kant,4280,59,Thai,tha,20.7,9.693
Leviathan,Thomas Hobbes,3207,59,Thai,tha,20.7,9.693
A Study in Scarlet,Arthur Conan Doyle,244,61,Lingala,lin,20.0,9.683
Through the Looking-Glass,Lewis Carroll,12,61,Lingala,lin,20.0,9.683
The Call of the Wild,Jack London,215,53,Azerbaijani,aze,23.0,9.675
The Adventures of Tom Sawyer,Mark Twain,74,76,Zhuang,zha,16.0,9.651
The Adventures of Tom Sawyer,Mark Twain,74,76,Turkmen,tuk,16.0,9.651
A Journey to the Centre of the Earth,Jules Verne,18857,64,Serbo-Croatian,sh,19.0,9.651
A Christmas Carol,Charles Dickens,46,75,Somali,som,16.2,9.643
Dracula,Bram Stoker,345,75,Somali,som,16.2,9.643
Book of Mormon,Joseph Smith; Mormon,17,126,Haitian Creole,hat,9.6,9.6
The Adventures of Tom Sawyer,Mark Twain,74,76,Nepali,nep,15.8,9.53
A Christmas Carol,Charles Dickens,46,75,Zhuang,zha,16.0,9.524
A Christmas Carol,Charles Dickens,46,75,Turkmen,tuk,16.0,9.524
Dracula,Bram Stoker,345,75,Zhuang,zha,16.0,9.524
Dracula,Bram Stoker,345,75,Turkmen,tuk,16.0,9.524
Strange Case of Dr Jekyll and Mr Hyde,Robert Louis Stevenson,43,60,Lingala,lin,20.0,9.524
Pride and Prejudice,Jane Austen,1342,99,Zulu,zul,12.1,9.507
Pride and Prejudice,Jane Austen,1342,99,Kinyarwanda,kin,12.1,9.507
The Hound of the Baskervilles,Arthur Conan Doyle,3070,63,Serbo-Croatian,sh,19.0,9.5
United States Bill of Rights,,2,63,Serbo-Croatian,sh,19.0,9.5
The Adventures of Sherlock Holmes,Arthur Conan Doyle,1661,52,Azerbaijani,aze,23.0,9.492
The Last of the Mohicans,James Fenimore Cooper,940,52,Azerbaijani,aze,23.0,9.492
Little Women,Louisa May Alcott,514,52,Azerbaijani,aze,23.0,9.492
Treasure Island,Robert Louis Stevenson,120,85,Tajik,tgk,14.0,9.444
Pride and Prejudice,Jane Austen,1342,99,Chewa,nya,12.0,9.429
Robinson Crusoe,Daniel Defoe,12623,98,Zulu,zul,12.1,9.411
Robinson Crusoe,Daniel Defoe,12623,98,Kinyarwanda,kin,12.1,9.411
A Christmas Carol,Charles Dickens,46,75,Nepali,nep,15.8,9.405
Dracula,Bram Stoker,345,75,Nepali,nep,15.8,9.405
Critique of Pure Reason,Immanuel Kant,4280,59,Lingala,lin,20.0,9.365
Leviathan,Thomas Hobbes,3207,59,Lingala,lin,20.0,9.365
Robinson Crusoe,Daniel Defoe,12623,98,Chewa,nya,12.0,9.333
The Great Gatsby,F. Scott Fitzgerald,64317,84,Tajik,tgk,14.0,9.333
Sense and Sensibility,Jane Austen,161,56,Kurdish,kur,21.0,9.333
Book of Mormon,Joseph Smith; Mormon,17,126,Hebrew,heb,9.3,9.3
The Adventures of Tom Sawyer,Mark Twain,74,76,Swahili,swa,15.4,9.289
A Tale of Two Cities,Charles Dickens,98,65,Malagasy,mlg,18.0,9.286
The Adventures of Tom Sawyer,Mark Twain,74,76,Sinhala,sin,15.3,9.229
The Adventures of Tom Sawyer,Mark Twain,74,76,Assamese,asm,15.3,9.229
Oliver Twist,Charles Dickens,56586,83,Tajik,tgk,14.0,9.222
Ulysses,James Joyce,4300,83,Tajik,tgk,14.0,9.222
The Call of the Wild,Jack London,215,53,Amharic,amh,21.9,9.212
Book of Mormon,Joseph Smith; Mormon,17,126,Swedish,swe,9.2,9.2
Sense and Sensibility,Jane Austen,161,56,Thai,tha,20.7,9.2
A Study in Scarlet,Arthur Conan Doyle,244,61,Serbo-Croatian,sh,19.0,9.198
Through the Looking-Glass,Lewis Carroll,12,61,Serbo-Croatian,sh,19.0,9.198
A Christmas Carol,Charles Dickens,46,75,Swahili,swa,15.4,9.167
Dracula,Bram Stoker,345,75,Swahili,swa,15.4,9.167
A Journey to the Centre of the Earth,Jules Verne,18857,64,Malagasy,mlg,18.0,9.143
The Picture of Dorian Gray,Oscar Wilde,4078,82,Tajik,tgk,14.0,9.111
A Christmas Carol,Charles Dickens,46,75,Sinhala,sin,15.3,9.107
A Christmas Carol,Charles Dickens,46,75,Assamese,asm,15.3,9.107
Dracula,Bram Stoker,345,75,Sinhala,sin,15.3,9.107
Dracula,Bram Stoker,345,75,Assamese,asm,15.3,9.107
Great Expectations,Charles Dickens,1400,69,Khmer,khm,16.6,9.09
The Jungle Book,,236,69,Khmer,khm,16.6,9.09
The Adventures of Tom Sawyer,Mark Twain,74,76,Modern Greek,ell,15.0,9.048
The Adventures of Tom Sawyer,Mark Twain,74,76,Kanuri,kau,15.0,9.048
Strange Case of Dr Jekyll and Mr Hyde,Robert Louis Stevenson,43,60,Serbo-Croatian,sh,19.0,9.048
The Adventures of Sherlock Holmes,Arthur Conan Doyle,1661,52,Amharic,amh,21.9,9.038
The Last of the Mohicans,James Fenimore Cooper,940,52,Amharic,amh,21.9,9.038
Little Women,Louisa May Alcott,514,52,Amharic,amh,21.9,9.038
Book of Mormon,Joseph Smith; Mormon,17,126,Bulgarian,bul,9.0,9.0
The Hound of the Baskervilles,Arthur Conan Doyle,3070,63,Malagasy,mlg,18.0,9.0
United States Bill of Rights,,2,63,Malagasy,mlg,18.0,9.0
The Merchant of Venice,William Shakespeare,2243,68,Khmer,khm,16.6,8.959
David Copperfield,Charles Dickens,766,68,Khmer,khm,16.6,8.959
A Christmas Carol,Charles Dickens,46,75,Modern Greek,ell,15.0,8.929
A Christmas Carol,Charles Dickens,46,75,Kanuri,kau,15.0,8.929
Dracula,Bram Stoker,345,75,Modern Greek,ell,15.0,8.929
Dracula,Bram Stoker,345,75,Kanuri,kau,15.0,8.929
Book of Mormon,Joseph Smith; Mormon,17,126,Quechua,que,8.9,8.9
Critique of Pure Reason,Immanuel Kant,4280,59,Serbo-Croatian,sh,19.0,8.897
Leviathan,Thomas Hobbes,3207,59,Serbo-Croatian,sh,19.0,8.897
Sense and Sensibility,Jane Austen,161,56,Lingala,lin,20.0,8.889
Great Expectations,Charles Dickens,1400,69,Somali,som,16.2,8.871
The Jungle Book,,236,69,Somali,som,16.2,8.871
The Call of the Wild,Jack London,215,53,Kurdish,kur,21.0,8.833
Treasure Island,Robert Louis Stevenson,120,85,Tsonga,tso,13.0,8.77
Great Expectations,Charles Dickens,1400,69,Zhuang,zha,16.0,8.762
Great Expectations,Charles Dickens,1400,69,Turkmen,tuk,16.0,8.762
The Jungle Book,,236,69,Zhuang,zha,16.0,8.762
The Jungle Book,,236,69,Turkmen,tuk,16.0,8.762
The Merchant of Venice,William Shakespeare,2243,68,Somali,som,16.2,8.743
David Copperfield,Charles Dickens,766,68,Somali,som,16.2,8.743
A Study in Scarlet,Arthur Conan Doyle,244,61,Malagasy,mlg,18.0,8.714
Through the Looking-Glass,Lewis Carroll,12,61,Malagasy,mlg,18.0,8.714
The Call of the Wild,Jack London,215,53,Thai,tha,20.7,8.707
Treasure Island,Robert Louis Stevenson,120,85,Kazakh,kaz,12.9,8.702
The Great Gatsby,F. Scott Fitzgerald,64317,84,Tsonga,tso,13.0,8.667
The Adventures of Sherlock Holmes,Arthur Conan Doyle,1661,52,Kurdish,kur,21.0,8.667
The Last of the Mohicans,James Fenimore Cooper,940,52,Kurdish,kur,21.0,8.667
Little Women,Louisa May Alcott,514,52,Kurdish,kur,21.0,8.667
Great Expectations,Charles Dickens,1400,69,Nepali,nep,15.8,8.652
The Jungle Book,,236,69,Nepali,nep,15.8,8.652
Pride and Prejudice,Jane Austen,1342,99,Akan,aka,11.0,8.643
The Merchant of Venice,William Shakespeare,2243,68,Zhuang,zha,16.0,8.635
The Merchant of Venice,William Shakespeare,2243,68,Turkmen,tuk,16.0,8.635
David Copperfield,Charles Dickens,766,68,Zhuang,zha,16.0,8.635
David Copperfield,Charles Dickens,766,68,Turkmen,tuk,16.0,8.635
The Great Gatsby,F. Scott Fitzgerald,64317,84,Kazakh,kaz,12.9,8.6
Strange Case of Dr Jekyll and Mr Hyde,Robert Louis Stevenson,43,60,Malagasy,mlg,18.0,8.571
Oliver Twist,Charles Dickens,56586,83,Tsonga,tso,13.0,8.563
Ulysses,James Joyce,4300,83,Tsonga,tso,13.0,8.563
A Tale of Two Cities,Charles Dickens,98,65,Khmer,khm,16.6,8.563
Robinson Crusoe,Daniel Defoe,12623,98,Akan,aka,11.0,8.556
The Adventures of Sherlock Holmes,Arthur Conan Doyle,1661,52,Thai,tha,20.7,8.543
The Last of the Mohicans,James Fenimore Cooper,940,52,Thai,tha,20.7,8.543
Little Women,Louisa May Alcott,514,52,Thai,tha,20.7,8.543
The Merchant of Venice,William Shakespeare,2243,68,Nepali,nep,15.8,8.527
David Copperfield,Charles Dickens,766,68,Nepali,nep,15.8,8.527
Treasure Island,Robert Louis Stevenson,120,85,Hungarian,hun,12.6,8.5
Oliver Twist,Charles Dickens,56586,83,Kazakh,kaz,12.9,8.498
Ulysses,James Joyce,4300,83,Kazakh,kaz,12.9,8.498
Pride and Prejudice,Jane Austen,1342,99,Kirundi,run,10.8,8.486
The Picture of Dorian Gray,Oscar Wilde,4078,82,Tsonga,tso,13.0,8.46
The Adventures of Tom Sawyer,Mark Twain,74,76,Tajik,tgk,14.0,8.444
Sense and Sensibility,Jane Austen,161,56,Serbo-Croatian,sh,19.0,8.444
Great Expectations,Charles Dickens,1400,69,Swahili,swa,15.4,8.433
The Jungle Book,,236,69,Swahili,swa,15.4,8.433
A Journey to the Centre of the Earth,Jules Verne,18857,64,Khmer,khm,16.6,8.432
Critique of Pure Reason,Immanuel Kant,4280,59,Malagasy,mlg,18.0,8.429
Leviathan,Thomas Hobbes,3207,59,Malagasy,mlg,18.0,8.429
The Call of the Wild,Jack London,215,53,Lingala,lin,20.0,8.413
Robinson Crusoe,Daniel Defoe,12623,98,Kirundi,run,10.8,8.4
The Great Gatsby,F. Scott Fitzgerald,64317,84,Hungarian,hun,12.6,8.4
The Picture of Dorian Gray,Oscar Wilde,4078,82,Kazakh,kaz,12.9,8.395
Great Expectations,Charles Dickens,1400,69,Sinhala,sin,15.3,8.379
Great Expectations,Charles Dickens,1400,69,Assamese,asm,15.3,8.379
The Jungle Book,,236,69,Sinhala,sin,15.3,8.379
The Jungle Book,,236,69,Assamese,asm,15.3,8.379
A Tale of Two Cities,Charles Dickens,98,65,Somali,som,16.2,8.357
A Christmas Carol,Charles Dickens,46,75,Tajik,tgk,14.0,8.333
Dracula,Bram Stoker,345,75,Tajik,tgk,14.0,8.333
Robinson Crusoe,Daniel Defoe,12623,98,Czech,ces,10.7,8.322
Book of Mormon,Joseph Smith; Mormon,17,126,Shona,sna,8.3,8.3
Oliver Twist,Charles Dickens,56586,83,Hungarian,hun,12.6,8.3
Ulysses,James Joyce,4300,83,Hungarian,hun,12.6,8.3
The Hound of the Baskervilles,Arthur Conan Doyle,3070,63,Khmer,khm,16.6,8.3
United States Bill of Rights,,2,63,Khmer,khm,16.6,8.3
The Merchant of Venice,William Shakespeare,2243,68,Sinhala,sin,15.3,8.257
The Merchant of Venice,William Shakespeare,2243,68,Assamese,asm,15.3,8.257
David Copperfield,Charles Dickens,766,68,Sinhala,sin,15.3,8.257
David Copperfield,Charles Dickens,766,68,Assamese,asm,15.3,8.257
A Tale of Two Cities,Charles Dickens,98,65,Zhuang,zha,16.0,8.254
A Tale of Two Cities,Charles Dickens,98,65,Turkmen,tuk,16.0,8.254
The Adventures of Sherlock Holmes,Arthur Conan Doyle,1661,52,Lingala,lin,20.0,8.254
The Last of the Mohicans,James Fenimore Cooper,940,52,Lingala,lin,20.0,8.254
Little Women,Louisa May Alcott,514,52,Lingala,lin,20.0,8.254
A Journey to the Centre of the Earth,Jules Verne,18857,64,Somali,som,16.2,8.229
Great Expectations,Charles Dickens,1400,69,Kanuri,kau,15.0,8.214
The Jungle Book,,236,69,Modern Greek,ell,15.0,8.214
The Jungle Book,,236,69,Kanuri,kau,15.0,8.214
Book of Mormon,Joseph Smith; Mormon,17,126,Xhosa,xho,8.2,8.2
The Picture of Dorian Gray,Oscar Wilde,4078,82,Hungarian,hun,12.6,8.2
Pride and Prejudice,Jane Austen,1342,99,Uyghur,uig,10.4,8.171
Treasure Island,Robert Louis Stevenson,120,85,Zulu,zul,12.1,8.163
Treasure Island,Robert Louis Stevenson,120,85,Kinyarwanda,kin,12.1,8.163
A Tale of Two Cities,Charles Dickens,98,65,Nepali,nep,15.8,8.151
A Journey to the Centre of the Earth,Jules Verne,18857,64,Zhuang,zha,16.0,8.127
A Journey to the Centre of the Earth,Jules Verne,18857,64,Turkmen,tuk,16.0,8.127
The Hound of the Baskervilles,Arthur Conan Doyle,3070,63,Somali,som,16.2,8.1
United States Bill of Rights,,2,63,Somali,som,16.2,8.1
Treasure Island,Robert Louis Stevenson,120,85,Chewa,nya,12.0,8.095
The Merchant of Venice,William Shakespeare,2243,68,Kanuri,kau,15.0,8.095
David Copperfield,Charles Dickens,766,68,Modern Greek,ell,15.0,8.095
David Copperfield,Charles Dickens,766,68,Kanuri,kau,15.0,8.095
Pride and Prejudice,Jane Austen,1342,99,Afrikaans,afr,10.3,8.093
Robinson Crusoe,Daniel Defoe,12623,98,Uyghur,uig,10.4,8.089
The Great Gatsby,F. Scott Fitzgerald,64317,84,Zulu,zul,12.1,8.067
The Great Gatsby,F. Scott Fitzgerald,64317,84,Kinyarwanda,kin,12.1,8.067
A Study in Scarlet,Arthur Conan Doyle,244,61,Khmer,khm,16.6,8.037
Through the Looking-Glass,Lewis Carroll,12,61,Khmer,khm,16.6,8.037
A Journey to the Centre of the Earth,Jules Verne,18857,64,Nepali,nep,15.8,8.025
Robinson Crusoe,Daniel Defoe,12623,98,Afrikaans,afr,10.3,8.011
The Great Gatsby,F. Scott Fitzgerald,64317,84,Chewa,nya,12.0,8.0
The Hound of the Baskervilles,Arthur Conan Doyle,3070,63,Zhuang,zha,16.0,8.0
The Hound of the Baskervilles,Arthur Conan Doyle,3070,63,Turkmen,tuk,16.0,8.0
United States Bill of Rights,,2,63,Zhuang,zha,16.0,8.0
United States Bill of Rights,,2,63,Turkmen,tuk,16.0,8.0
Sense and Sensibility,Jane Austen,161,56,Malagasy,mlg,18.0,8.0
The Call of the Wild,Jack London,215,53,Serbo-Croatian,sh,19.0,7.992
Oliver Twist,Charles Dickens,56586,83,Zulu,zul,12.1,7.971
Oliver Twist,Charles Dickens,56586,83,Kinyarwanda,kin,12.1,7.971
Ulysses,James Joyce,4300,83,Zulu,zul,12.1,7.971
Ulysses,James Joyce,4300,83,Kinyarwanda,kin,12.1,7.971
A Tale of Two Cities,Charles Dickens,98,65,Swahili,swa,15.4,7.944
Oliver Twist,Charles Dickens,56586,83,Chewa,nya,12.0,7.905
Ulysses,James Joyce,4300,83,Chewa,nya,12.0,7.905
Strange Case of Dr Jekyll and Mr Hyde,Robert Louis Stevenson,43,60,Khmer,khm,16.6,7.905
The Hound of the Baskervilles,Arthur Conan Doyle,3070,63,Nepali,nep,15.8,7.9
United States Bill of Rights,,2,63,Nepali,nep,15.8,7.9
A Tale of Two Cities,Charles Dickens,98,65,Sinhala,sin,15.3,7.893
A Tale of Two Cities,Charles Dickens,98,65,Assamese,asm,15.3,7.893
The Picture of Dorian Gray,Oscar Wilde,4078,82,Zulu,zul,12.1,7.875
The Picture of Dorian Gray,Oscar Wilde,4078,82,Kinyarwanda,kin,12.1,7.875
A Study in Scarlet,Arthur Conan Doyle,244,61,Somali,som,16.2,7.843
Through the Looking-Glass,Lewis Carroll,12,61,Somali,som,16.2,7.843
The Adventures of Tom Sawyer,Mark Twain,74,76,Tsonga,tso,13.0,7.841
The Adventures of Sherlock Holmes,Arthur Conan Doyle,1661,52,Serbo-Croatian,sh,19.0,7.841
The Last of the Mohicans,James Fenimore Cooper,940,52,Serbo-Croatian,sh,19.0,7.841
Little Women,Louisa May Alcott,514,52,Serbo-Croatian,sh,19.0,7.841
A Journey to the Centre of the Earth,Jules Verne,18857,64,Swahili,swa,15.4,7.822
The Picture of Dorian Gray,Oscar Wilde,4078,82,Chewa,nya,12.0,7.81
The Adventures of Tom Sawyer,Mark Twain,74,76,Kazakh,kaz,12.9,7.781
Critique of Pure Reason,Immanuel Kant,4280,59,Khmer,khm,16.6,7.773
Leviathan,Thomas Hobbes,3207,59,Khmer,khm,16.6,7.773
A Journey to the Centre of the Earth,Jules Verne,18857,64,Sinhala,sin,15.3,7.771
A Journey to the Centre of the Earth,Jules Verne,18857,64,Assamese,asm,15.3,7.771
A Study in Scarlet,Arthur Conan Doyle,244,61,Zhuang,zha,16.0,7.746
A Study in Scarlet,Arthur Conan Doyle,244,61,Turkmen,tuk,16.0,7.746
Through the Looking-Glass,Lewis Carroll,12,61,Zhuang,zha,16.0,7.746
Through the Looking-Glass,Lewis Carroll,12,61,Turkmen,tuk,16.0,7.746
A Christmas Carol,Charles Dickens,46,75,Tsonga,tso,13.0,7.738
Dracula,Bram Stoker,345,75,Tsonga,tso,13.0,7.738
A Tale of Two Cities,Charles Dickens,98,65,Modern Greek,ell,15.0,7.738
A Tale of Two Cities,Charles Dickens,98,65,Kanuri,kau,15.0,7.738
Strange Case of Dr Jekyll and Mr Hyde,Robert Louis Stevenson,43,60,Somali,som,16.2,7.714
The Hound of the Baskervilles,Arthur Conan Doyle,3070,63,Swahili,swa,15.4,7.7
United States Bill of Rights,,2,63,Swahili,swa,15.4,7.7
A Christmas Carol,Charles Dickens,46,75,Kazakh,kaz,12.9,7.679
Dracula,Bram Stoker,345,75,Kazakh,kaz,12.9,7.679
Great Expectations,Charles Dickens,1400,69,Tajik,tgk,14.0,7.667
The Jungle Book,,236,69,Tajik,tgk,14.0,7.667
The Hound of the Baskervilles,Arthur Conan Doyle,3070,63,Sinhala,sin,15.3,7.65
The Hound of the Baskervilles,Arthur Conan Doyle,3070,63,Assamese,asm,15.3,7.65
United States Bill of Rights,,2,63,Sinhala,sin,15.3,7.65
United States Bill of Rights,,2,63,Assamese,asm,15.3,7.65
A Study in Scarlet,Arthur Conan Doyle,244,61,Nepali,nep,15.8,7.649
Through the Looking-Glass,Lewis Carroll,12,61,Nepali,nep,15.8,7.649
A Journey to the Centre of the Earth,Jules Verne,18857,64,Modern Greek,ell,15.0,7.619
A Journey to the Centre of the Earth,Jules Verne,18857,64,Kanuri,kau,15.0,7.619
Strange Case of Dr Jekyll and Mr Hyde,Robert Louis Stevenson,43,60,Zhuang,zha,16.0,7.619
Strange Case of Dr Jekyll and Mr Hyde,Robert Louis Stevenson,43,60,Turkmen,tuk,16.0,7.619
Book of Mormon,Joseph Smith; Mormon,17,126,Belarusian,bel,7.6,7.6
The Adventures of Tom Sawyer,Mark Twain,74,76,Hungarian,hun,12.6,7.6
Critique of Pure Reason,Immanuel Kant,4280,59,Somali,som,16.2,7.586
Leviathan,Thomas Hobbes,3207,59,Somali,som,16.2,7.586
The Call of the Wild,Jack London,215,53,Malagasy,mlg,18.0,7.571
The Merchant of Venice,William Shakespeare,2243,68,Tajik,tgk,14.0,7.556
David Copperfield,Charles Dickens,766,68,Tajik,tgk,14.0,7.556
Pride and Prejudice,Jane Austen,1342,99,Haitian Creole,hat,9.6,7.543
Strange Case of Dr Jekyll and Mr Hyde,Robert Louis Stevenson,43,60,Nepali,nep,15.8,7.524
Book of Mormon,Joseph Smith; Mormon,17,126,Tigrinya,tir,7.5,7.5
A Christmas Carol,Charles Dickens,46,75,Hungarian,hun,12.6,7.5
The Hound of the Baskervilles,Arthur Conan Doyle,3070,63,Modern Greek,ell,15.0,7.5
The Hound of the Baskervilles,Arthur Conan Doyle,3070,63,Kanuri,kau,15.0,7.5
United States Bill of Rights,,2,63,Modern Greek,ell,15.0,7.5
United States Bill of Rights,,2,63,Kanuri,kau,15.0,7.5
Critique of Pure Reason,Immanuel Kant,4280,59,Zhuang,zha,16.0,7.492
Critique of Pure Reason,Immanuel Kant,4280,59,Turkmen,tuk,16.0,7.492
Leviathan,Thomas Hobbes,3207,59,Zhuang,zha,16.0,7.492
Leviathan,Thomas Hobbes,3207,59,Turkmen,tuk,16.0,7.492
Robinson Crusoe,Daniel Defoe,12623,98,Haitian Creole,hat,9.6,7.467
A Study in Scarlet,Arthur Conan Doyle,244,61,Swahili,swa,15.4,7.456
Through the Looking-Glass,Lewis Carroll,12,61,Swahili,swa,15.4,7.456
The Adventures of Sherlock Holmes,Arthur Conan Doyle,1661,52,Malagasy,mlg,18.0,7.429
The Last of the Mohicans,James Fenimore Cooper,940,52,Malagasy,mlg,18.0,7.429
Little Women,Louisa May Alcott,514,52,Malagasy,mlg,18.0,7.429
Treasure Island,Robert Louis Stevenson,120,85,Akan,aka,11.0,7.421
A Study in Scarlet,Arthur Conan Doyle,244,61,Sinhala,sin,15.3,7.407
A Study in Scarlet,Arthur Conan Doyle,244,61,Assamese,asm,15.3,7.407
Through the Looking-Glass,Lewis Carroll,12,61,Sinhala,sin,15.3,7.407
Through the Looking-Glass,Lewis Carroll,12,61,Assamese,asm,15.3,7.407
Critique of Pure Reason,Immanuel Kant,4280,59,Nepali,nep,15.8,7.398
Leviathan,Thomas Hobbes,3207,59,Nepali,nep,15.8,7.398
Sense and Sensibility,Jane Austen,161,56,Khmer,khm,16.6,7.378
The Great Gatsby,F. Scott Fitzgerald,64317,84,Akan,aka,11.0,7.333
Strange Case of Dr Jekyll and Mr Hyde,Robert Louis Stevenson,43,60,Swahili,swa,15.4,7.333
Pride and Prejudice,Jane Austen,1342,99,Hebrew,heb,9.3,7.307
The Adventures of Tom Sawyer,Mark Twain,74,76,Zulu,zul,12.1,7.298
The Adventures of Tom Sawyer,Mark Twain,74,76,Kinyarwanda,kin,12.1,7.298
Treasure Island,Robert Louis Stevenson,120,85,Kirundi,run,10.8,7.286
Strange Case of Dr Jekyll and Mr Hyde,Robert Louis Stevenson,43,60,Sinhala,sin,15.3,7.286
Strange Case of Dr Jekyll and Mr Hyde,Robert Louis Stevenson,43,60,Assamese,asm,15.3,7.286
A Study in Scarlet,Arthur Conan Doyle,244,61,Modern Greek,ell,15.0,7.262
A Study in Scarlet,Arthur Conan Doyle,244,61,Kanuri,kau,15.0,7.262
Through the Looking-Glass,Lewis Carroll,12,61,Kanuri,kau,15.0,7.262
Oliver Twist,Charles Dickens,56586,83,Akan,aka,11.0,7.246
Ulysses,James Joyce,4300,83,Akan,aka,11.0,7.246
The Adventures of Tom Sawyer,Mark Twain,74,76,Chewa,nya,12.0,7.238
A Tale of Two Cities,Charles Dickens,98,65,Tajik,tgk,14.0,7.222
Treasure Island,Robert Louis Stevenson,120,85,Czech,ces,10.7,7.218
Critique of Pure Reason,Immanuel Kant,4280,59,Swahili,swa,15.4,7.211
Leviathan,Thomas Hobbes,3207,59,Swahili,swa,15.4,7.211
A Christmas Carol,Charles Dickens,46,75,Zulu,zul,12.1,7.202
A Christmas Carol,Charles Dickens,46,75,Kinyarwanda,kin,12.1,7.202
Dracula,Bram Stoker,345,75,Zulu,zul,12.1,7.202
Dracula,Bram Stoker,345,75,Kinyarwanda,kin,12.1,7.202
The Great Gatsby,F. Scott Fitzgerald,64317,84,Kirundi,run,10.8,7.2
Sense and Sensibility,Jane Austen,161,56,Somali,som,16.2,7.2
Critique of Pure Reason,Immanuel Kant,4280,59,Sinhala,sin,15.3,7.164
Critique of Pure Reason,Immanuel Kant,4280,59,Assamese,asm,15.3,7.164
Leviathan,Thomas Hobbes,3207,59,Sinhala,sin,15.3,7.164
Leviathan,Thomas Hobbes,3207,59,Assamese,asm,15.3,7.164
The Picture of Dorian Gray,Oscar Wilde,4078,82,Akan,aka,11.0,7.159
A Christmas Carol,Charles Dickens,46,75,Chewa,nya,12.0,7.143
Dracula,Bram Stoker,345,75,Chewa,nya,12.0,7.143
Strange Case of Dr Jekyll and Mr Hyde,Robert Louis Stevenson,43,60,Modern Greek,ell,15.0,7.143
Strange Case of Dr Jekyll and Mr Hyde,Robert Louis Stevenson,43,60,Kanuri,kau,15.0,7.143
The Great Gatsby,F. Scott Fitzgerald,64317,84,Czech,ces,10.7,7.133
Great Expectations,Charles Dickens,1400,69,Tsonga,tso,13.0,7.119
The Jungle Book,,236,69,Tsonga,tso,13.0,7.119
Oliver Twist,Charles Dickens,56586,83,Kirundi,run,10.8,7.114
Ulysses,James Joyce,4300,83,Kirundi,run,10.8,7.114
A Journey to the Centre of the Earth,Jules Verne,18857,64,Tajik,tgk,14.0,7.111
Sense and Sensibility,Jane Austen,161,56,Zhuang,zha,16.0,7.111
Sense and Sensibility,Jane Austen,161,56,Turkmen,tuk,16.0,7.111
Pride and Prejudice,Jane Austen,1342,99,Bulgarian,bul,9.0,7.071
Great Expectations,Charles Dickens,1400,69,Kazakh,kaz,12.9,7.064
The Jungle Book,,236,69,Kazakh,kaz,12.9,7.064
Oliver Twist,Charles Dickens,56586,83,Czech,ces,10.7,7.048
The Picture of Dorian Gray,Oscar Wilde,4078,82,Kirundi,run,10.8,7.029
Critique of Pure Reason,Immanuel Kant,4280,59,Modern Greek,ell,15.0,7.024
Critique of Pure Reason,Immanuel Kant,4280,59,Kanuri,kau,15.0,7.024
Leviathan,Thomas Hobbes,3207,59,Modern Greek,ell,15.0,7.024
Leviathan,Thomas Hobbes,3207,59,Kanuri,kau,15.0,7.024
Sense and Sensibility,Jane Austen,161,56,Nepali,nep,15.8,7.022
Treasure Island,Robert Louis Stevenson,120,85,Uyghur,uig,10.4,7.016
The Merchant of Venice,William Shakespeare,2243,68,Tsonga,tso,13.0,7.016
David Copperfield,Charles Dickens,766,68,Tsonga,tso,13.0,7.016
Book of Mormon,Joseph Smith; Mormon,17,126,Croatian,hrv,7.0,7.0
Robinson Crusoe,Daniel Defoe,12623,98,Bulgarian,bul,9.0,7.0
The Hound of the Baskervilles,Arthur Conan Doyle,3070,63,Tajik,tgk,14.0,7.0
United States Bill of Rights,,2,63,Tajik,tgk,14.0,7.0
Pride and Prejudice,Jane Austen,1342,99,Quechua,que,8.9,6.993
The Call of the Wild,Jack London,215,53,Khmer,khm,16.6,6.983
The Merchant of Venice,William Shakespeare,2243,68,Kazakh,kaz,12.9,6.962
David Copperfield,Charles Dickens,766,68,Kazakh,kaz,12.9,6.962
Treasure Island,Robert Louis Stevenson,120,85,Afrikaans,afr,10.3,6.948
The Great Gatsby,F. Scott Fitzgerald,64317,84,Uyghur,uig,10.4,6.933
Robinson Crusoe,Daniel Defoe,12623,98,Quechua,que,8.9,6.922
Book of Mormon,Joseph Smith; Mormon,17,126,Kashmiri,kas,6.9,6.9
The Jungle Book,,236,69,Hungarian,hun,12.6,6.9
The Great Gatsby,F. Scott Fitzgerald,64317,84,Afrikaans,afr,10.3,6.867
Oliver Twist,Charles Dickens,56586,83,Uyghur,uig,10.4,6.851
Ulysses,James Joyce,4300,83,Uyghur,uig,10.4,6.851
The Adventures of Sherlock Holmes,Arthur Conan Doyle,1661,52,Khmer,khm,16.6,6.851
The Last of the Mohicans,James Fenimore Cooper,940,52,Khmer,khm,16.6,6.851
Little Women,Louisa May Alcott,514,52,Khmer,khm,16.6,6.851
Sense and Sensibility,Jane Austen,161,56,Swahili,swa,15.4,6.844
The Call of the Wild,Jack London,215,53,Somali,som,16.2,6.814
The Merchant of Venice,William Shakespeare,2243,68,Hungarian,hun,12.6,6.8
David Copperfield,Charles Dickens,766,68,Hungarian,hun,12.6,6.8
Sense and Sensibility,Jane Austen,161,56,Sinhala,sin,15.3,6.8
Sense and Sensibility,Jane Austen,161,56,Assamese,asm,15.3,6.8
Oliver Twist,Charles Dickens,56586,83,Afrikaans,afr,10.3,6.785
Ulysses,James Joyce,4300,83,Afrikaans,afr,10.3,6.785
A Study in Scarlet,Arthur Conan Doyle,244,61,Tajik,tgk,14.0,6.778
Through the Looking-Glass,Lewis Carroll,12,61,Tajik,tgk,14.0,6.778
The Picture of Dorian Gray,Oscar Wilde,4078,82,Uyghur,uig,10.4,6.768
The Call of the Wild,Jack London,215,53,Zhuang,zha,16.0,6.73
The Call of the Wild,Jack London,215,53,Turkmen,tuk,16.0,6.73
A Tale of Two Cities,Charles Dickens,98,65,Tsonga,tso,13.0,6.706
The Picture of Dorian Gray,Oscar Wilde,4078,82,Afrikaans,afr,10.3,6.703
Book of Mormon,Joseph Smith; Mormon,17,126,Armenian,arm,6.7,6.7
The Adventures of Sherlock Holmes,Arthur Conan Doyle,1661,52,Somali,som,16.2,6.686
The Last of the Mohicans,James Fenimore Cooper,940,52,Somali,som,16.2,6.686
Little Women,Louisa May Alcott,514,52,Somali,som,16.2,6.686
Strange Case of Dr Jekyll and Mr Hyde,Robert Louis Stevenson,43,60,Tajik,tgk,14.0,6.667
Sense and Sensibility,Jane Austen,161,56,Modern Greek,ell,15.0,6.667
Sense and Sensibility,Jane Austen,161,56,Kanuri,kau,15.0,6.667
A Tale of Two Cities,Charles Dickens,98,65,Kazakh,kaz,12.9,6.655
The Call of the Wild,Jack London,215,53,Nepali,nep,15.8,6.646
The Adventures of Tom Sawyer,Mark Twain,74,76,Akan,aka,11.0,6.635
Great Expectations,Charles Dickens,1400,69,Zulu,zul,12.1,6.626
Great Expectations,Charles Dickens,1400,69,Kinyarwanda,kin,12.1,6.626
The Jungle Book,,236,69,Zulu,zul,12.1,6.626
The Jungle Book,,236,69,Kinyarwanda,kin,12.1,6.626
A Journey to the Centre of the Earth,Jules Verne,18857,64,Tsonga,tso,13.0,6.603
The Adventures of Sherlock Holmes,Arthur Conan Doyle,1661,52,Zhuang,zha,16.0,6.603
The Adventures of Sherlock Holmes,Arthur Conan Doyle,1661,52,Turkmen,tuk,16.0,6.603
The Last of the Mohicans,James Fenimore Cooper,940,52,Zhuang,zha,16.0,6.603
The Last of the Mohicans,James Fenimore Cooper,940,52,Turkmen,tuk,16.0,6.603
Little Women,Louisa May Alcott,514,52,Zhuang,zha,16.0,6.603
Little Women,Louisa May Alcott,514,52,Turkmen,tuk,16.0,6.603
Book of Mormon,Joseph Smith; Mormon,17,126,Gikuyu,kik,6.6,6.6
Great Expectations,Charles Dickens,1400,69,Chewa,nya,12.0,6.571
The Jungle Book,,236,69,Chewa,nya,12.0,6.571
Critique of Pure Reason,Immanuel Kant,4280,59,Tajik,tgk,14.0,6.556
Leviathan,Thomas Hobbes,3207,59,Tajik,tgk,14.0,6.556
A Journey to the Centre of the Earth,Jules Verne,18857,64,Kazakh,kaz,12.9,6.552
A Christmas Carol,Charles Dickens,46,75,Akan,aka,11.0,6.548
Dracula,Bram Stoker,345,75,Akan,aka,11.0,6.548
The Merchant of Venice,William Shakespeare,2243,68,Zulu,zul,12.1,6.53
The Merchant of Venice,William Shakespeare,2243,68,Kinyarwanda,kin,12.1,6.53
David Copperfield,Charles Dickens,766,68,Zulu,zul,12.1,6.53
David Copperfield,Charles Dickens,766,68,Kinyarwanda,kin,12.1,6.53
Pride and Prejudice,Jane Austen,1342,99,Shona,sna,8.3,6.521
The Adventures of Sherlock Holmes,Arthur Conan Doyle,1661,52,Nepali,nep,15.8,6.521
The Last of the Mohicans,James Fenimore Cooper,940,52,Nepali,nep,15.8,6.521
Little Women,Louisa May Alcott,514,52,Nepali,nep,15.8,6.521
The Adventures of Tom Sawyer,Mark Twain,74,76,Kirundi,run,10.8,6.514
A Tale of Two Cities,Charles Dickens,98,65,Hungarian,hun,12.6,6.5
The Hound of the Baskervilles,Arthur Conan Doyle,3070,63,Tsonga,tso,13.0,6.5
United States Bill of Rights,,2,63,Tsonga,tso,13.0,6.5
The Call of the Wild,Jack London,215,53,Swahili,swa,15.4,6.478
Treasure Island,Robert Louis Stevenson,120,85,Haitian Creole,hat,9.6,6.476
The Merchant of Venice,William Shakespeare,2243,68,Chewa,nya,12.0,6.476
David Copperfield,Charles Dickens,766,68,Chewa,nya,12.0,6.476
Robinson Crusoe,Daniel Defoe,12623,98,Shona,sna,8.3,6.456
The Hound of the Baskervilles,Arthur Conan Doyle,3070,63,Kazakh,kaz,12.9,6.45
United States Bill of Rights,,2,63,Kazakh,kaz,12.9,6.45
Pride and Prejudice,Jane Austen,1342,99,Xhosa,xho,8.2,6.443
The Call of the Wild,Jack London,215,53,Sinhala,sin,15.3,6.436
The Call of the Wild,Jack London,215,53,Assamese,asm,15.3,6.436
A Christmas Carol,Charles Dickens,46,75,Kirundi,run,10.8,6.429
Dracula,Bram Stoker,345,75,Kirundi,run,10.8,6.429
The Great Gatsby,F. Scott Fitzgerald,64317,84,Haitian Creole,hat,9.6,6.4
A Journey to the Centre of the Earth,Jules Verne,18857,64,Hungarian,hun,12.6,6.4
Robinson Crusoe,Daniel Defoe,12623,98,Xhosa,xho,8.2,6.378
Dracula,Bram Stoker,345,75,Czech,ces,10.7,6.369
The Adventures of Sherlock Holmes,Arthur Conan Doyle,1661,52,Swahili,swa,15.4,6.356
The Last of the Mohicans,James Fenimore Cooper,940,52,Swahili,swa,15.4,6.356
Little Women,Louisa May Alcott,514,52,Swahili,swa,15.4,6.356
Oliver Twist,Charles Dickens,56586,83,Haitian Creole,hat,9.6,6.324
Ulysses,James Joyce,4300,83,Haitian Creole,hat,9.6,6.324
The Adventures of Sherlock Holmes,Arthur Conan Doyle,1661,52,Sinhala,sin,15.3,6.314
The Adventures of Sherlock Holmes,Arthur Conan Doyle,1661,52,Assamese,asm,15.3,6.314
The Last of the Mohicans,James Fenimore Cooper,940,52,Sinhala,sin,15.3,6.314
The Last of the Mohicans,James Fenimore Cooper,940,52,Assamese,asm,15.3,6.314
Little Women,Louisa May Alcott,514,52,Sinhala,sin,15.3,6.314
Little Women,Louisa May Alcott,514,52,Assamese,asm,15.3,6.314
The Call of the Wild,Jack London,215,53,Modern Greek,ell,15.0,6.31
The Call of the Wild,Jack London,215,53,Kanuri,kau,15.0,6.31
The Hound of the Baskervilles,Arthur Conan Doyle,3070,63,Hungarian,hun,12.6,6.3
United States Bill of Rights,,2,63,Hungarian,hun,12.6,6.3
A Study in Scarlet,Arthur Conan Doyle,244,61,Tsonga,tso,13.0,6.294
Through the Looking-Glass,Lewis Carroll,12,61,Tsonga,tso,13.0,6.294
The Adventures of Tom Sawyer,Mark Twain,74,76,Uyghur,uig,10.4,6.273
The Picture of Dorian Gray,Oscar Wilde,4078,82,Haitian Creole,hat,9.6,6.248
A Study in Scarlet,Arthur Conan Doyle,244,61,Kazakh,kaz,12.9,6.245
Through the Looking-Glass,Lewis Carroll,12,61,Kazakh,kaz,12.9,6.245
A Tale of Two Cities,Charles Dickens,98,65,Zulu,zul,12.1,6.242
A Tale of Two Cities,Charles Dickens,98,65,Kinyarwanda,kin,12.1,6.242
Sense and Sensibility,Jane Austen,161,56,Tajik,tgk,14.0,6.222
Treasure Island,Robert Louis Stevenson,120,85,Swedish,swe,9.2,6.206
Book of Mormon,Joseph Smith; Mormon,17,126,Albanian,alb,6.2,6.2
A Christmas Carol,Charles Dickens,46,75,Uyghur,uig,10.4,6.19
Dracula,Bram Stoker,345,75,Uyghur,uig,10.4,6.19
A Tale of Two Cities,Charles Dickens,98,65,Chewa,nya,12.0,6.19
Strange Case of Dr Jekyll and Mr Hyde,Robert Louis Stevenson,43,60,Tsonga,tso,13.0,6.19
The Adventures of Sherlock Holmes,Arthur Conan Doyle,1661,52,Kanuri,kau,15.0,6.19
The Last of the Mohicans,James Fenimore Cooper,940,52,Modern Greek,ell,15.0,6.19
The Last of the Mohicans,James Fenimore Cooper,940,52,Kanuri,kau,15.0,6.19
Little Women,Louisa May Alcott,514,52,Modern Greek,ell,15.0,6.19
Little Women,Louisa May Alcott,514,52,Kanuri,kau,15.0,6.19
A Journey to the Centre of the Earth,Jules Verne,18857,64,Zulu,zul,12.1,6.146
A Journey to the Centre of the Earth,Jules Verne,18857,64,Kinyarwanda,kin,12.1,6.146
Strange Case of Dr Jekyll and Mr Hyde,Robert Louis Stevenson,43,60,Kazakh,kaz,12.9,6.143
A Christmas Carol,Charles Dickens,46,75,Afrikaans,afr,10.3,6.131
Dracula,Bram Stoker,345,75,Afrikaans,afr,10.3,6.131
Ulysses,James Joyce,4300,83,Hebrew,heb,9.3,6.126
A Study in Scarlet,Arthur Conan Doyle,244,61,Hungarian,hun,12.6,6.1
Through the Looking-Glass,Lewis Carroll,12,61,Hungarian,hun,12.6,6.1
A Journey to the Centre of the Earth,Jules Verne,18857,64,Chewa,nya,12.0,6.095
Critique of Pure Reason,Immanuel Kant,4280,59,Tsonga,tso,13.0,6.087
Leviathan,Thomas Hobbes,3207,59,Tsonga,tso,13.0,6.087
Treasure Island,Robert Louis Stevenson,120,85,Bulgarian,bul,9.0,6.071
Oliver Twist,Charles Dickens,56586,83,Swedish,swe,9.2,6.06
Ulysses,James Joyce,4300,83,Swedish,swe,9.2,6.06
The Hound of the Baskervilles,Arthur Conan Doyle,3070,63,Zulu,zul,12.1,6.05
The Hound of the Baskervilles,Arthur Conan Doyle,3070,63,Kinyarwanda,kin,12.1,6.05
United States Bill of Rights,,2,63,Zulu,zul,12.1,6.05
United States Bill of Rights,,2,63,Kinyarwanda,kin,12.1,6.05
Critique of Pure Reason,Immanuel Kant,4280,59,Kazakh,kaz,12.9,6.04
Leviathan,Thomas Hobbes,3207,59,Kazakh,kaz,12.9,6.04
Great Expectations,Charles Dickens,1400,69,Akan,aka,11.0,6.024
The Jungle Book,,236,69,Akan,aka,11.0,6.024
Treasure Island,Robert Louis Stevenson,120,85,Quechua,que,8.9,6.004
Book of Mormon,Joseph Smith; Mormon,17,126,Danish,dan,6.0,6.0
Book of Mormon,Joseph Smith; Mormon,17,126,Slovak,slk,6.0,6.0
Book of Mormon,Joseph Smith; Mormon,17,126,Sesotho,sot,6.0,6.0
The Great Gatsby,F. Scott Fitzgerald,64317,84,Bulgarian,bul,9.0,6.0
The Hound of the Baskervilles,Arthur Conan Doyle,3070,63,Chewa,nya,12.0,6.0
United States Bill of Rights,,2,63,Chewa,nya,12.0,6.0
Strange Case of Dr Jekyll and Mr Hyde,Robert Louis Stevenson,43,60,Hungarian,hun,12.6,6.0
The Picture of Dorian Gray,Oscar Wilde,4078,82,Swedish,swe,9.2,5.987
Pride and Prejudice,Jane Austen,1342,99,Belarusian,bel,7.6,5.971
The Merchant of Venice,William Shakespeare,2243,68,Akan,aka,11.0,5.937
David Copperfield,Charles Dickens,766,68,Akan,aka,11.0,5.937
The Great Gatsby,F. Scott Fitzgerald,64317,84,Quechua,que,8.9,5.933
Oliver Twist,Charles Dickens,56586,83,Bulgarian,bul,9.0,5.929
Ulysses,James Joyce,4300,83,Bulgarian,bul,9.0,5.929
Great Expectations,Charles Dickens,1400,69,Kirundi,run,10.8,5.914
The Jungle Book,,236,69,Kirundi,run,10.8,5.914
Robinson Crusoe,Daniel Defoe,12623,98,Belarusian,bel,7.6,5.911
Critique of Pure Reason,Immanuel Kant,4280,59,Hungarian,hun,12.6,5.9
Leviathan,Thomas Hobbes,3207,59,Hungarian,hun,12.6,5.9
Pride and Prejudice,Jane Austen,1342,99,Tigrinya,tir,7.5,5.893
The Call of the Wild,Jack London,215,53,Tajik,tgk,14.0,5.889
Oliver Twist,Charles Dickens,56586,83,Quechua,que,8.9,5.863
Ulysses,James Joyce,4300,83,Quechua,que,8.9,5.863
The Jungle Book,,236,69,Czech,ces,10.7,5.86
A Study in Scarlet,Arthur Conan Doyle,244,61,Zulu,zul,12.1,5.858
A Study in Scarlet,Arthur Conan Doyle,244,61,Kinyarwanda,kin,12.1,5.858
Through the Looking-Glass,Lewis Carroll,12,61,Zulu,zul,12.1,5.858
Through the Looking-Glass,Lewis Carroll,12,61,Kinyarwanda,kin,12.1,5.858
The Picture of Dorian Gray,Oscar Wilde,4078,82,Bulgarian,bul,9.0,5.857
Robinson Crusoe,Daniel Defoe,12623,98,Tigrinya,tir,7.5,5.833
The Merchant of Venice,William Shakespeare,2243,68,Kirundi,run,10.8,5.829
David Copperfield,Charles Dickens,766,68,Kirundi,run,10.8,5.829
A Study in Scarlet,Arthur Conan Doyle,244,61,Chewa,nya,12.0,5.81
Through the Looking-Glass,Lewis Carroll,12,61,Chewa,nya,12.0,5.81
The Picture of Dorian Gray,Oscar Wilde,4078,82,Quechua,que,8.9,5.792
The Adventures of Tom Sawyer,Mark Twain,74,76,Haitian Creole,hat,9.6,5.79
Sense and Sensibility,Jane Austen,161,56,Tsonga,tso,13.0,5.778
The Adventures of Sherlock Holmes,Arthur Conan Doyle,1661,52,Tajik,tgk,14.0,5.778
The Last of the Mohicans,James Fenimore Cooper,940,52,Tajik,tgk,14.0,5.778
Little Women,Louisa May Alcott,514,52,Tajik,tgk,14.0,5.778
The Merchant of Venice,William Shakespeare,2243,68,Czech,ces,10.7,5.775
David Copperfield,Charles Dickens,766,68,Czech,ces,10.7,5.775
Strange Case of Dr Jekyll and Mr Hyde,Robert Louis Stevenson,43,60,Zulu,zul,12.1,5.762
Strange Case of Dr Jekyll and Mr Hyde,Robert Louis Stevenson,43,60,Kinyarwanda,kin,12.1,5.762
Sense and Sensibility,Jane Austen,161,56,Kazakh,kaz,12.9,5.733
A Christmas Carol,Charles Dickens,46,75,Haitian Creole,hat,9.6,5.714
Dracula,Bram Stoker,345,75,Haitian Creole,hat,9.6,5.714
Strange Case of Dr Jekyll and Mr Hyde,Robert Louis Stevenson,43,60,Chewa,nya,12.0,5.714
Great Expectations,Charles Dickens,1400,69,Uyghur,uig,10.4,5.695
The Jungle Book,,236,69,Uyghur,uig,10.4,5.695
A Tale of Two Cities,Charles Dickens,98,65,Akan,aka,11.0,5.675
Critique of Pure Reason,Immanuel Kant,4280,59,Zulu,zul,12.1,5.666
Critique of Pure Reason,Immanuel Kant,4280,59,Kinyarwanda,kin,12.1,5.666
Leviathan,Thomas Hobbes,3207,59,Zulu,zul,12.1,5.666
Leviathan,Thomas Hobbes,3207,59,Kinyarwanda,kin,12.1,5.666
Great Expectations,Charles Dickens,1400,69,Afrikaans,afr,10.3,5.64
The Jungle Book,,236,69,Afrikaans,afr,10.3,5.64
Critique of Pure Reason,Immanuel Kant,4280,59,Chewa,nya,12.0,5.619
Leviathan,Thomas Hobbes,3207,59,Chewa,nya,12.0,5.619
The Merchant of Venice,William Shakespeare,2243,68,Uyghur,uig,10.4,5.613
David Copperfield,Charles Dickens,766,68,Uyghur,uig,10.4,5.613
Treasure Island,Robert Louis Stevenson,120,85,Shona,sna,8.3,5.599
A Journey to the Centre of the Earth,Jules Verne,18857,64,Akan,aka,11.0,5.587
A Tale of Two Cities,Charles Dickens,98,65,Kirundi,run,10.8,5.571
David Copperfield,Charles Dickens,766,68,Afrikaans,afr,10.3,5.559
The Adventures of Tom Sawyer,Mark Twain,74,76,Swedish,swe,9.2,5.549
A Christmas Carol,Charles Dickens,46,75,Hebrew,heb,9.3,5.536
Dracula,Bram Stoker,345,75,Hebrew,heb,9.3,5.536
The Great Gatsby,F. Scott Fitzgerald,64317,84,Shona,sna,8.3,5.533
Treasure Island,Robert Louis Stevenson,120,85,Xhosa,xho,8.2,5.532
A Tale of Two Cities,Charles Dickens,98,65,Czech,ces,10.7,5.52
Pride and Prejudice,Jane Austen,1342,99,Croatian,hrv,7.0,5.5
The Hound of the Baskervilles,Arthur Conan Doyle,3070,63,Akan,aka,11.0,5.5
United States Bill of Rights,,2,63,Akan,aka,11.0,5.5
A Journey to the Centre of the Earth,Jules Verne,18857,64,Kirundi,run,10.8,5.486
A Christmas Carol,Charles Dickens,46,75,Swedish,swe,9.2,5.476
Dracula,Bram Stoker,345,75,Swedish,swe,9.2,5.476
The Call of the Wild,Jack London,215,53,Tsonga,tso,13.0,5.468
The Great Gatsby,F. Scott Fitzgerald,64317,84,Xhosa,xho,8.2,5.467
Oliver Twist,Charles Dickens,56586,83,Shona,sna,8.3,5.467
Ulysses,James Joyce,4300,83,Shona,sna,8.3,5.467
Robinson Crusoe,Daniel Defoe,12623,98,Croatian,hrv,7.0,5.444
A Journey to the Centre of the Earth,Jules Verne,18857,64,Czech,ces,10.7,5.435
The Adventures of Tom Sawyer,Mark Twain,74,76,Bulgarian,bul,9.0,5.429
The Call of the Wild,Jack London,215,53,Kazakh,kaz,12.9,5.426
Pride and Prejudice,Jane Austen,1342,99,Kashmiri,kas,6.9,5.421
Oliver Twist,Charles Dickens,56586,83,Xhosa,xho,8.2,5.402
Ulysses,James Joyce,4300,83,Xhosa,xho,8.2,5.402
The Picture of Dorian Gray,Oscar Wilde,4078,82,Shona,sna,8.3,5.402
Book of Mormon,Joseph Smith; Mormon,17,126,Finnish,fin,5.4,5.4
The Hound of the Baskervilles,Arthur Conan Doyle,3070,63,Kirundi,run,10.8,5.4
United States Bill of Rights,,2,63,Kirundi,run,10.8,5.4
Sense and Sensibility,Jane Austen,161,56,Zulu,zul,12.1,5.378
Sense and Sensibility,Jane Austen,161,56,Kinyarwanda,kin,12.1,5.378
The Adventures of Tom Sawyer,Mark Twain,74,76,Quechua,que,8.9,5.368
Robinson Crusoe,Daniel Defoe,12623,98,Kashmiri,kas,6.9,5.367
A Tale of Two Cities,Charles Dickens,98,65,Uyghur,uig,10.4,5.365
The Adventures of Sherlock Holmes,Arthur Conan Doyle,1661,52,Tsonga,tso,13.0,5.365
The Last of the Mohicans,James Fenimore Cooper,940,52,Tsonga,tso,13.0,5.365
Little Women,Louisa May Alcott,514,52,Tsonga,tso,13.0,5.365
A Christmas Carol,Charles Dickens,46,75,Bulgarian,bul,9.0,5.357
Dracula,Bram Stoker,345,75,Bulgarian,bul,9.0,5.357
United States Bill of Rights,,2,63,Czech,ces,10.7,5.35
The Picture of Dorian Gray,Oscar Wilde,4078,82,Xhosa,xho,8.2,5.337
Sense and Sensibility,Jane Austen,161,56,Chewa,nya,12.0,5.333
A Study in Scarlet,Arthur Conan Doyle,244,61,Akan,aka,11.0,5.325
Through the Looking-Glass,Lewis Carroll,12,61,Akan,aka,11.0,5.325
The Adventures of Sherlock Holmes,Arthur Conan Doyle,1661,52,Kazakh,kaz,12.9,5.324
The Last of the Mohicans,James Fenimore Cooper,940,52,Kazakh,kaz,12.9,5.324
Little Women,Louisa May Alcott,514,52,Kazakh,kaz,12.9,5.324
A Tale of Two Cities,Charles Dickens,98,65,Afrikaans,afr,10.3,5.313
The Call of the Wild,Jack London,215,53,Hungarian,hun,12.6,5.3
A Christmas Carol,Charles Dickens,46,75,Quechua,que,8.9,5.298
Dracula,Bram Stoker,345,75,Quechua,que,8.9,5.298
A Journey to the Centre of the Earth,Jules Verne,18857,64,Uyghur,uig,10.4,5.283
Pride and Prejudice,Jane Austen,1342,99,Armenian,arm,6.7,5.264
Great Expectations,Charles Dickens,1400,69,Haitian Creole,hat,9.6,5.257
The Jungle Book,,236,69,Haitian Creole,hat,9.6,5.257
Strange Case of Dr Jekyll and Mr Hyde,Robert Louis Stevenson,43,60,Akan,aka,11.0,5.238
A Journey to the Centre of the Earth,Jules Verne,18857,64,Afrikaans,afr,10.3,5.232
A Study in Scarlet,Arthur Conan Doyle,244,61,Kirundi,run,10.8,5.229
Through the Looking-Glass,Lewis Carroll,12,61,Kirundi,run,10.8,5.229
Book of Mormon,Joseph Smith; Mormon,17,126,Lao,lao,5.2,5.2
Book of Mormon,Joseph Smith; Mormon,17,126,Norwegian,nor,5.2,5.2
Book of Mormon,Joseph Smith; Mormon,17,126,Mongolian,mon,5.2,5.2
Book of Mormon,Joseph Smith; Mormon,17,126,Tatar,tat,5.2,5.2
The Hound of the Baskervilles,Arthur Conan Doyle,3070,63,Uyghur,uig,10.4,5.2
United States Bill of Rights,,2,63,Uyghur,uig,10.4,5.2
The Adventures of Sherlock Holmes,Arthur Conan Doyle,1661,52,Hungarian,hun,12.6,5.2
The Last of the Mohicans,James Fenimore Cooper,940,52,Hungarian,hun,12.6,5.2
Little Women,Louisa May Alcott,514,52,Hungarian,hun,12.6,5.2
Pride and Prejudice,Jane Austen,1342,99,Gikuyu,kik,6.6,5.186
The Merchant of Venice,William Shakespeare,2243,68,Haitian Creole,hat,9.6,5.181
David Copperfield,Charles Dickens,766,68,Haitian Creole,hat,9.6,5.181
A Study in Scarlet,Arthur Conan Doyle,244,61,Czech,ces,10.7,5.18
Through the Looking-Glass,Lewis Carroll,12,61,Czech,ces,10.7,5.18
Critique of Pure Reason,Immanuel Kant,4280,59,Akan,aka,11.0,5.151
Leviathan,Thomas Hobbes,3207,59,Akan,aka,11.0,5.151
The Hound of the Baskervilles,Arthur Conan Doyle,3070,63,Afrikaans,afr,10.3,5.15
United States Bill of Rights,,2,63,Afrikaans,afr,10.3,5.15
Strange Case of Dr Jekyll and Mr Hyde,Robert Louis Stevenson,43,60,Kirundi,run,10.8,5.143
Robinson Crusoe,Daniel Defoe,12623,98,Gikuyu,kik,6.6,5.133
Treasure Island,Robert Louis Stevenson,120,85,Belarusian,bel,7.6,5.127
Strange Case of Dr Jekyll and Mr Hyde,Robert Louis Stevenson,43,60,Czech,ces,10.7,5.095
The Jungle Book,,236,69,Hebrew,heb,9.3,5.093
The Call of the Wild,Jack London,215,53,Zulu,zul,12.1,5.09
The Call of the Wild,Jack London,215,53,Kinyarwanda,kin,12.1,5.09
The Great Gatsby,F. Scott Fitzgerald,64317,84,Belarusian,bel,7.6,5.067
Treasure Island,Robert Louis Stevenson,120,85,Tigrinya,tir,7.5,5.06
Critique of Pure Reason,Immanuel Kant,4280,59,Kirundi,run,10.8,5.057
Leviathan,Thomas Hobbes,3207,59,Kirundi,run,10.8,5.057
The Call of the Wild,Jack London,215,53,Chewa,nya,12.0,5.048
Great Expectations,Charles Dickens,1400,69,Swedish,swe,9.2,5.038
The Jungle Book,,236,69,Swedish,swe,9.2,5.038
A Study in Scarlet,Arthur Conan Doyle,244,61,Uyghur,uig,10.4,5.035
Through the Looking-Glass,Lewis Carroll,12,61,Uyghur,uig,10.4,5.035
Critique of Pure Reason,Immanuel Kant,4280,59,Czech,ces,10.7,5.01
Leviathan,Thomas Hobbes,3207,59,Czech,ces,10.7,5.01
Oliver Twist,Charles Dickens,56586,83,Belarusian,bel,7.6,5.006
Ulysses,James Joyce,4300,83,Belarusian,bel,7.6,5.006
The Adventures of Tom Sawyer,Mark Twain,74,76,Shona,sna,8.3,5.006
Book of Mormon,Joseph Smith; Mormon,17,126,Kongo,kon,5.0,5.0
The Great Gatsby,F. Scott Fitzgerald,64317,84,Tigrinya,tir,7.5,5.0
The Adventures of Sherlock Holmes,Arthur Conan Doyle,1661,52,Zulu,zul,12.1,4.994
The Adventures of Sherlock Holmes,Arthur Conan Doyle,1661,52,Kinyarwanda,kin,12.1,4.994
The Last of the Mohicans,James Fenimore Cooper,940,52,Zulu,zul,12.1,4.994
The Last of the Mohicans,James Fenimore Cooper,940,52,Kinyarwanda,kin,12.1,4.994
Little Women,Louisa May Alcott,514,52,Zulu,zul,12.1,4.994
Little Women,Louisa May Alcott,514,52,Kinyarwanda,kin,12.1,4.994
A Study in Scarlet,Arthur Conan Doyle,244,61,Afrikaans,afr,10.3,4.987
Through the Looking-Glass,Lewis Carroll,12,61,Afrikaans,afr,10.3,4.987
A Tale of Two Cities,Charles Dickens,98,65,Haitian Creole,hat,9.6,4.952
Strange Case of Dr Jekyll and Mr Hyde,Robert Louis Stevenson,43,60,Uyghur,uig,10.4,4.952
The Adventures of Sherlock Holmes,Arthur Conan Doyle,1661,52,Chewa,nya,12.0,4.952
The Last of the Mohicans,James Fenimore Cooper,940,52,Chewa,nya,12.0,4.952
Little Women,Louisa May Alcott,514,52,Chewa,nya,12.0,4.952
The Picture of Dorian Gray,Oscar Wilde,4078,82,Belarusian,bel,7.6,4.946
The Adventures of Tom Sawyer,Mark Twain,74,76,Xhosa,xho,8.2,4.946
Oliver Twist,Charles Dickens,56586,83,Tigrinya,tir,7.5,4.94
Ulysses,James Joyce,4300,83,Tigrinya,tir,7.5,4.94
A Christmas Carol,Charles Dickens,46,75,Shona,sna,8.3,4.94
Dracula,Bram Stoker,345,75,Shona,sna,8.3,4.94
Great Expectations,Charles Dickens,1400,69,Bulgarian,bul,9.0,4.929
The Jungle Book,,236,69,Bulgarian,bul,9.0,4.929
Strange Case of Dr Jekyll and Mr Hyde,Robert Louis Stevenson,43,60,Afrikaans,afr,10.3,4.905
Book of Mormon,Joseph Smith; Mormon,17,126,Catalan,cat,4.9,4.9
Sense and Sensibility,Jane Austen,161,56,Akan,aka,11.0,4.889
The Picture of Dorian Gray,Oscar Wilde,4078,82,Tigrinya,tir,7.5,4.881
A Christmas Carol,Charles Dickens,46,75,Xhosa,xho,8.2,4.881
Dracula,Bram Stoker,345,75,Xhosa,xho,8.2,4.881
A Journey to the Centre of the Earth,Jules Verne,18857,64,Haitian Creole,hat,9.6,4.876
Great Expectations,Charles Dickens,1400,69,Quechua,que,8.9,4.874
The Jungle Book,,236,69,Quechua,que,8.9,4.874
Pride and Prejudice,Jane Austen,1342,99,Albanian,alb,6.2,4.871
Critique of Pure Reason,Immanuel Kant,4280,59,Uyghur,uig,10.4,4.87
Leviathan,Thomas Hobbes,3207,59,Uyghur,uig,10.4,4.87
The Merchant of Venice,William Shakespeare,2243,68,Bulgarian,bul,9.0,4.857
David Copperfield,Charles Dickens,766,68,Bulgarian,bul,9.0,4.857
Critique of Pure Reason,Immanuel Kant,4280,59,Afrikaans,afr,10.3,4.823
Leviathan,Thomas Hobbes,3207,59,Afrikaans,afr,10.3,4.823
Robinson Crusoe,Daniel Defoe,12623,98,Albanian,alb,6.2,4.822
The Merchant of Venice,William Shakespeare,2243,68,Quechua,que,8.9,4.803
David Copperfield,Charles Dickens,766,68,Quechua,que,8.9,4.803
The Hound of the Baskervilles,Arthur Conan Doyle,3070,63,Haitian Creole,hat,9.6,4.8
United States Bill of Rights,,2,63,Haitian Creole,hat,9.6,4.8
Sense and Sensibility,Jane Austen,161,56,Kirundi,run,10.8,4.8
Sense and Sensibility,Jane Austen,161,56,Czech,ces,10.7,4.756
A Journey to the Centre of the Earth,Jules Verne,18857,64,Hebrew,heb,9.3,4.724
Treasure Island,Robert Louis Stevenson,120,85,Croatian,hrv,7.0,4.722
Pride and Prejudice,Jane Austen,1342,99,Danish,dan,6.0,4.714
Pride and Prejudice,Jane Austen,1342,99,Slovak,slk,6.0,4.714
Pride and Prejudice,Jane Austen,1342,99,Sesotho,sot,6.0,4.714
A Journey to the Centre of the Earth,Jules Verne,18857,64,Swedish,swe,9.2,4.673
Robinson Crusoe,Daniel Defoe,12623,98,Danish,dan,6.0,4.667
Robinson Crusoe,Daniel Defoe,12623,98,Slovak,slk,6.0,4.667
Robinson Crusoe,Daniel Defoe,12623,98,Sesotho,sot,6.0,4.667
The Great Gatsby,F. Scott Fitzgerald,64317,84,Croatian,hrv,7.0,4.667
Treasure Island,Robert Louis Stevenson,120,85,Kashmiri,kas,6.9,4.655
United States Bill of Rights,,2,63,Hebrew,heb,9.3,4.65
A Study in Scarlet,Arthur Conan Doyle,244,61,Haitian Creole,hat,9.6,4.648
Through the Looking-Glass,Lewis Carroll,12,61,Haitian Creole,hat,9.6,4.648
A Tale of Two Cities,Charles Dickens,98,65,Bulgarian,bul,9.0,4.643
The Call of the Wild,Jack London,215,53,Akan,aka,11.0,4.627
Sense and Sensibility,Jane Austen,161,56,Uyghur,uig,10.4,4.622
Ulysses,James Joyce,4300,83,Croatian,hrv,7.0,4.611
Book of Mormon,Joseph Smith; Mormon,17,126,Sango,sag,4.6,4.6
Book of Mormon,Joseph Smith; Mormon,17,126,Kyrgyz,kir,4.6,4.6
The Great Gatsby,F. Scott Fitzgerald,64317,84,Kashmiri,kas,6.9,4.6
The Hound of the Baskervilles,Arthur Conan Doyle,3070,63,Swedish,swe,9.2,4.6
United States Bill of Rights,,2,63,Swedish,swe,9.2,4.6
A Tale of Two Cities,Charles Dickens,98,65,Quechua,que,8.9,4.591
The Adventures of Tom Sawyer,Mark Twain,74,76,Belarusian,bel,7.6,4.584
Sense and Sensibility,Jane Austen,161,56,Afrikaans,afr,10.3,4.578
A Journey to the Centre of the Earth,Jules Verne,18857,64,Bulgarian,bul,9.0,4.571
Strange Case of Dr Jekyll and Mr Hyde,Robert Louis Stevenson,43,60,Haitian Creole,hat,9.6,4.571
The Picture of Dorian Gray,Oscar Wilde,4078,82,Croatian,hrv,7.0,4.556
Oliver Twist,Charles Dickens,56586,83,Kashmiri,kas,6.9,4.545
Ulysses,James Joyce,4300,83,Kashmiri,kas,6.9,4.545
Great Expectations,Charles Dickens,1400,69,Shona,sna,8.3,4.545
The Jungle Book,,236,69,Shona,sna,8.3,4.545
The Call of the Wild,Jack London,215,53,Kirundi,run,10.8,4.543
The Adventures of Sherlock Holmes,Arthur Conan Doyle,1661,52,Akan,aka,11.0,4.54
The Last of the Mohicans,James Fenimore Cooper,940,52,Akan,aka,11.0,4.54
Little Women,Louisa May Alcott,514,52,Akan,aka,11.0,4.54
The Adventures of Tom Sawyer,Mark Twain,74,76,Tigrinya,tir,7.5,4.524
A Christmas Carol,Charles Dickens,46,75,Belarusian,bel,7.6,4.524
Dracula,Bram Stoker,345,75,Belarusian,bel,7.6,4.524
A Journey to the Centre of the Earth,Jules Verne,18857,64,Quechua,que,8.9,4.521
Treasure Island,Robert Louis Stevenson,120,85,Armenian,arm,6.7,4.52
The Call of the Wild,Jack London,215,53,Czech,ces,10.7,4.501
Book of Mormon,Joseph Smith; Mormon,17,126,Tswana,tsn,4.5,4.5
Book of Mormon,Joseph Smith; Mormon,17,126,Guarani,grn,4.5,4.5
United States Bill of Rights,,2,63,Bulgarian,bul,9.0,4.5
Critique of Pure Reason,Immanuel Kant,4280,59,Haitian Creole,hat,9.6,4.495
Leviathan,Thomas Hobbes,3207,59,Haitian Creole,hat,9.6,4.495
The Picture of Dorian Gray,Oscar Wilde,4078,82,Kashmiri,kas,6.9,4.49
Great Expectations,Charles Dickens,1400,69,Xhosa,xho,8.2,4.49
The Jungle Book,,236,69,Xhosa,xho,8.2,4.49
The Merchant of Venice,William Shakespeare,2243,68,Shona,sna,8.3,4.479
David Copperfield,Charles Dickens,766,68,Shona,sna,8.3,4.479
The Great Gatsby,F. Scott Fitzgerald,64317,84,Armenian,arm,6.7,4.467
A Christmas Carol,Charles Dickens,46,75,Tigrinya,tir,7.5,4.464
Dracula,Bram Stoker,345,75,Tigrinya,tir,7.5,4.464
The Adventures of Sherlock Holmes,Arthur Conan Doyle,1661,52,Kirundi,run,10.8,4.457
The Last of the Mohicans,James Fenimore Cooper,940,52,Kirundi,run,10.8,4.457
Little Women,Louisa May Alcott,514,52,Kirundi,run,10.8,4.457
A Study in Scarlet,Arthur Conan Doyle,244,61,Swedish,swe,9.2,4.454
Through the Looking-Glass,Lewis Carroll,12,61,Swedish,swe,9.2,4.454
Treasure Island,Robert Louis Stevenson,120,85,Gikuyu,kik,6.6,4.452
The Hound of the Baskervilles,Arthur Conan Doyle,3070,63,Quechua,que,8.9,4.45
United States Bill of Rights,,2,63,Quechua,que,8.9,4.45
Strange Case of Dr Jekyll and Mr Hyde,Robert Louis Stevenson,43,60,Hebrew,heb,9.3,4.429
The Merchant of Venice,William Shakespeare,2243,68,Xhosa,xho,8.2,4.425
David Copperfield,Charles Dickens,766,68,Xhosa,xho,8.2,4.425
The Adventures of Sherlock Holmes,Arthur Conan Doyle,1661,52,Czech,ces,10.7,4.416
The Last of the Mohicans,James Fenimore Cooper,940,52,Czech,ces,10.7,4.416
Little Women,Louisa May Alcott,514,52,Czech,ces,10.7,4.416
Oliver Twist,Charles Dickens,56586,83,Armenian,arm,6.7,4.413
Ulysses,James Joyce,4300,83,Armenian,arm,6.7,4.413
The Great Gatsby,F. Scott Fitzgerald,64317,84,Gikuyu,kik,6.6,4.4
Strange Case of Dr Jekyll and Mr Hyde,Robert Louis Stevenson,43,60,Swedish,swe,9.2,4.381
The Call of the Wild,Jack London,215,53,Uyghur,uig,10.4,4.375
A Study in Scarlet,Arthur Conan Doyle,244,61,Bulgarian,bul,9.0,4.357
Through the Looking-Glass,Lewis Carroll,12,61,Bulgarian,bul,9.0,4.357
Critique of Pure Reason,Immanuel Kant,4280,59,Hebrew,heb,9.3,4.355
Oliver Twist,Charles Dickens,56586,83,Gikuyu,kik,6.6,4.348
Ulysses,James Joyce,4300,83,Gikuyu,kik,6.6,4.348
The Call of the Wild,Jack London,215,53,Afrikaans,afr,10.3,4.333
A Study in Scarlet,Arthur Conan Doyle,244,61,Quechua,que,8.9,4.309
Through the Looking-Glass,Lewis Carroll,12,61,Quechua,que,8.9,4.309
Critique of Pure Reason,Immanuel Kant,4280,59,Swedish,swe,9.2,4.308
Leviathan,Thomas Hobbes,3207,59,Swedish,swe,9.2,4.308
Book of Mormon,Joseph Smith; Mormon,17,126,Nynorsk,nno,4.3,4.3
The Picture of Dorian Gray,Oscar Wilde,4078,82,Gikuyu,kik,6.6,4.295
The Adventures of Sherlock Holmes,Arthur Conan Doyle,1661,52,Uyghur,uig,10.4,4.292
The Last of the Mohicans,James Fenimore Cooper,940,52,Uyghur,uig,10.4,4.292
Little Women,Louisa May Alcott,514,52,Uyghur,uig,10.4,4.292
Strange Case of Dr Jekyll and Mr Hyde,Robert Louis Stevenson,43,60,Bulgarian,bul,9.0,4.286
A Tale of Two Cities,Charles Dickens,98,65,Shona,sna,8.3,4.282
Sense and Sensibility,Jane Austen,161,56,Haitian Creole,hat,9.6,4.267
The Adventures of Sherlock Holmes,Arthur Conan Doyle,1661,52,Afrikaans,afr,10.3,4.251
The Last of the Mohicans,James Fenimore Cooper,940,52,Afrikaans,afr,10.3,4.251
Little Women,Louisa May Alcott,514,52,Afrikaans,afr,10.3,4.251
Strange Case of Dr Jekyll and Mr Hyde,Robert Louis Stevenson,43,60,Quechua,que,8.9,4.238
A Tale of Two Cities,Charles Dickens,98,65,Xhosa,xho,8.2,4.23
The Adventures of Tom Sawyer,Mark Twain,74,76,Croatian,hrv,7.0,4.222
A Journey to the Centre of the Earth,Jules Verne,18857,64,Shona,sna,8.3,4.216
Critique of Pure Reason,Immanuel Kant,4280,59,Bulgarian,bul,9.0,4.214
Leviathan,Thomas Hobbes,3207,59,Bulgarian,bul,9.0,4.214
Book of Mormon,Joseph Smith; Mormon,17,126,Bambara,bam,4.2,4.2
A Christmas Carol,Charles Dickens,46,75,Croatian,hrv,7.0,4.167
Dracula,Bram Stoker,345,75,Croatian,hrv,7.0,4.167
Critique of Pure Reason,Immanuel Kant,4280,59,Quechua,que,8.9,4.167
Leviathan,Thomas Hobbes,3207,59,Quechua,que,8.9,4.167
A Journey to the Centre of the Earth,Jules Verne,18857,64,Xhosa,xho,8.2,4.165
The Adventures of Tom Sawyer,Mark Twain,74,76,Kashmiri,kas,6.9,4.162
Great Expectations,Charles Dickens,1400,69,Belarusian,bel,7.6,4.162
The Jungle Book,,236,69,Belarusian,bel,7.6,4.162
The Hound of the Baskervilles,Arthur Conan Doyle,3070,63,Shona,sna,8.3,4.15
United States Bill of Rights,,2,63,Shona,sna,8.3,4.15
The Great Gatsby,F. Scott Fitzgerald,64317,84,Albanian,alb,6.2,4.133
A Christmas Carol,Charles Dickens,46,75,Kashmiri,kas,6.9,4.107
Dracula,Bram Stoker,345,75,Kashmiri,kas,6.9,4.107
Great Expectations,Charles Dickens,1400,69,Tigrinya,tir,7.5,4.107
The Jungle Book,,236,69,Tigrinya,tir,7.5,4.107
The Merchant of Venice,William Shakespeare,2243,68,Belarusian,bel,7.6,4.102
David Copperfield,Charles Dickens,766,68,Belarusian,bel,7.6,4.102
Book of Mormon,Joseph Smith; Mormon,17,126,Luganda,lug,4.1,4.1
The Hound of the Baskervilles,Arthur Conan Doyle,3070,63,Xhosa,xho,8.2,4.1
United States Bill of Rights,,2,63,Xhosa,xho,8.2,4.1
Sense and Sensibility,Jane Austen,161,56,Swedish,swe,9.2,4.089
Pride and Prejudice,Jane Austen,1342,99,Lao,lao,5.2,4.086
Pride and Prejudice,Jane Austen,1342,99,Norwegian,nor,5.2,4.086
Pride and Prejudice,Jane Austen,1342,99,Mongolian,mon,5.2,4.086
Pride and Prejudice,Jane Austen,1342,99,Tatar,tat,5.2,4.086
Oliver Twist,Charles Dickens,56586,83,Albanian,alb,6.2,4.084
Ulysses,James Joyce,4300,83,Albanian,alb,6.2,4.084
Treasure Island,Robert Louis Stevenson,120,85,Slovak,slk,6.0,4.048
Treasure Island,Robert Louis Stevenson,120,85,Sesotho,sot,6.0,4.048
The Merchant of Venice,William Shakespeare,2243,68,Tigrinya,tir,7.5,4.048
David Copperfield,Charles Dickens,766,68,Tigrinya,tir,7.5,4.048
Robinson Crusoe,Daniel Defoe,12623,98,Lao,lao,5.2,4.044
Robinson Crusoe,Daniel Defoe,12623,98,Norwegian,nor,5.2,4.044
Robinson Crusoe,Daniel Defoe,12623,98,Mongolian,mon,5.2,4.044
Robinson Crusoe,Daniel Defoe,12623,98,Tatar,tat,5.2,4.044
The Adventures of Tom Sawyer,Mark Twain,74,76,Armenian,arm,6.7,4.041
The Call of the Wild,Jack London,215,53,Haitian Creole,hat,9.6,4.038
The Picture of Dorian Gray,Oscar Wilde,4078,82,Albanian,alb,6.2,4.035
A Study in Scarlet,Arthur Conan Doyle,244,61,Shona,sna,8.3,4.018
Through the Looking-Glass,Lewis Carroll,12,61,Shona,sna,8.3,4.018
Book of Mormon,Joseph Smith; Mormon,17,126,Aymara,aym,4.0,4.0
Book of Mormon,Joseph Smith; Mormon,17,126,Lithuanian,lit,4.0,4.0
Book of Mormon,Joseph Smith; Mormon,17,126,Bokmål,nob,4.0,4.0
The Great Gatsby,F. Scott Fitzgerald,64317,84,Slovak,slk,6.0,4.0
The Great Gatsby,F. Scott Fitzgerald,64317,84,Sesotho,sot,6.0,4.0
Sense and Sensibility,Jane Austen,161,56,Bulgarian,bul,9.0,4.0
Dracula,Bram Stoker,345,75,Armenian,arm,6.7,3.988
The Adventures of Tom Sawyer,Mark Twain,74,76,Gikuyu,kik,6.6,3.981
A Study in Scarlet,Arthur Conan Doyle,244,61,Xhosa,xho,8.2,3.97
Through the Looking-Glass,Lewis Carroll,12,61,Xhosa,xho,8.2,3.97
The Adventures of Sherlock Holmes,Arthur Conan Doyle,1661,52,Haitian Creole,hat,9.6,3.962
The Last of the Mohicans,James Fenimore Cooper,940,52,Haitian Creole,hat,9.6,3.962
Little Women,Louisa May Alcott,514,52,Haitian Creole,hat,9.6,3.962
Sense and Sensibility,Jane Austen,161,56,Quechua,que,8.9,3.956
Oliver Twist,Charles Dickens,56586,83,Slovak,slk,6.0,3.952
Oliver Twist,Charles Dickens,56586,83,Sesotho,sot,6.0,3.952
Ulysses,James Joyce,4300,83,Slovak,slk,6.0,3.952
Ulysses,James Joyce,4300,83,Sesotho,sot,6.0,3.952
Strange Case of Dr Jekyll and Mr Hyde,Robert Louis Stevenson,43,60,Shona,sna,8.3,3.952
Pride and Prejudice,Jane Austen,1342,99,Kongo,kon,5.0,3.929
A Christmas Carol,Charles Dickens,46,75,Gikuyu,kik,6.6,3.929
Dracula,Bram Stoker,345,75,Gikuyu,kik,6.6,3.929
A Tale of Two Cities,Charles Dickens,98,65,Belarusian,bel,7.6,3.921
The Picture of Dorian Gray,Oscar Wilde,4078,82,Danish,dan,6.0,3.905
The Picture of Dorian Gray,Oscar Wilde,4078,82,Slovak,slk,6.0,3.905
The Picture of Dorian Gray,Oscar Wilde,4078,82,Sesotho,sot,6.0,3.905
Strange Case of Dr Jekyll and Mr Hyde,Robert Louis Stevenson,43,60,Xhosa,xho,8.2,3.905
Robinson Crusoe,Daniel Defoe,12623,98,Kongo,kon,5.0,3.889
Critique of Pure Reason,Immanuel Kant,4280,59,Shona,sna,8.3,3.887
Leviathan,Thomas Hobbes,3207,59,Shona,sna,8.3,3.887
A Tale of Two Cities,Charles Dickens,98,65,Tigrinya,tir,7.5,3.869
A Journey to the Centre of the Earth,Jules Verne,18857,64,Belarusian,bel,7.6,3.86
Pride and Prejudice,Jane Austen,1342,99,Catalan,cat,4.9,3.85
Critique of Pure Reason,Immanuel Kant,4280,59,Xhosa,xho,8.2,3.84
Leviathan,Thomas Hobbes,3207,59,Xhosa,xho,8.2,3.84
The Adventures of Sherlock Holmes,Arthur Conan Doyle,1661,52,Hebrew,heb,9.3,3.838
The Last of the Mohicans,James Fenimore Cooper,940,52,Hebrew,heb,9.3,3.838
Little Women,Louisa May Alcott,514,52,Hebrew,heb,9.3,3.838
Great Expectations,Charles Dickens,1400,69,Croatian,hrv,7.0,3.833
The Jungle Book,,236,69,Croatian,hrv,7.0,3.833
Robinson Crusoe,Daniel Defoe,12623,98,Catalan,cat,4.9,3.811
A Journey to the Centre of the Earth,Jules Verne,18857,64,Tigrinya,tir,7.5,3.81
The Hound of the Baskervilles,Arthur Conan Doyle,3070,63,Belarusian,bel,7.6,3.8
United States Bill of Rights,,2,63,Belarusian,bel,7.6,3.8
The Adventures of Sherlock Holmes,Arthur Conan Doyle,1661,52,Swedish,swe,9.2,3.797
The Last of the Mohicans,James Fenimore Cooper,940,52,Swedish,swe,9.2,3.797
Little Women,Louisa May Alcott,514,52,Swedish,swe,9.2,3.797
The Call of the Wild,Jack London,215,53,Bulgarian,bul,9.0,3.786
Great Expectations,Charles Dickens,1400,69,Kashmiri,kas,6.9,3.779
The Jungle Book,,236,69,Kashmiri,kas,6.9,3.779
David Copperfield,Charles Dickens,766,68,Croatian,hrv,7.0,3.778
The Hound of the Baskervilles,Arthur Conan Doyle,3070,63,Tigrinya,tir,7.5,3.75
United States Bill of Rights,,2,63,Tigrinya,tir,7.5,3.75
The Call of the Wild,Jack London,215,53,Quechua,que,8.9,3.744
The Adventures of Tom Sawyer,Mark Twain,74,76,Albanian,alb,6.2,3.74
The Merchant of Venice,William Shakespeare,2243,68,Kashmiri,kas,6.9,3.724
David Copperfield,Charles Dickens,766,68,Kashmiri,kas,6.9,3.724
The Adventures of Sherlock Holmes,Arthur Conan Doyle,1661,52,Bulgarian,bul,9.0,3.714
The Last of the Mohicans,James Fenimore Cooper,940,52,Bulgarian,bul,9.0,3.714
Little Women,Louisa May Alcott,514,52,Bulgarian,bul,9.0,3.714
Book of Mormon,Joseph Smith; Mormon,17,126,Georgian,geo,3.7,3.7
Book of Mormon,Joseph Smith; Mormon,17,126,Wolof,wol,3.7,3.7
A Christmas Carol,Charles Dickens,46,75,Albanian,alb,6.2,3.69
Sense and Sensibility,Jane Austen,161,56,Shona,sna,8.3,3.689
A Study in Scarlet,Arthur Conan Doyle,244,61,Belarusian,bel,7.6,3.679
The Adventures of Sherlock Holmes,Arthur Conan Doyle,1661,52,Quechua,que,8.9,3.673
The Last of the Mohicans,James Fenimore Cooper,940,52,Quechua,que,8.9,3.673
Little Women,Louisa May Alcott,514,52,Quechua,que,8.9,3.673
Great Expectations,Charles Dickens,1400,69,Armenian,arm,6.7,3.669
The Jungle Book,,236,69,Armenian,arm,6.7,3.669
Sense and Sensibility,Jane Austen,161,56,Xhosa,xho,8.2,3.644
A Study in Scarlet,Arthur Conan Doyle,244,61,Tigrinya,tir,7.5,3.631
Through the Looking-Glass,Lewis Carroll,12,61,Tigrinya,tir,7.5,3.631
The Adventures of Tom Sawyer,Mark Twain,74,76,Danish,dan,6.0,3.619
The Adventures of Tom Sawyer,Mark Twain,74,76,Slovak,slk,6.0,3.619
The Adventures of Tom Sawyer,Mark Twain,74,76,Sesotho,sot,6.0,3.619
Strange Case of Dr Jekyll and Mr Hyde,Robert Louis Stevenson,43,60,Belarusian,bel,7.6,3.619
David Copperfield,Charles Dickens,766,68,Armenian,arm,6.7,3.616
Pride and Prejudice,Jane Austen,1342,99,Sango,sag,4.6,3.614
Pride and Prejudice,Jane Austen,1342,99,Kyrgyz,kir,4.6,3.614
Great Expectations,Charles Dickens,1400,69,Gikuyu,kik,6.6,3.614
The Jungle Book,,236,69,Gikuyu,kik,6.6,3.614
A Tale of Two Cities,Charles Dickens,98,65,Croatian,hrv,7.0,3.611
The Great Gatsby,F. Scott Fitzgerald,64317,84,Finnish,fin,5.4,3.6
Robinson Crusoe,Daniel Defoe,12623,98,Sango,sag,4.6,3.578
Robinson Crusoe,Daniel Defoe,12623,98,Kyrgyz,kir,4.6,3.578
A Christmas Carol,Charles Dickens,46,75,Danish,dan,6.0,3.571
A Christmas Carol,Charles Dickens,46,75,Slovak,slk,6.0,3.571
A Christmas Carol,Charles Dickens,46,75,Sesotho,sot,6.0,3.571
Dracula,Bram Stoker,345,75,Danish,dan,6.0,3.571
Dracula,Bram Stoker,345,75,Slovak,slk,6.0,3.571
Dracula,Bram Stoker,345,75,Sesotho,sot,6.0,3.571
Strange Case of Dr Jekyll and Mr Hyde,Robert Louis Stevenson,43,60,Tigrinya,tir,7.5,3.571
The Merchant of Venice,William Shakespeare,2243,68,Gikuyu,kik,6.6,3.562
David Copperfield,Charles Dickens,766,68,Gikuyu,kik,6.6,3.562
A Tale of Two Cities,Charles Dickens,98,65,Kashmiri,kas,6.9,3.56
Critique of Pure Reason,Immanuel Kant,4280,59,Belarusian,bel,7.6,3.559
Leviathan,Thomas Hobbes,3207,59,Belarusian,bel,7.6,3.559
Oliver Twist,Charles Dickens,56586,83,Finnish,fin,5.4,3.557
Ulysses,James Joyce,4300,83,Finnish,fin,5.4,3.557
A Journey to the Centre of the Earth,Jules Verne,18857,64,Croatian,hrv,7.0,3.556
Pride and Prejudice,Jane Austen,1342,99,Tswana,tsn,4.5,3.536
Pride and Prejudice,Jane Austen,1342,99,Guarani,grn,4.5,3.536
Critique of Pure Reason,Immanuel Kant,4280,59,Tigrinya,tir,7.5,3.512
Leviathan,Thomas Hobbes,3207,59,Tigrinya,tir,7.5,3.512
Treasure Island,Robert Louis Stevenson,120,85,Lao,lao,5.2,3.508
Treasure Island,Robert Louis Stevenson,120,85,Norwegian,nor,5.2,3.508
Treasure Island,Robert Louis Stevenson,120,85,Mongolian,mon,5.2,3.508
Treasure Island,Robert Louis Stevenson,120,85,Tatar,tat,5.2,3.508
A Journey to the Centre of the Earth,Jules Verne,18857,64,Kashmiri,kas,6.9,3.505
Robinson Crusoe,Daniel Defoe,12623,98,Tswana,tsn,4.5,3.5
Robinson Crusoe,Daniel Defoe,12623,98,Guarani,grn,4.5,3.5
The Hound of the Baskervilles,Arthur Conan Doyle,3070,63,Croatian,hrv,7.0,3.5
United States Bill of Rights,,2,63,Croatian,hrv,7.0,3.5
The Call of the Wild,Jack London,215,53,Shona,sna,8.3,3.491
The Great Gatsby,F. Scott Fitzgerald,64317,84,Lao,lao,5.2,3.467
The Great Gatsby,F. Scott Fitzgerald,64317,84,Norwegian,nor,5.2,3.467
The Great Gatsby,F. Scott Fitzgerald,64317,84,Mongolian,mon,5.2,3.467
The Great Gatsby,F. Scott Fitzgerald,64317,84,Tatar,tat,5.2,3.467
A Tale of Two Cities,Charles Dickens,98,65,Armenian,arm,6.7,3.456
The Hound of the Baskervilles,Arthur Conan Doyle,3070,63,Kashmiri,kas,6.9,3.45
United States Bill of Rights,,2,63,Kashmiri,kas,6.9,3.45
The Call of the Wild,Jack London,215,53,Xhosa,xho,8.2,3.449
Oliver Twist,Charles Dickens,56586,83,Lao,lao,5.2,3.425
Oliver Twist,Charles Dickens,56586,83,Norwegian,nor,5.2,3.425
Oliver Twist,Charles Dickens,56586,83,Mongolian,mon,5.2,3.425
Oliver Twist,Charles Dickens,56586,83,Tatar,tat,5.2,3.425
Ulysses,James Joyce,4300,83,Lao,lao,5.2,3.425
Ulysses,James Joyce,4300,83,Norwegian,nor,5.2,3.425
Ulysses,James Joyce,4300,83,Mongolian,mon,5.2,3.425
Ulysses,James Joyce,4300,83,Tatar,tat,5.2,3.425
The Adventures of Sherlock Holmes,Arthur Conan Doyle,1661,52,Shona,sna,8.3,3.425
The Last of the Mohicans,James Fenimore Cooper,940,52,Shona,sna,8.3,3.425
Little Women,Louisa May Alcott,514,52,Shona,sna,8.3,3.425
A Tale of Two Cities,Charles Dickens,98,65,Gikuyu,kik,6.6,3.405
A Journey to the Centre of the Earth,Jules Verne,18857,64,Armenian,arm,6.7,3.403
Great Expectations,Charles Dickens,1400,69,Albanian,alb,6.2,3.395
The Jungle Book,,236,69,Albanian,alb,6.2,3.395
A Study in Scarlet,Arthur Conan Doyle,244,61,Croatian,hrv,7.0,3.389
Through the Looking-Glass,Lewis Carroll,12,61,Croatian,hrv,7.0,3.389
The Picture of Dorian Gray,Oscar Wilde,4078,82,Lao,lao,5.2,3.384
The Picture of Dorian Gray,Oscar Wilde,4078,82,Norwegian,nor,5.2,3.384
The Picture of Dorian Gray,Oscar Wilde,4078,82,Mongolian,mon,5.2,3.384
The Picture of Dorian Gray,Oscar Wilde,4078,82,Tatar,tat,5.2,3.384
The Adventures of Sherlock Holmes,Arthur Conan Doyle,1661,52,Xhosa,xho,8.2,3.384
The Last of the Mohicans,James Fenimore Cooper,940,52,Xhosa,xho,8.2,3.384
Little Women,Louisa May Alcott,514,52,Xhosa,xho,8.2,3.384
Pride and Prejudice,Jane Austen,1342,99,Nynorsk,nno,4.3,3.379
Sense and Sensibility,Jane Austen,161,56,Belarusian,bel,7.6,3.378
Treasure Island,Robert Louis Stevenson,120,85,Kongo,kon,5.0,3.373
A Journey to the Centre of the Earth,Jules Verne,18857,64,Gikuyu,kik,6.6,3.352
The Hound of the Baskervilles,Arthur Conan Doyle,3070,63,Armenian,arm,6.7,3.35
United States Bill of Rights,,2,63,Armenian,arm,6.7,3.35
The Merchant of Venice,William Shakespeare,2243,68,Albanian,alb,6.2,3.346
Robinson Crusoe,Daniel Defoe,12623,98,Nynorsk,nno,4.3,3.344
A Study in Scarlet,Arthur Conan Doyle,244,61,Kashmiri,kas,6.9,3.34
Through the Looking-Glass,Lewis Carroll,12,61,Kashmiri,kas,6.9,3.34
The Great Gatsby,F. Scott Fitzgerald,64317,84,Kongo,kon,5.0,3.333
Strange Case of Dr Jekyll and Mr Hyde,Robert Louis Stevenson,43,60,Croatian,hrv,7.0,3.333
Sense and Sensibility,Jane Austen,161,56,Tigrinya,tir,7.5,3.333
Pride and Prejudice,Jane Austen,1342,99,Bambara,bam,4.2,3.3
The Hound of the Baskervilles,Arthur Conan Doyle,3070,63,Gikuyu,kik,6.6,3.3
United States Bill of Rights,,2,63,Gikuyu,kik,6.6,3.3
Oliver Twist,Charles Dickens,56586,83,Kongo,kon,5.0,3.294
Ulysses,James Joyce,4300,83,Kongo,kon,5.0,3.294
Great Expectations,Charles Dickens,1400,69,Danish,dan,6.0,3.286
Great Expectations,Charles Dickens,1400,69,Slovak,slk,6.0,3.286
Great Expectations,Charles Dickens,1400,69,Sesotho,sot,6.0,3.286
The Jungle Book,,236,69,Danish,dan,6.0,3.286
The Jungle Book,,236,69,Slovak,slk,6.0,3.286
The Jungle Book,,236,69,Sesotho,sot,6.0,3.286
Strange Case of Dr Jekyll and Mr Hyde,Robert Louis Stevenson,43,60,Kashmiri,kas,6.9,3.286
Critique of Pure Reason,Immanuel Kant,4280,59,Croatian,hrv,7.0,3.278
Leviathan,Thomas Hobbes,3207,59,Croatian,hrv,7.0,3.278
Robinson Crusoe,Daniel Defoe,12623,98,Bambara,bam,4.2,3.267
The Great Gatsby,F. Scott Fitzgerald,64317,84,Catalan,cat,4.9,3.267
The Picture of Dorian Gray,Oscar Wilde,4078,82,Kongo,kon,5.0,3.254
A Study in Scarlet,Arthur Conan Doyle,244,61,Armenian,arm,6.7,3.244
Through the Looking-Glass,Lewis Carroll,12,61,Armenian,arm,6.7,3.244
The Merchant of Venice,William Shakespeare,2243,68,Sesotho,sot,6.0,3.238
David Copperfield,Charles Dickens,766,68,Danish,dan,6.0,3.238
David Copperfield,Charles Dickens,766,68,Slovak,slk,6.0,3.238
David Copperfield,Charles Dickens,766,68,Sesotho,sot,6.0,3.238
Critique of Pure Reason,Immanuel Kant,4280,59,Kashmiri,kas,6.9,3.231
Leviathan,Thomas Hobbes,3207,59,Kashmiri,kas,6.9,3.231
Oliver Twist,Charles Dickens,56586,83,Catalan,cat,4.9,3.228
Ulysses,James Joyce,4300,83,Catalan,cat,4.9,3.228
Pride and Prejudice,Jane Austen,1342,99,Luganda,lug,4.1,3.221
Dracula,Bram Stoker,345,75,Finnish,fin,5.4,3.214
A Tale of Two Cities,Charles Dickens,98,65,Albanian,alb,6.2,3.198
The Call of the Wild,Jack London,215,53,Belarusian,bel,7.6,3.197
A Study in Scarlet,Arthur Conan Doyle,244,61,Gikuyu,kik,6.6,3.195
Through the Looking-Glass,Lewis Carroll,12,61,Gikuyu,kik,6.6,3.195
Strange Case of Dr Jekyll and Mr Hyde,Robert Louis Stevenson,43,60,Armenian,arm,6.7,3.19
Robinson Crusoe,Daniel Defoe,12623,98,Luganda,lug,4.1,3.189
The Picture of Dorian Gray,Oscar Wilde,4078,82,Catalan,cat,4.9,3.189
The Call of the Wild,Jack London,215,53,Tigrinya,tir,7.5,3.155
A Journey to the Centre of the Earth,Jules Verne,18857,64,Albanian,alb,6.2,3.149
Pride and Prejudice,Jane Austen,1342,99,Aymara,aym,4.0,3.143
Pride and Prejudice,Jane Austen,1342,99,Lithuanian,lit,4.0,3.143
Pride and Prejudice,Jane Austen,1342,99,Bokmål,nob,4.0,3.143
Strange Case of Dr Jekyll and Mr Hyde,Robert Louis Stevenson,43,60,Gikuyu,kik,6.6,3.143
The Adventures of Tom Sawyer,Mark Twain,74,76,Lao,lao,5.2,3.137
The Adventures of Tom Sawyer,Mark Twain,74,76,Norwegian,nor,5.2,3.137
The Adventures of Tom Sawyer,Mark Twain,74,76,Mongolian,mon,5.2,3.137
The Adventures of Tom Sawyer,Mark Twain,74,76,Tatar,tat,5.2,3.137
Critique of Pure Reason,Immanuel Kant,4280,59,Armenian,arm,6.7,3.137
Leviathan,Thomas Hobbes,3207,59,Armenian,arm,6.7,3.137
The Adventures of Sherlock Holmes,Arthur Conan Doyle,1661,52,Belarusian,bel,7.6,3.137
The Last of the Mohicans,James Fenimore Cooper,940,52,Belarusian,bel,7.6,3.137
Little Women,Louisa May Alcott,514,52,Belarusian,bel,7.6,3.137
Robinson Crusoe,Daniel Defoe,12623,98,Aymara,aym,4.0,3.111
Robinson Crusoe,Daniel Defoe,12623,98,Lithuanian,lit,4.0,3.111
Robinson Crusoe,Daniel Defoe,12623,98,Bokmål,nob,4.0,3.111
Sense and Sensibility,Jane Austen,161,56,Croatian,hrv,7.0,3.111
Treasure Island,Robert Louis Stevenson,120,85,Sango,sag,4.6,3.103
Treasure Island,Robert Louis Stevenson,120,85,Kyrgyz,kir,4.6,3.103
The Hound of the Baskervilles,Arthur Conan Doyle,3070,63,Albanian,alb,6.2,3.1
United States Bill of Rights,,2,63,Albanian,alb,6.2,3.1
A Christmas Carol,Charles Dickens,46,75,Lao,lao,5.2,3.095
A Christmas Carol,Charles Dickens,46,75,Norwegian,nor,5.2,3.095
A Christmas Carol,Charles Dickens,46,75,Mongolian,mon,5.2,3.095
A Christmas Carol,Charles Dickens,46,75,Tatar,tat,5.2,3.095
Dracula,Bram Stoker,345,75,Lao,lao,5.2,3.095
Dracula,Bram Stoker,345,75,Norwegian,nor,5.2,3.095
Dracula,Bram Stoker,345,75,Mongolian,mon,5.2,3.095
Dracula,Bram Stoker,345,75,Tatar,tat,5.2,3.095
A Tale of Two Cities,Charles Dickens,98,65,Danish,dan,6.0,3.095
A Tale of Two Cities,Charles Dickens,98,65,Slovak,slk,6.0,3.095
A Tale of Two Cities,Charles Dickens,98,65,Sesotho,sot,6.0,3.095
The Adventures of Sherlock Holmes,Arthur Conan Doyle,1661,52,Tigrinya,tir,7.5,3.095
The Last of the Mohicans,James Fenimore Cooper,940,52,Tigrinya,tir,7.5,3.095
Little Women,Louisa May Alcott,514,52,Tigrinya,tir,7.5,3.095
Critique of Pure Reason,Immanuel Kant,4280,59,Gikuyu,kik,6.6,3.09
Leviathan,Thomas Hobbes,3207,59,Gikuyu,kik,6.6,3.09
The Great Gatsby,F. Scott Fitzgerald,64317,84,Sango,sag,4.6,3.067
The Great Gatsby,F. Scott Fitzgerald,64317,84,Kyrgyz,kir,4.6,3.067
Sense and Sensibility,Jane Austen,161,56,Kashmiri,kas,6.9,3.067
A Journey to the Centre of the Earth,Jules Verne,18857,64,Danish,dan,6.0,3.048
A Journey to the Centre of the Earth,Jules Verne,18857,64,Slovak,slk,6.0,3.048
A Journey to the Centre of the Earth,Jules Verne,18857,64,Sesotho,sot,6.0,3.048
Treasure Island,Robert Louis Stevenson,120,85,Tswana,tsn,4.5,3.036
Treasure Island,Robert Louis Stevenson,120,85,Guarani,grn,4.5,3.036
Oliver Twist,Charles Dickens,56586,83,Sango,sag,4.6,3.03
Oliver Twist,Charles Dickens,56586,83,Kyrgyz,kir,4.6,3.03
Ulysses,James Joyce,4300,83,Sango,sag,4.6,3.03
Ulysses,James Joyce,4300,83,Kyrgyz,kir,4.6,3.03
The Adventures of Tom Sawyer,Mark Twain,74,76,Kongo,kon,5.0,3.016
A Study in Scarlet,Arthur Conan Doyle,244,61,Albanian,alb,6.2,3.002
Through the Looking-Glass,Lewis Carroll,12,61,Albanian,alb,6.2,3.002
Book of Mormon,Joseph Smith; Mormon,17,126,Ewe,ewe,3.0,3.0
Book of Mormon,Joseph Smith; Mormon,17,126,Twi,twi,3.0,3.0
The Great Gatsby,F. Scott Fitzgerald,64317,84,Tswana,tsn,4.5,3.0
The Great Gatsby,F. Scott Fitzgerald,64317,84,Guarani,grn,4.5,3.0
The Hound of the Baskervilles,Arthur Conan Doyle,3070,63,Danish,dan,6.0,3.0
The Hound of the Baskervilles,Arthur Conan Doyle,3070,63,Slovak,slk,6.0,3.0
The Hound of the Baskervilles,Arthur Conan Doyle,3070,63,Sesotho,sot,6.0,3.0
United States Bill of Rights,,2,63,Danish,dan,6.0,3.0
United States Bill of Rights,,2,63,Slovak,slk,6.0,3.0
United States Bill of Rights,,2,63,Sesotho,sot,6.0,3.0
The Picture of Dorian Gray,Oscar Wilde,4078,82,Sango,sag,4.6,2.994
The Picture of Dorian Gray,Oscar Wilde,4078,82,Kyrgyz,kir,4.6,2.994
Sense and Sensibility,Jane Austen,161,56,Armenian,arm,6.7,2.978
A Christmas Carol,Charles Dickens,46,75,Kongo,kon,5.0,2.976
Dracula,Bram Stoker,345,75,Kongo,kon,5.0,2.976
Oliver Twist,Charles Dickens,56586,83,Tswana,tsn,4.5,2.964
Oliver Twist,Charles Dickens,56586,83,Guarani,grn,4.5,2.964
Ulysses,James Joyce,4300,83,Tswana,tsn,4.5,2.964
Ulysses,James Joyce,4300,83,Guarani,grn,4.5,2.964
Great Expectations,Charles Dickens,1400,69,Finnish,fin,5.4,2.957
The Jungle Book,,236,69,Finnish,fin,5.4,2.957
The Adventures of Tom Sawyer,Mark Twain,74,76,Catalan,cat,4.9,2.956
Strange Case of Dr Jekyll and Mr Hyde,Robert Louis Stevenson,43,60,Albanian,alb,6.2,2.952
The Call of the Wild,Jack London,215,53,Croatian,hrv,7.0,2.944
Sense and Sensibility,Jane Austen,161,56,Gikuyu,kik,6.6,2.933
The Picture of Dorian Gray,Oscar Wilde,4078,82,Tswana,tsn,4.5,2.929
The Picture of Dorian Gray,Oscar Wilde,4078,82,Guarani,grn,4.5,2.929
A Christmas Carol,Charles Dickens,46,75,Catalan,cat,4.9,2.917
David Copperfield,Charles Dickens,766,68,Finnish,fin,5.4,2.914
Pride and Prejudice,Jane Austen,1342,99,Georgian,geo,3.7,2.907
Pride and Prejudice,Jane Austen,1342,99,Wolof,wol,3.7,2.907
A Study in Scarlet,Arthur Conan Doyle,244,61,Danish,dan,6.0,2.905
A Study in Scarlet,Arthur Conan Doyle,244,61,Slovak,slk,6.0,2.905
A Study in Scarlet,Arthur Conan Doyle,244,61,Sesotho,sot,6.0,2.905
Through the Looking-Glass,Lewis Carroll,12,61,Danish,dan,6.0,2.905
Through the Looking-Glass,Lewis Carroll,12,61,Slovak,slk,6.0,2.905
Through the Looking-Glass,Lewis Carroll,12,61,Sesotho,sot,6.0,2.905
Critique of Pure Reason,Immanuel Kant,4280,59,Albanian,alb,6.2,2.903
Leviathan,Thomas Hobbes,3207,59,Albanian,alb,6.2,2.903
The Call of the Wild,Jack London,215,53,Kashmiri,kas,6.9,2.902
Treasure Island,Robert Louis Stevenson,120,85,Nynorsk,nno,4.3,2.901
The Adventures of Sherlock Holmes,Arthur Conan Doyle,1661,52,Croatian,hrv,7.0,2.889
The Last of the Mohicans,James Fenimore Cooper,940,52,Croatian,hrv,7.0,2.889
Little Women,Louisa May Alcott,514,52,Croatian,hrv,7.0,2.889
Robinson Crusoe,Daniel Defoe,12623,98,Georgian,geo,3.7,2.878
Robinson Crusoe,Daniel Defoe,12623,98,Wolof,wol,3.7,2.878
The Great Gatsby,F. Scott Fitzgerald,64317,84,Nynorsk,nno,4.3,2.867
Strange Case of Dr Jekyll and Mr Hyde,Robert Louis Stevenson,43,60,Danish,dan,6.0,2.857
Strange Case of Dr Jekyll and Mr Hyde,Robert Louis Stevenson,43,60,Slovak,slk,6.0,2.857
Strange Case of Dr Jekyll and Mr Hyde,Robert Louis Stevenson,43,60,Sesotho,sot,6.0,2.857
Great Expectations,Charles Dickens,1400,69,Lao,lao,5.2,2.848
Great Expectations,Charles Dickens,1400,69,Norwegian,nor,5.2,2.848
Great Expectations,Charles Dickens,1400,69,Mongolian,mon,5.2,2.848
Great Expectations,Charles Dickens,1400,69,Tatar,tat,5.2,2.848
The Jungle Book,,236,69,Lao,lao,5.2,2.848
The Jungle Book,,236,69,Norwegian,nor,5.2,2.848
The Jungle Book,,236,69,Mongolian,mon,5.2,2.848
The Jungle Book,,236,69,Tatar,tat,5.2,2.848
The Adventures of Sherlock Holmes,Arthur Conan Doyle,1661,52,Kashmiri,kas,6.9,2.848
The Last of the Mohicans,James Fenimore Cooper,940,52,Kashmiri,kas,6.9,2.848
Little Women,Louisa May Alcott,514,52,Kashmiri,kas,6.9,2.848
Treasure Island,Robert Louis Stevenson,120,85,Bambara,bam,4.2,2.833
Oliver Twist,Charles Dickens,56586,83,Nynorsk,nno,4.3,2.833
Ulysses,James Joyce,4300,83,Nynorsk,nno,4.3,2.833
The Call of the Wild,Jack London,215,53,Armenian,arm,6.7,2.818
Critique of Pure Reason,Immanuel Kant,4280,59,Danish,dan,6.0,2.81
Critique of Pure Reason,Immanuel Kant,4280,59,Slovak,slk,6.0,2.81
Critique of Pure Reason,Immanuel Kant,4280,59,Sesotho,sot,6.0,2.81
Leviathan,Thomas Hobbes,3207,59,Danish,dan,6.0,2.81
Leviathan,Thomas Hobbes,3207,59,Slovak,slk,6.0,2.81
Leviathan,Thomas Hobbes,3207,59,Sesotho,sot,6.0,2.81
The Merchant of Venice,William Shakespeare,2243,68,Lao,lao,5.2,2.806
The Merchant of Venice,William Shakespeare,2243,68,Tatar,tat,5.2,2.806
David Copperfield,Charles Dickens,766,68,Lao,lao,5.2,2.806
David Copperfield,Charles Dickens,766,68,Norwegian,nor,5.2,2.806
David Copperfield,Charles Dickens,766,68,Tatar,tat,5.2,2.806
The Great Gatsby,F. Scott Fitzgerald,64317,84,Bambara,bam,4.2,2.8
The Picture of Dorian Gray,Oscar Wilde,4078,82,Nynorsk,nno,4.3,2.798
The Call of the Wild,Jack London,215,53,Gikuyu,kik,6.6,2.776
The Adventures of Tom Sawyer,Mark Twain,74,76,Sango,sag,4.6,2.775
The Adventures of Tom Sawyer,Mark Twain,74,76,Kyrgyz,kir,4.6,2.775
Oliver Twist,Charles Dickens,56586,83,Bambara,bam,4.2,2.767
Ulysses,James Joyce,4300,83,Bambara,bam,4.2,2.767
Treasure Island,Robert Louis Stevenson,120,85,Luganda,lug,4.1,2.766
The Adventures of Sherlock Holmes,Arthur Conan Doyle,1661,52,Armenian,arm,6.7,2.765
The Last of the Mohicans,James Fenimore Cooper,940,52,Armenian,arm,6.7,2.765
Little Women,Louisa May Alcott,514,52,Armenian,arm,6.7,2.765
Sense and Sensibility,Jane Austen,161,56,Albanian,alb,6.2,2.756
A Journey to the Centre of the Earth,Jules Verne,18857,64,Finnish,fin,5.4,2.743
A Christmas Carol,Charles Dickens,46,75,Sango,sag,4.6,2.738
A Christmas Carol,Charles Dickens,46,75,Kyrgyz,kir,4.6,2.738
Dracula,Bram Stoker,345,75,Sango,sag,4.6,2.738
Dracula,Bram Stoker,345,75,Kyrgyz,kir,4.6,2.738
Great Expectations,Charles Dickens,1400,69,Kongo,kon,5.0,2.738
The Jungle Book,,236,69,Kongo,kon,5.0,2.738
The Great Gatsby,F. Scott Fitzgerald,64317,84,Luganda,lug,4.1,2.733
The Picture of Dorian Gray,Oscar Wilde,4078,82,Bambara,bam,4.2,2.733
The Adventures of Sherlock Holmes,Arthur Conan Doyle,1661,52,Gikuyu,kik,6.6,2.724
The Last of the Mohicans,James Fenimore Cooper,940,52,Gikuyu,kik,6.6,2.724
Little Women,Louisa May Alcott,514,52,Gikuyu,kik,6.6,2.724
The Adventures of Tom Sawyer,Mark Twain,74,76,Tswana,tsn,4.5,2.714
The Adventures of Tom Sawyer,Mark Twain,74,76,Guarani,grn,4.5,2.714
Oliver Twist,Charles Dickens,56586,83,Luganda,lug,4.1,2.701
Ulysses,James Joyce,4300,83,Luganda,lug,4.1,2.701
United States Bill of Rights,,2,63,Finnish,fin,5.4,2.7
Treasure Island,Robert Louis Stevenson,120,85,Aymara,aym,4.0,2.698
Treasure Island,Robert Louis Stevenson,120,85,Lithuanian,lit,4.0,2.698
Treasure Island,Robert Louis Stevenson,120,85,Bokmål,nob,4.0,2.698
The Merchant of Venice,William Shakespeare,2243,68,Kongo,kon,5.0,2.698
David Copperfield,Charles Dickens,766,68,Kongo,kon,5.0,2.698
Great Expectations,Charles Dickens,1400,69,Catalan,cat,4.9,2.683
The Jungle Book,,236,69,Catalan,cat,4.9,2.683
A Tale of Two Cities,Charles Dickens,98,65,Lao,lao,5.2,2.683
A Tale of Two Cities,Charles Dickens,98,65,Norwegian,nor,5.2,2.683
A Tale of Two Cities,Charles Dickens,98,65,Mongolian,mon,5.2,2.683
A Tale of Two Cities,Charles Dickens,98,65,Tatar,tat,5.2,2.683
A Christmas Carol,Charles Dickens,46,75,Tswana,tsn,4.5,2.679
A Christmas Carol,Charles Dickens,46,75,Guarani,grn,4.5,2.679
Dracula,Bram Stoker,345,75,Tswana,tsn,4.5,2.679
Dracula,Bram Stoker,345,75,Guarani,grn,4.5,2.679
The Picture of Dorian Gray,Oscar Wilde,4078,82,Luganda,lug,4.1,2.668
The Great Gatsby,F. Scott Fitzgerald,64317,84,Aymara,aym,4.0,2.667
The Great Gatsby,F. Scott Fitzgerald,64317,84,Lithuanian,lit,4.0,2.667
The Great Gatsby,F. Scott Fitzgerald,64317,84,Bokmål,nob,4.0,2.667
Sense and Sensibility,Jane Austen,161,56,Danish,dan,6.0,2.667
Sense and Sensibility,Jane Austen,161,56,Slovak,slk,6.0,2.667
Sense and Sensibility,Jane Austen,161,56,Sesotho,sot,6.0,2.667
A Journey to the Centre of the Earth,Jules Verne,18857,64,Lao,lao,5.2,2.641
A Journey to the Centre of the Earth,Jules Verne,18857,64,Norwegian,nor,5.2,2.641
A Journey to the Centre of the Earth,Jules Verne,18857,64,Mongolian,mon,5.2,2.641
A Journey to the Centre of the Earth,Jules Verne,18857,64,Tatar,tat,5.2,2.641
Oliver Twist,Charles Dickens,56586,83,Aymara,aym,4.0,2.635
Oliver Twist,Charles Dickens,56586,83,Lithuanian,lit,4.0,2.635
Oliver Twist,Charles Dickens,56586,83,Bokmål,nob,4.0,2.635
Ulysses,James Joyce,4300,83,Aymara,aym,4.0,2.635
Ulysses,James Joyce,4300,83,Lithuanian,lit,4.0,2.635
Ulysses,James Joyce,4300,83,Bokmål,nob,4.0,2.635
Through the Looking-Glass,Lewis Carroll,12,61,Finnish,fin,5.4,2.614
The Picture of Dorian Gray,Oscar Wilde,4078,82,Aymara,aym,4.0,2.603
The Picture of Dorian Gray,Oscar Wilde,4078,82,Lithuanian,lit,4.0,2.603
The Picture of Dorian Gray,Oscar Wilde,4078,82,Bokmål,nob,4.0,2.603
The Hound of the Baskervilles,Arthur Conan Doyle,3070,63,Lao,lao,5.2,2.6
The Hound of the Baskervilles,Arthur Conan Doyle,3070,63,Norwegian,nor,5.2,2.6
The Hound of the Baskervilles,Arthur Conan Doyle,3070,63,Mongolian,mon,5.2,2.6
The Hound of the Baskervilles,Arthur Conan Doyle,3070,63,Tatar,tat,5.2,2.6
United States Bill of Rights,,2,63,Lao,lao,5.2,2.6
United States Bill of Rights,,2,63,Norwegian,nor,5.2,2.6
United States Bill of Rights,,2,63,Mongolian,mon,5.2,2.6
United States Bill of Rights,,2,63,Tatar,tat,5.2,2.6
The Adventures of Tom Sawyer,Mark Twain,74,76,Nynorsk,nno,4.3,2.594
A Tale of Two Cities,Charles Dickens,98,65,Kongo,kon,5.0,2.579
Strange Case of Dr Jekyll and Mr Hyde,Robert Louis Stevenson,43,60,Finnish,fin,5.4,2.571
A Christmas Carol,Charles Dickens,46,75,Nynorsk,nno,4.3,2.56
Dracula,Bram Stoker,345,75,Nynorsk,nno,4.3,2.56
The Adventures of Sherlock Holmes,Arthur Conan Doyle,1661,52,Albanian,alb,6.2,2.559
The Last of the Mohicans,James Fenimore Cooper,940,52,Albanian,alb,6.2,2.559
Little Women,Louisa May Alcott,514,52,Albanian,alb,6.2,2.559
A Journey to the Centre of the Earth,Jules Verne,18857,64,Kongo,kon,5.0,2.54
The Adventures of Tom Sawyer,Mark Twain,74,76,Bambara,bam,4.2,2.533
Critique of Pure Reason,Immanuel Kant,4280,59,Finnish,fin,5.4,2.529
Leviathan,Thomas Hobbes,3207,59,Finnish,fin,5.4,2.529
The Call of the Wild,Jack London,215,53,Danish,dan,6.0,2.524
The Call of the Wild,Jack London,215,53,Slovak,slk,6.0,2.524
The Call of the Wild,Jack London,215,53,Sesotho,sot,6.0,2.524
Great Expectations,Charles Dickens,1400,69,Sango,sag,4.6,2.519
Great Expectations,Charles Dickens,1400,69,Kyrgyz,kir,4.6,2.519
The Jungle Book,,236,69,Sango,sag,4.6,2.519
The Jungle Book,,236,69,Kyrgyz,kir,4.6,2.519
A Study in Scarlet,Arthur Conan Doyle,244,61,Lao,lao,5.2,2.517
A Study in Scarlet,Arthur Conan Doyle,244,61,Norwegian,nor,5.2,2.517
A Study in Scarlet,Arthur Conan Doyle,244,61,Mongolian,mon,5.2,2.517
A Study in Scarlet,Arthur Conan Doyle,244,61,Tatar,tat,5.2,2.517
Through the Looking-Glass,Lewis Carroll,12,61,Lao,lao,5.2,2.517
Through the Looking-Glass,Lewis Carroll,12,61,Norwegian,nor,5.2,2.517
Through the Looking-Glass,Lewis Carroll,12,61,Mongolian,mon,5.2,2.517
Through the Looking-Glass,Lewis Carroll,12,61,Tatar,tat,5.2,2.517
A Christmas Carol,Charles Dickens,46,75,Bambara,bam,4.2,2.5
Dracula,Bram Stoker,345,75,Bambara,bam,4.2,2.5
The Hound of the Baskervilles,Arthur Conan Doyle,3070,63,Kongo,kon,5.0,2.5
United States Bill of Rights,,2,63,Kongo,kon,5.0,2.5
Treasure Island,Robert Louis Stevenson,120,85,Georgian,geo,3.7,2.496
Treasure Island,Robert Louis Stevenson,120,85,Wolof,wol,3.7,2.496
A Journey to the Centre of the Earth,Jules Verne,18857,64,Catalan,cat,4.9,2.489
The Merchant of Venice,William Shakespeare,2243,68,Sango,sag,4.6,2.483
The Merchant of Venice,William Shakespeare,2243,68,Kyrgyz,kir,4.6,2.483
David Copperfield,Charles Dickens,766,68,Sango,sag,4.6,2.483
David Copperfield,Charles Dickens,766,68,Kyrgyz,kir,4.6,2.483
Strange Case of Dr Jekyll and Mr Hyde,Robert Louis Stevenson,43,60,Lao,lao,5.2,2.476
Strange Case of Dr Jekyll and Mr Hyde,Robert Louis Stevenson,43,60,Norwegian,nor,5.2,2.476
Strange Case of Dr Jekyll and Mr Hyde,Robert Louis Stevenson,43,60,Mongolian,mon,5.2,2.476
Strange Case of Dr Jekyll and Mr Hyde,Robert Louis Stevenson,43,60,Tatar,tat,5.2,2.476
The Adventures of Sherlock Holmes,Arthur Conan Doyle,1661,52,Danish,dan,6.0,2.476
The Adventures of Sherlock Holmes,Arthur Conan Doyle,1661,52,Slovak,slk,6.0,2.476
The Adventures of Sherlock Holmes,Arthur Conan Doyle,1661,52,Sesotho,sot,6.0,2.476
The Last of the Mohicans,James Fenimore Cooper,940,52,Slovak,slk,6.0,2.476
The Last of the Mohicans,James Fenimore Cooper,940,52,Sesotho,sot,6.0,2.476
Little Women,Louisa May Alcott,514,52,Slovak,slk,6.0,2.476
Little Women,Louisa May Alcott,514,52,Sesotho,sot,6.0,2.476
The Adventures of Tom Sawyer,Mark Twain,74,76,Luganda,lug,4.1,2.473
The Great Gatsby,F. Scott Fitzgerald,64317,84,Georgian,geo,3.7,2.467
The Great Gatsby,F. Scott Fitzgerald,64317,84,Wolof,wol,3.7,2.467
Great Expectations,Charles Dickens,1400,69,Tswana,tsn,4.5,2.464
Great Expectations,Charles Dickens,1400,69,Guarani,grn,4.5,2.464
The Jungle Book,,236,69,Tswana,tsn,4.5,2.464
The Jungle Book,,236,69,Guarani,grn,4.5,2.464
United States Bill of Rights,,2,63,Catalan,cat,4.9,2.45
A Christmas Carol,Charles Dickens,46,75,Luganda,lug,4.1,2.44
Dracula,Bram Stoker,345,75,Luganda,lug,4.1,2.44
Oliver Twist,Charles Dickens,56586,83,Georgian,geo,3.7,2.437
Oliver Twist,Charles Dickens,56586,83,Wolof,wol,3.7,2.437
Ulysses,James Joyce,4300,83,Georgian,geo,3.7,2.437
Ulysses,James Joyce,4300,83,Wolof,wol,3.7,2.437
Critique of Pure Reason,Immanuel Kant,4280,59,Lao,lao,5.2,2.435
Critique of Pure Reason,Immanuel Kant,4280,59,Norwegian,nor,5.2,2.435
Critique of Pure Reason,Immanuel Kant,4280,59,Mongolian,mon,5.2,2.435
Critique of Pure Reason,Immanuel Kant,4280,59,Tatar,tat,5.2,2.435
Leviathan,Thomas Hobbes,3207,59,Lao,lao,5.2,2.435
Leviathan,Thomas Hobbes,3207,59,Norwegian,nor,5.2,2.435
Leviathan,Thomas Hobbes,3207,59,Mongolian,mon,5.2,2.435
Leviathan,Thomas Hobbes,3207,59,Tatar,tat,5.2,2.435
The Merchant of Venice,William Shakespeare,2243,68,Guarani,grn,4.5,2.429
David Copperfield,Charles Dickens,766,68,Tswana,tsn,4.5,2.429
David Copperfield,Charles Dickens,766,68,Guarani,grn,4.5,2.429
A Study in Scarlet,Arthur Conan Doyle,244,61,Kongo,kon,5.0,2.421
Through the Looking-Glass,Lewis Carroll,12,61,Kongo,kon,5.0,2.421
The Adventures of Tom Sawyer,Mark Twain,74,76,Aymara,aym,4.0,2.413
The Adventures of Tom Sawyer,Mark Twain,74,76,Lithuanian,lit,4.0,2.413
The Adventures of Tom Sawyer,Mark Twain,74,76,Bokmål,nob,4.0,2.413
The Picture of Dorian Gray,Oscar Wilde,4078,82,Georgian,geo,3.7,2.408
The Picture of Dorian Gray,Oscar Wilde,4078,82,Wolof,wol,3.7,2.408
Book of Mormon,Joseph Smith; Mormon,17,126,Slovene,slv,2.4,2.4
Book of Mormon,Joseph Smith; Mormon,17,126,Galician,glg,2.4,2.4
Sense and Sensibility,Jane Austen,161,56,Finnish,fin,5.4,2.4
A Christmas Carol,Charles Dickens,46,75,Aymara,aym,4.0,2.381
A Christmas Carol,Charles Dickens,46,75,Lithuanian,lit,4.0,2.381
A Christmas Carol,Charles Dickens,46,75,Bokmål,nob,4.0,2.381
Dracula,Bram Stoker,345,75,Aymara,aym,4.0,2.381
Dracula,Bram Stoker,345,75,Lithuanian,lit,4.0,2.381
Dracula,Bram Stoker,345,75,Bokmål,nob,4.0,2.381
Strange Case of Dr Jekyll and Mr Hyde,Robert Louis Stevenson,43,60,Kongo,kon,5.0,2.381
A Tale of Two Cities,Charles Dickens,98,65,Sango,sag,4.6,2.373
A Tale of Two Cities,Charles Dickens,98,65,Kyrgyz,kir,4.6,2.373
A Study in Scarlet,Arthur Conan Doyle,244,61,Catalan,cat,4.9,2.372
Pride and Prejudice,Jane Austen,1342,99,Ewe,ewe,3.0,2.357
Pride and Prejudice,Jane Austen,1342,99,Twi,twi,3.0,2.357
Great Expectations,Charles Dickens,1400,69,Nynorsk,nno,4.3,2.355
The Jungle Book,,236,69,Nynorsk,nno,4.3,2.355
Critique of Pure Reason,Immanuel Kant,4280,59,Kongo,kon,5.0,2.341
Leviathan,Thomas Hobbes,3207,59,Kongo,kon,5.0,2.341
A Journey to the Centre of the Earth,Jules Verne,18857,64,Sango,sag,4.6,2.337
A Journey to the Centre of the Earth,Jules Verne,18857,64,Kyrgyz,kir,4.6,2.337
Robinson Crusoe,Daniel Defoe,12623,98,Ewe,ewe,3.0,2.333
Robinson Crusoe,Daniel Defoe,12623,98,Twi,twi,3.0,2.333
Strange Case of Dr Jekyll and Mr Hyde,Robert Louis Stevenson,43,60,Catalan,cat,4.9,2.333
The Merchant of Venice,William Shakespeare,2243,68,Nynorsk,nno,4.3,2.321
David Copperfield,Charles Dickens,766,68,Nynorsk,nno,4.3,2.321
A Tale of Two Cities,Charles Dickens,98,65,Tswana,tsn,4.5,2.321
A Tale of Two Cities,Charles Dickens,98,65,Guarani,grn,4.5,2.321
Sense and Sensibility,Jane Austen,161,56,Lao,lao,5.2,2.311
Sense and Sensibility,Jane Austen,161,56,Norwegian,nor,5.2,2.311
Sense and Sensibility,Jane Austen,161,56,Mongolian,mon,5.2,2.311
Sense and Sensibility,Jane Austen,161,56,Tatar,tat,5.2,2.311
Great Expectations,Charles Dickens,1400,69,Bambara,bam,4.2,2.3
The Jungle Book,,236,69,Bambara,bam,4.2,2.3
The Hound of the Baskervilles,Arthur Conan Doyle,3070,63,Sango,sag,4.6,2.3
The Hound of the Baskervilles,Arthur Conan Doyle,3070,63,Kyrgyz,kir,4.6,2.3
United States Bill of Rights,,2,63,Sango,sag,4.6,2.3
United States Bill of Rights,,2,63,Kyrgyz,kir,4.6,2.3
Critique of Pure Reason,Immanuel Kant,4280,59,Catalan,cat,4.9,2.294
Leviathan,Thomas Hobbes,3207,59,Catalan,cat,4.9,2.294
A Journey to the Centre of the Earth,Jules Verne,18857,64,Tswana,tsn,4.5,2.286
A Journey to the Centre of the Earth,Jules Verne,18857,64,Guarani,grn,4.5,2.286
The Merchant of Venice,William Shakespeare,2243,68,Bambara,bam,4.2,2.267
David Copperfield,Charles Dickens,766,68,Bambara,bam,4.2,2.267
The Hound of the Baskervilles,Arthur Conan Doyle,3070,63,Tswana,tsn,4.5,2.25
The Hound of the Baskervilles,Arthur Conan Doyle,3070,63,Guarani,grn,4.5,2.25
United States Bill of Rights,,2,63,Tswana,tsn,4.5,2.25
United States Bill of Rights,,2,63,Guarani,grn,4.5,2.25
Great Expectations,Charles Dickens,1400,69,Luganda,lug,4.1,2.245
The Jungle Book,,236,69,Luganda,lug,4.1,2.245
The Adventures of Tom Sawyer,Mark Twain,74,76,Georgian,geo,3.7,2.232
The Adventures of Tom Sawyer,Mark Twain,74,76,Wolof,wol,3.7,2.232
The Adventures of Sherlock Holmes,Arthur Conan Doyle,1661,52,Finnish,fin,5.4,2.229
The Last of the Mohicans,James Fenimore Cooper,940,52,Finnish,fin,5.4,2.229
Little Women,Louisa May Alcott,514,52,Finnish,fin,5.4,2.229
A Study in Scarlet,Arthur Conan Doyle,244,61,Sango,sag,4.6,2.227
A Study in Scarlet,Arthur Conan Doyle,244,61,Kyrgyz,kir,4.6,2.227
Through the Looking-Glass,Lewis Carroll,12,61,Sango,sag,4.6,2.227
Through the Looking-Glass,Lewis Carroll,12,61,Kyrgyz,kir,4.6,2.227
Sense and Sensibility,Jane Austen,161,56,Kongo,kon,5.0,2.222
A Tale of Two Cities,Charles Dickens,98,65,Nynorsk,nno,4.3,2.218
The Merchant of Venice,William Shakespeare,2243,68,Luganda,lug,4.1,2.213
David Copperfield,Charles Dickens,766,68,Luganda,lug,4.1,2.213
A Christmas Carol,Charles Dickens,46,75,Georgian,geo,3.7,2.202
A Christmas Carol,Charles Dickens,46,75,Wolof,wol,3.7,2.202
Dracula,Bram Stoker,345,75,Georgian,geo,3.7,2.202
Dracula,Bram Stoker,345,75,Wolof,wol,3.7,2.202
Great Expectations,Charles Dickens,1400,69,Aymara,aym,4.0,2.19
Great Expectations,Charles Dickens,1400,69,Lithuanian,lit,4.0,2.19
Great Expectations,Charles Dickens,1400,69,Bokmål,nob,4.0,2.19
The Jungle Book,,236,69,Aymara,aym,4.0,2.19
The Jungle Book,,236,69,Lithuanian,lit,4.0,2.19
The Jungle Book,,236,69,Bokmål,nob,4.0,2.19
Strange Case of Dr Jekyll and Mr Hyde,Robert Louis Stevenson,43,60,Sango,sag,4.6,2.19
Strange Case of Dr Jekyll and Mr Hyde,Robert Louis Stevenson,43,60,Kyrgyz,kir,4.6,2.19
The Call of the Wild,Jack London,215,53,Lao,lao,5.2,2.187
The Call of the Wild,Jack London,215,53,Norwegian,nor,5.2,2.187
The Call of the Wild,Jack London,215,53,Mongolian,mon,5.2,2.187
The Call of the Wild,Jack London,215,53,Tatar,tat,5.2,2.187
A Journey to the Centre of the Earth,Jules Verne,18857,64,Nynorsk,nno,4.3,2.184
A Study in Scarlet,Arthur Conan Doyle,244,61,Tswana,tsn,4.5,2.179
A Study in Scarlet,Arthur Conan Doyle,244,61,Guarani,grn,4.5,2.179
Through the Looking-Glass,Lewis Carroll,12,61,Tswana,tsn,4.5,2.179
Through the Looking-Glass,Lewis Carroll,12,61,Guarani,grn,4.5,2.179
Sense and Sensibility,Jane Austen,161,56,Catalan,cat,4.9,2.178
A Tale of Two Cities,Charles Dickens,98,65,Bambara,bam,4.2,2.167
The Merchant of Venice,William Shakespeare,2243,68,Aymara,aym,4.0,2.159
The Merchant of Venice,William Shakespeare,2243,68,Lithuanian,lit,4.0,2.159
The Merchant of Venice,William Shakespeare,2243,68,Bokmål,nob,4.0,2.159
David Copperfield,Charles Dickens,766,68,Aymara,aym,4.0,2.159
David Copperfield,Charles Dickens,766,68,Lithuanian,lit,4.0,2.159
David Copperfield,Charles Dickens,766,68,Bokmål,nob,4.0,2.159
Critique of Pure Reason,Immanuel Kant,4280,59,Sango,sag,4.6,2.154
Critique of Pure Reason,Immanuel Kant,4280,59,Kyrgyz,kir,4.6,2.154
Leviathan,Thomas Hobbes,3207,59,Sango,sag,4.6,2.154
Leviathan,Thomas Hobbes,3207,59,Kyrgyz,kir,4.6,2.154
The Hound of the Baskervilles,Arthur Conan Doyle,3070,63,Nynorsk,nno,4.3,2.15
United States Bill of Rights,,2,63,Nynorsk,nno,4.3,2.15
The Adventures of Sherlock Holmes,Arthur Conan Doyle,1661,52,Lao,lao,5.2,2.146
The Adventures of Sherlock Holmes,Arthur Conan Doyle,1661,52,Norwegian,nor,5.2,2.146
The Adventures of Sherlock Holmes,Arthur Conan Doyle,1661,52,Tatar,tat,5.2,2.146
The Last of the Mohicans,James Fenimore Cooper,940,52,Lao,lao,5.2,2.146
The Last of the Mohicans,James Fenimore Cooper,940,52,Norwegian,nor,5.2,2.146
The Last of the Mohicans,James Fenimore Cooper,940,52,Mongolian,mon,5.2,2.146
The Last of the Mohicans,James Fenimore Cooper,940,52,Tatar,tat,5.2,2.146
Little Women,Louisa May Alcott,514,52,Lao,lao,5.2,2.146
Little Women,Louisa May Alcott,514,52,Norwegian,nor,5.2,2.146
Little Women,Louisa May Alcott,514,52,Mongolian,mon,5.2,2.146
Little Women,Louisa May Alcott,514,52,Tatar,tat,5.2,2.146
Strange Case of Dr Jekyll and Mr Hyde,Robert Louis Stevenson,43,60,Tswana,tsn,4.5,2.143
Strange Case of Dr Jekyll and Mr Hyde,Robert Louis Stevenson,43,60,Guarani,grn,4.5,2.143
A Journey to the Centre of the Earth,Jules Verne,18857,64,Bambara,bam,4.2,2.133
A Tale of Two Cities,Charles Dickens,98,65,Luganda,lug,4.1,2.115
Critique of Pure Reason,Immanuel Kant,4280,59,Tswana,tsn,4.5,2.107
Critique of Pure Reason,Immanuel Kant,4280,59,Guarani,grn,4.5,2.107
Leviathan,Thomas Hobbes,3207,59,Tswana,tsn,4.5,2.107
Leviathan,Thomas Hobbes,3207,59,Guarani,grn,4.5,2.107
The Call of the Wild,Jack London,215,53,Kongo,kon,5.0,2.103
The Hound of the Baskervilles,Arthur Conan Doyle,3070,63,Bambara,bam,4.2,2.1
United States Bill of Rights,,2,63,Bambara,bam,4.2,2.1
A Journey to the Centre of the Earth,Jules Verne,18857,64,Luganda,lug,4.1,2.083
A Study in Scarlet,Arthur Conan Doyle,244,61,Nynorsk,nno,4.3,2.082
Through the Looking-Glass,Lewis Carroll,12,61,Nynorsk,nno,4.3,2.082
A Tale of Two Cities,Charles Dickens,98,65,Aymara,aym,4.0,2.063
A Tale of Two Cities,Charles Dickens,98,65,Lithuanian,lit,4.0,2.063
A Tale of Two Cities,Charles Dickens,98,65,Bokmål,nob,4.0,2.063
The Adventures of Sherlock Holmes,Arthur Conan Doyle,1661,52,Kongo,kon,5.0,2.063
The Last of the Mohicans,James Fenimore Cooper,940,52,Kongo,kon,5.0,2.063
Little Women,Louisa May Alcott,514,52,Kongo,kon,5.0,2.063
The Call of the Wild,Jack London,215,53,Catalan,cat,4.9,2.061
The Hound of the Baskervilles,Arthur Conan Doyle,3070,63,Luganda,lug,4.1,2.05
United States Bill of Rights,,2,63,Luganda,lug,4.1,2.05
Strange Case of Dr Jekyll and Mr Hyde,Robert Louis Stevenson,43,60,Nynorsk,nno,4.3,2.048
Sense and Sensibility,Jane Austen,161,56,Sango,sag,4.6,2.044
Sense and Sensibility,Jane Austen,161,56,Kyrgyz,kir,4.6,2.044
A Study in Scarlet,Arthur Conan Doyle,244,61,Bambara,bam,4.2,2.033
Through the Looking-Glass,Lewis Carroll,12,61,Bambara,bam,4.2,2.033
A Journey to the Centre of the Earth,Jules Verne,18857,64,Aymara,aym,4.0,2.032
A Journey to the Centre of the Earth,Jules Verne,18857,64,Lithuanian,lit,4.0,2.032
A Journey to the Centre of the Earth,Jules Verne,18857,64,Bokmål,nob,4.0,2.032
Great Expectations,Charles Dickens,1400,69,Georgian,geo,3.7,2.026
Great Expectations,Charles Dickens,1400,69,Wolof,wol,3.7,2.026
The Jungle Book,,236,69,Georgian,geo,3.7,2.026
The Jungle Book,,236,69,Wolof,wol,3.7,2.026
Treasure Island,Robert Louis Stevenson,120,85,Ewe,ewe,3.0,2.024
Treasure Island,Robert Louis Stevenson,120,85,Twi,twi,3.0,2.024
The Last of the Mohicans,James Fenimore Cooper,940,52,Catalan,cat,4.9,2.022
Little Women,Louisa May Alcott,514,52,Catalan,cat,4.9,2.022
Critique of Pure Reason,Immanuel Kant,4280,59,Nynorsk,nno,4.3,2.013
Leviathan,Thomas Hobbes,3207,59,Nynorsk,nno,4.3,2.013
Book of Mormon,Joseph Smith; Mormon,17,126,Swazi,ssw,2.0,2.0
Book of Mormon,Joseph Smith; Mormon,17,126,Esperanto,epo,2.0,2.0
Book of Mormon,Joseph Smith; Mormon,17,126,Macedonian,mac,2.0,2.0
Book of Mormon,Joseph Smith; Mormon,17,126,Nuosu,iii,2.0,2.0
The Great Gatsby,F. Scott Fitzgerald,64317,84,Ewe,ewe,3.0,2.0
The Great Gatsby,F. Scott Fitzgerald,64317,84,Twi,twi,3.0,2.0
The Hound of the Baskervilles,Arthur Conan Doyle,3070,63,Aymara,aym,4.0,2.0
The Hound of the Baskervilles,Arthur Conan Doyle,3070,63,Lithuanian,lit,4.0,2.0
The Hound of the Baskervilles,Arthur Conan Doyle,3070,63,Bokmål,nob,4.0,2.0
United States Bill of Rights,,2,63,Aymara,aym,4.0,2.0
United States Bill of Rights,,2,63,Lithuanian,lit,4.0,2.0
United States Bill of Rights,,2,63,Bokmål,nob,4.0,2.0
Strange Case of Dr Jekyll and Mr Hyde,Robert Louis Stevenson,43,60,Bambara,bam,4.2,2.0
Sense and Sensibility,Jane Austen,161,56,Tswana,tsn,4.5,2.0
Sense and Sensibility,Jane Austen,161,56,Guarani,grn,4.5,2.0
The Merchant of Venice,William Shakespeare,2243,68,Georgian,geo,3.7,1.997
The Merchant of Venice,William Shakespeare,2243,68,Wolof,wol,3.7,1.997
David Copperfield,Charles Dickens,766,68,Georgian,geo,3.7,1.997
David Copperfield,Charles Dickens,766,68,Wolof,wol,3.7,1.997
A Study in Scarlet,Arthur Conan Doyle,244,61,Luganda,lug,4.1,1.985
Through the Looking-Glass,Lewis Carroll,12,61,Luganda,lug,4.1,1.985
Oliver Twist,Charles Dickens,56586,83,Ewe,ewe,3.0,1.976
Oliver Twist,Charles Dickens,56586,83,Twi,twi,3.0,1.976
Ulysses,James Joyce,4300,83,Ewe,ewe,3.0,1.976
Ulysses,James Joyce,4300,83,Twi,twi,3.0,1.976
Critique of Pure Reason,Immanuel Kant,4280,59,Bambara,bam,4.2,1.967
Leviathan,Thomas Hobbes,3207,59,Bambara,bam,4.2,1.967
The Picture of Dorian Gray,Oscar Wilde,4078,82,Ewe,ewe,3.0,1.952
The Picture of Dorian Gray,Oscar Wilde,4078,82,Twi,twi,3.0,1.952
Strange Case of Dr Jekyll and Mr Hyde,Robert Louis Stevenson,43,60,Luganda,lug,4.1,1.952
A Study in Scarlet,Arthur Conan Doyle,244,61,Aymara,aym,4.0,1.937
A Study in Scarlet,Arthur Conan Doyle,244,61,Lithuanian,lit,4.0,1.937
A Study in Scarlet,Arthur Conan Doyle,244,61,Bokmål,nob,4.0,1.937
Through the Looking-Glass,Lewis Carroll,12,61,Aymara,aym,4.0,1.937
Through the Looking-Glass,Lewis Carroll,12,61,Lithuanian,lit,4.0,1.937
Through the Looking-Glass,Lewis Carroll,12,61,Bokmål,nob,4.0,1.937
The Call of the Wild,Jack London,215,53,Sango,sag,4.6,1.935
The Call of the Wild,Jack London,215,53,Kyrgyz,kir,4.6,1.935
Critique of Pure Reason,Immanuel Kant,4280,59,Luganda,lug,4.1,1.92
Leviathan,Thomas Hobbes,3207,59,Luganda,lug,4.1,1.92
Sense and Sensibility,Jane Austen,161,56,Nynorsk,nno,4.3,1.911
A Tale of Two Cities,Charles Dickens,98,65,Georgian,geo,3.7,1.909
A Tale of Two Cities,Charles Dickens,98,65,Wolof,wol,3.7,1.909
Strange Case of Dr Jekyll and Mr Hyde,Robert Louis Stevenson,43,60,Aymara,aym,4.0,1.905
Strange Case of Dr Jekyll and Mr Hyde,Robert Louis Stevenson,43,60,Lithuanian,lit,4.0,1.905
Strange Case of Dr Jekyll and Mr Hyde,Robert Louis Stevenson,43,60,Bokmål,nob,4.0,1.905
The Adventures of Sherlock Holmes,Arthur Conan Doyle,1661,52,Sango,sag,4.6,1.898
The Adventures of Sherlock Holmes,Arthur Conan Doyle,1661,52,Kyrgyz,kir,4.6,1.898
The Last of the Mohicans,James Fenimore Cooper,940,52,Sango,sag,4.6,1.898
The Last of the Mohicans,James Fenimore Cooper,940,52,Kyrgyz,kir,4.6,1.898
Little Women,Louisa May Alcott,514,52,Sango,sag,4.6,1.898
Little Women,Louisa May Alcott,514,52,Kyrgyz,kir,4.6,1.898
The Call of the Wild,Jack London,215,53,Tswana,tsn,4.5,1.893
The Call of the Wild,Jack London,215,53,Guarani,grn,4.5,1.893
Pride and Prejudice,Jane Austen,1342,99,Slovene,slv,2.4,1.886
Pride and Prejudice,Jane Austen,1342,99,Galician,glg,2.4,1.886
A Journey to the Centre of the Earth,Jules Verne,18857,64,Georgian,geo,3.7,1.879
A Journey to the Centre of the Earth,Jules Verne,18857,64,Wolof,wol,3.7,1.879
Critique of Pure Reason,Immanuel Kant,4280,59,Aymara,aym,4.0,1.873
Critique of Pure Reason,Immanuel Kant,4280,59,Lithuanian,lit,4.0,1.873
Critique of Pure Reason,Immanuel Kant,4280,59,Bokmål,nob,4.0,1.873
Leviathan,Thomas Hobbes,3207,59,Aymara,aym,4.0,1.873
Leviathan,Thomas Hobbes,3207,59,Lithuanian,lit,4.0,1.873
Leviathan,Thomas Hobbes,3207,59,Bokmål,nob,4.0,1.873
Robinson Crusoe,Daniel Defoe,12623,98,Slovene,slv,2.4,1.867
Robinson Crusoe,Daniel Defoe,12623,98,Galician,glg,2.4,1.867
Sense and Sensibility,Jane Austen,161,56,Bambara,bam,4.2,1.867
The Adventures of Sherlock Holmes,Arthur Conan Doyle,1661,52,Tswana,tsn,4.5,1.857
The Adventures of Sherlock Holmes,Arthur Conan Doyle,1661,52,Guarani,grn,4.5,1.857
The Last of the Mohicans,James Fenimore Cooper,940,52,Tswana,tsn,4.5,1.857
The Last of the Mohicans,James Fenimore Cooper,940,52,Guarani,grn,4.5,1.857
Little Women,Louisa May Alcott,514,52,Tswana,tsn,4.5,1.857
Little Women,Louisa May Alcott,514,52,Guarani,grn,4.5,1.857
The Hound of the Baskervilles,Arthur Conan Doyle,3070,63,Georgian,geo,3.7,1.85
The Hound of the Baskervilles,Arthur Conan Doyle,3070,63,Wolof,wol,3.7,1.85
United States Bill of Rights,,2,63,Georgian,geo,3.7,1.85
United States Bill of Rights,,2,63,Wolof,wol,3.7,1.85
Sense and Sensibility,Jane Austen,161,56,Luganda,lug,4.1,1.822
The Adventures of Tom Sawyer,Mark Twain,74,76,Ewe,ewe,3.0,1.81
The Adventures of Tom Sawyer,Mark Twain,74,76,Twi,twi,3.0,1.81
The Call of the Wild,Jack London,215,53,Nynorsk,nno,4.3,1.809
A Study in Scarlet,Arthur Conan Doyle,244,61,Georgian,geo,3.7,1.791
A Study in Scarlet,Arthur Conan Doyle,244,61,Wolof,wol,3.7,1.791
Through the Looking-Glass,Lewis Carroll,12,61,Georgian,geo,3.7,1.791
Through the Looking-Glass,Lewis Carroll,12,61,Wolof,wol,3.7,1.791
A Christmas Carol,Charles Dickens,46,75,Ewe,ewe,3.0,1.786
A Christmas Carol,Charles Dickens,46,75,Twi,twi,3.0,1.786
Dracula,Bram Stoker,345,75,Ewe,ewe,3.0,1.786
Dracula,Bram Stoker,345,75,Twi,twi,3.0,1.786
Sense and Sensibility,Jane Austen,161,56,Aymara,aym,4.0,1.778
Sense and Sensibility,Jane Austen,161,56,Lithuanian,lit,4.0,1.778
Sense and Sensibility,Jane Austen,161,56,Bokmål,nob,4.0,1.778
The Adventures of Sherlock Holmes,Arthur Conan Doyle,1661,52,Nynorsk,nno,4.3,1.775
The Last of the Mohicans,James Fenimore Cooper,940,52,Nynorsk,nno,4.3,1.775
Little Women,Louisa May Alcott,514,52,Nynorsk,nno,4.3,1.775
The Call of the Wild,Jack London,215,53,Bambara,bam,4.2,1.767
Strange Case of Dr Jekyll and Mr Hyde,Robert Louis Stevenson,43,60,Georgian,geo,3.7,1.762
Strange Case of Dr Jekyll and Mr Hyde,Robert Louis Stevenson,43,60,Wolof,wol,3.7,1.762
Critique of Pure Reason,Immanuel Kant,4280,59,Georgian,geo,3.7,1.733
Critique of Pure Reason,Immanuel Kant,4280,59,Wolof,wol,3.7,1.733
Leviathan,Thomas Hobbes,3207,59,Georgian,geo,3.7,1.733
Leviathan,Thomas Hobbes,3207,59,Wolof,wol,3.7,1.733
The Adventures of Sherlock Holmes,Arthur Conan Doyle,1661,52,Bambara,bam,4.2,1.733
The Last of the Mohicans,James Fenimore Cooper,940,52,Bambara,bam,4.2,1.733
Little Women,Louisa May Alcott,514,52,Bambara,bam,4.2,1.733
The Call of the Wild,Jack London,215,53,Luganda,lug,4.1,1.725
The Adventures of Sherlock Holmes,Arthur Conan Doyle,1661,52,Luganda,lug,4.1,1.692
The Last of the Mohicans,James Fenimore Cooper,940,52,Luganda,lug,4.1,1.692
Little Women,Louisa May Alcott,514,52,Luganda,lug,4.1,1.692
The Call of the Wild,Jack London,215,53,Aymara,aym,4.0,1.683
The Call of the Wild,Jack London,215,53,Lithuanian,lit,4.0,1.683
The Call of the Wild,Jack London,215,53,Bokmål,nob,4.0,1.683
The Adventures of Sherlock Holmes,Arthur Conan Doyle,1661,52,Aymara,aym,4.0,1.651
The Adventures of Sherlock Holmes,Arthur Conan Doyle,1661,52,Lithuanian,lit,4.0,1.651
The Adventures of Sherlock Holmes,Arthur Conan Doyle,1661,52,Bokmål,nob,4.0,1.651
The Last of the Mohicans,James Fenimore Cooper,940,52,Aymara,aym,4.0,1.651
The Last of the Mohicans,James Fenimore Cooper,940,52,Lithuanian,lit,4.0,1.651
The Last of the Mohicans,James Fenimore Cooper,940,52,Bokmål,nob,4.0,1.651
Little Women,Louisa May Alcott,514,52,Aymara,aym,4.0,1.651
Little Women,Louisa May Alcott,514,52,Lithuanian,lit,4.0,1.651
Little Women,Louisa May Alcott,514,52,Bokmål,nob,4.0,1.651
Sense and Sensibility,Jane Austen,161,56,Georgian,geo,3.7,1.644
Sense and Sensibility,Jane Austen,161,56,Wolof,wol,3.7,1.644
Great Expectations,Charles Dickens,1400,69,Ewe,ewe,3.0,1.643
Great Expectations,Charles Dickens,1400,69,Twi,twi,3.0,1.643
The Jungle Book,,236,69,Ewe,ewe,3.0,1.643
The Jungle Book,,236,69,Twi,twi,3.0,1.643
Treasure Island,Robert Louis Stevenson,120,85,Slovene,slv,2.4,1.619
Treasure Island,Robert Louis Stevenson,120,85,Galician,glg,2.4,1.619
The Merchant of Venice,William Shakespeare,2243,68,Ewe,ewe,3.0,1.619
The Merchant of Venice,William Shakespeare,2243,68,Twi,twi,3.0,1.619
David Copperfield,Charles Dickens,766,68,Ewe,ewe,3.0,1.619
David Copperfield,Charles Dickens,766,68,Twi,twi,3.0,1.619
Book of Mormon,Joseph Smith; Mormon,17,126,Afar,aar,1.6,1.6
Book of Mormon,Joseph Smith; Mormon,17,126,Northern Ndebele,nde,1.6,1.6
The Great Gatsby,F. Scott Fitzgerald,64317,84,Slovene,slv,2.4,1.6
The Great Gatsby,F. Scott Fitzgerald,64317,84,Galician,glg,2.4,1.6
Oliver Twist,Charles Dickens,56586,83,Slovene,slv,2.4,1.581
Oliver Twist,Charles Dickens,56586,83,Galician,glg,2.4,1.581
Ulysses,James Joyce,4300,83,Slovene,slv,2.4,1.581
Pride and Prejudice,Jane Austen,1342,99,Swazi,ssw,2.0,1.571
Pride and Prejudice,Jane Austen,1342,99,Esperanto,epo,2.0,1.571
Pride and Prejudice,Jane Austen,1342,99,Macedonian,mac,2.0,1.571
Pride and Prejudice,Jane Austen,1342,99,Nuosu,iii,2.0,1.571
The Picture of Dorian Gray,Oscar Wilde,4078,82,Slovene,slv,2.4,1.562
The Picture of Dorian Gray,Oscar Wilde,4078,82,Galician,glg,2.4,1.562
Robinson Crusoe,Daniel Defoe,12623,98,Swazi,ssw,2.0,1.556
Robinson Crusoe,Daniel Defoe,12623,98,Macedonian,mac,2.0,1.556
Robinson Crusoe,Daniel Defoe,12623,98,Nuosu,iii,2.0,1.556
The Call of the Wild,Jack London,215,53,Georgian,geo,3.7,1.556
The Call of the Wild,Jack London,215,53,Wolof,wol,3.7,1.556
A Tale of Two Cities,Charles Dickens,98,65,Ewe,ewe,3.0,1.548
A Tale of Two Cities,Charles Dickens,98,65,Twi,twi,3.0,1.548
The Adventures of Sherlock Holmes,Arthur Conan Doyle,1661,52,Georgian,geo,3.7,1.527
The Adventures of Sherlock Holmes,Arthur Conan Doyle,1661,52,Wolof,wol,3.7,1.527
The Last of the Mohicans,James Fenimore Cooper,940,52,Georgian,geo,3.7,1.527
The Last of the Mohicans,James Fenimore Cooper,940,52,Wolof,wol,3.7,1.527
Little Women,Louisa May Alcott,514,52,Georgian,geo,3.7,1.527
Little Women,Louisa May Alcott,514,52,Wolof,wol,3.7,1.527
A Journey to the Centre of the Earth,Jules Verne,18857,64,Ewe,ewe,3.0,1.524
A Journey to the Centre of the Earth,Jules Verne,18857,64,Twi,twi,3.0,1.524
Book of Mormon,Joseph Smith; Mormon,17,126,Latvian,lav,1.5,1.5
The Hound of the Baskervilles,Arthur Conan Doyle,3070,63,Ewe,ewe,3.0,1.5
The Hound of the Baskervilles,Arthur Conan Doyle,3070,63,Twi,twi,3.0,1.5
United States Bill of Rights,,2,63,Ewe,ewe,3.0,1.5
United States Bill of Rights,,2,63,Twi,twi,3.0,1.5
A Study in Scarlet,Arthur Conan Doyle,244,61,Ewe,ewe,3.0,1.452
A Study in Scarlet,Arthur Conan Doyle,244,61,Twi,twi,3.0,1.452
Through the Looking-Glass,Lewis Carroll,12,61,Ewe,ewe,3.0,1.452
Through the Looking-Glass,Lewis Carroll,12,61,Twi,twi,3.0,1.452
The Adventures of Tom Sawyer,Mark Twain,74,76,Slovene,slv,2.4,1.448
The Adventures of Tom Sawyer,Mark Twain,74,76,Galician,glg,2.4,1.448
A Christmas Carol,Charles Dickens,46,75,Slovene,slv,2.4,1.429
Dracula,Bram Stoker,345,75,Slovene,slv,2.4,1.429
Strange Case of Dr Jekyll and Mr Hyde,Robert Louis Stevenson,43,60,Ewe,ewe,3.0,1.429
Strange Case of Dr Jekyll and Mr Hyde,Robert Louis Stevenson,43,60,Twi,twi,3.0,1.429
Critique of Pure Reason,Immanuel Kant,4280,59,Ewe,ewe,3.0,1.405
Critique of Pure Reason,Immanuel Kant,4280,59,Twi,twi,3.0,1.405
Leviathan,Thomas Hobbes,3207,59,Ewe,ewe,3.0,1.405
Leviathan,Thomas Hobbes,3207,59,Twi,twi,3.0,1.405
Book of Mormon,Joseph Smith; Mormon,17,126,Chechen,che,1.4,1.4
Treasure Island,Robert Louis Stevenson,120,85,Swazi,ssw,2.0,1.349
Treasure Island,Robert Louis Stevenson,120,85,Esperanto,epo,2.0,1.349
Treasure Island,Robert Louis Stevenson,120,85,Macedonian,mac,2.0,1.349
Treasure Island,Robert Louis Stevenson,120,85,Nuosu,iii,2.0,1.349
The Great Gatsby,F. Scott Fitzgerald,64317,84,Swazi,ssw,2.0,1.333
The Great Gatsby,F. Scott Fitzgerald,64317,84,Esperanto,epo,2.0,1.333
The Great Gatsby,F. Scott Fitzgerald,64317,84,Macedonian,mac,2.0,1.333
The Great Gatsby,F. Scott Fitzgerald,64317,84,Nuosu,iii,2.0,1.333
Sense and Sensibility,Jane Austen,161,56,Ewe,ewe,3.0,1.333
Sense and Sensibility,Jane Austen,161,56,Twi,twi,3.0,1.333
Oliver Twist,Charles Dickens,56586,83,Swazi,ssw,2.0,1.317
Oliver Twist,Charles Dickens,56586,83,Esperanto,epo,2.0,1.317
Oliver Twist,Charles Dickens,56586,83,Macedonian,mac,2.0,1.317
Oliver Twist,Charles Dickens,56586,83,Nuosu,iii,2.0,1.317
Ulysses,James Joyce,4300,83,Swazi,ssw,2.0,1.317
Ulysses,James Joyce,4300,83,Esperanto,epo,2.0,1.317
Ulysses,James Joyce,4300,83,Macedonian,mac,2.0,1.317
Ulysses,James Joyce,4300,83,Nuosu,iii,2.0,1.317
Great Expectations,Charles Dickens,1400,69,Slovene,slv,2.4,1.314
Great Expectations,Charles Dickens,1400,69,Galician,glg,2.4,1.314
The Jungle Book,,236,69,Slovene,slv,2.4,1.314
The Jungle Book,,236,69,Galician,glg,2.4,1.314
The Picture of Dorian Gray,Oscar Wilde,4078,82,Swazi,ssw,2.0,1.302
The Picture of Dorian Gray,Oscar Wilde,4078,82,Esperanto,epo,2.0,1.302
The Picture of Dorian Gray,Oscar Wilde,4078,82,Macedonian,mac,2.0,1.302
The Picture of Dorian Gray,Oscar Wilde,4078,82,Nuosu,iii,2.0,1.302
Book of Mormon,Joseph Smith; Mormon,17,126,Venda,ven,1.3,1.3
Book of Mormon,Joseph Smith; Mormon,17,126,Sardinian,srd,1.3,1.3
Book of Mormon,Joseph Smith; Mormon,17,126,Estonian,est,1.3,1.3
The Merchant of Venice,William Shakespeare,2243,68,Slovene,slv,2.4,1.295
The Merchant of Venice,William Shakespeare,2243,68,Galician,glg,2.4,1.295
David Copperfield,Charles Dickens,766,68,Slovene,slv,2.4,1.295
David Copperfield,Charles Dickens,766,68,Galician,glg,2.4,1.295
The Call of the Wild,Jack London,215,53,Ewe,ewe,3.0,1.262
The Call of the Wild,Jack London,215,53,Twi,twi,3.0,1.262
Pride and Prejudice,Jane Austen,1342,99,Afar,aar,1.6,1.257
Pride and Prejudice,Jane Austen,1342,99,Northern Ndebele,nde,1.6,1.257
Robinson Crusoe,Daniel Defoe,12623,98,Afar,aar,1.6,1.244
Robinson Crusoe,Daniel Defoe,12623,98,Northern Ndebele,nde,1.6,1.244
A Tale of Two Cities,Charles Dickens,98,65,Slovene,slv,2.4,1.238
A Tale of Two Cities,Charles Dickens,98,65,Galician,glg,2.4,1.238
The Adventures of Sherlock Holmes,Arthur Conan Doyle,1661,52,Ewe,ewe,3.0,1.238
The Adventures of Sherlock Holmes,Arthur Conan Doyle,1661,52,Twi,twi,3.0,1.238
The Last of the Mohicans,James Fenimore Cooper,940,52,Ewe,ewe,3.0,1.238
The Last of the Mohicans,James Fenimore Cooper,940,52,Twi,twi,3.0,1.238
Little Women,Louisa May Alcott,514,52,Ewe,ewe,3.0,1.238
Little Women,Louisa May Alcott,514,52,Twi,twi,3.0,1.238
A Journey to the Centre of the Earth,Jules Verne,18857,64,Slovene,slv,2.4,1.219
A Journey to the Centre of the Earth,Jules Verne,18857,64,Galician,glg,2.4,1.219
The Adventures of Tom Sawyer,Mark Twain,74,76,Swazi,ssw,2.0,1.206
The Adventures of Tom Sawyer,Mark Twain,74,76,Esperanto,epo,2.0,1.206
The Adventures of Tom Sawyer,Mark Twain,74,76,Macedonian,mac,2.0,1.206
The Adventures of Tom Sawyer,Mark Twain,74,76,Nuosu,iii,2.0,1.206
Book of Mormon,Joseph Smith; Mormon,17,126,Bashkir,bak,1.2,1.2
Book of Mormon,Joseph Smith; Mormon,17,126,Tibetan,tib,1.2,1.2
The Hound of the Baskervilles,Arthur Conan Doyle,3070,63,Slovene,slv,2.4,1.2
The Hound of the Baskervilles,Arthur Conan Doyle,3070,63,Galician,glg,2.4,1.2
United States Bill of Rights,,2,63,Slovene,slv,2.4,1.2
United States Bill of Rights,,2,63,Galician,glg,2.4,1.2
A Christmas Carol,Charles Dickens,46,75,Swazi,ssw,2.0,1.19
A Christmas Carol,Charles Dickens,46,75,Macedonian,mac,2.0,1.19
A Christmas Carol,Charles Dickens,46,75,Nuosu,iii,2.0,1.19
Dracula,Bram Stoker,345,75,Swazi,ssw,2.0,1.19
Dracula,Bram Stoker,345,75,Esperanto,epo,2.0,1.19
Dracula,Bram Stoker,345,75,Macedonian,mac,2.0,1.19
Dracula,Bram Stoker,345,75,Nuosu,iii,2.0,1.19
Pride and Prejudice,Jane Austen,1342,99,Latvian,lav,1.5,1.179
Robinson Crusoe,Daniel Defoe,12623,98,Latvian,lav,1.5,1.167
A Study in Scarlet,Arthur Conan Doyle,244,61,Slovene,slv,2.4,1.162
A Study in Scarlet,Arthur Conan Doyle,244,61,Galician,glg,2.4,1.162
Through the Looking-Glass,Lewis Carroll,12,61,Slovene,slv,2.4,1.162
Through the Looking-Glass,Lewis Carroll,12,61,Galician,glg,2.4,1.162
Strange Case of Dr Jekyll and Mr Hyde,Robert Louis Stevenson,43,60,Slovene,slv,2.4,1.143
Strange Case of Dr Jekyll and Mr Hyde,Robert Louis Stevenson,43,60,Galician,glg,2.4,1.143
Critique of Pure Reason,Immanuel Kant,4280,59,Slovene,slv,2.4,1.124
Critique of Pure Reason,Immanuel Kant,4280,59,Galician,glg,2.4,1.124
Leviathan,Thomas Hobbes,3207,59,Slovene,slv,2.4,1.124
Leviathan,Thomas Hobbes,3207,59,Galician,glg,2.4,1.124
Pride and Prejudice,Jane Austen,1342,99,Chechen,che,1.4,1.1
Great Expectations,Charles Dickens,1400,69,Swazi,ssw,2.0,1.095
Great Expectations,Charles Dickens,1400,69,Esperanto,epo,2.0,1.095
Great Expectations,Charles Dickens,1400,69,Macedonian,mac,2.0,1.095
Great Expectations,Charles Dickens,1400,69,Nuosu,iii,2.0,1.095
The Jungle Book,,236,69,Swazi,ssw,2.0,1.095
The Jungle Book,,236,69,Esperanto,epo,2.0,1.095
The Jungle Book,,236,69,Macedonian,mac,2.0,1.095
The Jungle Book,,236,69,Nuosu,iii,2.0,1.095
Robinson Crusoe,Daniel Defoe,12623,98,Chechen,che,1.4,1.089
Treasure Island,Robert Louis Stevenson,120,85,Afar,aar,1.6,1.079
Treasure Island,Robert Louis Stevenson,120,85,Northern Ndebele,nde,1.6,1.079
The Merchant of Venice,William Shakespeare,2243,68,Swazi,ssw,2.0,1.079
The Merchant of Venice,William Shakespeare,2243,68,Esperanto,epo,2.0,1.079
The Merchant of Venice,William Shakespeare,2243,68,Macedonian,mac,2.0,1.079
The Merchant of Venice,William Shakespeare,2243,68,Nuosu,iii,2.0,1.079
David Copperfield,Charles Dickens,766,68,Swazi,ssw,2.0,1.079
David Copperfield,Charles Dickens,766,68,Esperanto,epo,2.0,1.079
David Copperfield,Charles Dickens,766,68,Macedonian,mac,2.0,1.079
David Copperfield,Charles Dickens,766,68,Nuosu,iii,2.0,1.079
The Great Gatsby,F. Scott Fitzgerald,64317,84,Afar,aar,1.6,1.067
The Great Gatsby,F. Scott Fitzgerald,64317,84,Northern Ndebele,nde,1.6,1.067
Sense and Sensibility,Jane Austen,161,56,Slovene,slv,2.4,1.067
Sense and Sensibility,Jane Austen,161,56,Galician,glg,2.4,1.067
Oliver Twist,Charles Dickens,56586,83,Afar,aar,1.6,1.054
Oliver Twist,Charles Dickens,56586,83,Northern Ndebele,nde,1.6,1.054
Ulysses,James Joyce,4300,83,Afar,aar,1.6,1.054
Ulysses,James Joyce,4300,83,Northern Ndebele,nde,1.6,1.054
The Picture of Dorian Gray,Oscar Wilde,4078,82,Afar,aar,1.6,1.041
The Picture of Dorian Gray,Oscar Wilde,4078,82,Northern Ndebele,nde,1.6,1.041
A Tale of Two Cities,Charles Dickens,98,65,Swazi,ssw,2.0,1.032
A Tale of Two Cities,Charles Dickens,98,65,Esperanto,epo,2.0,1.032
A Tale of Two Cities,Charles Dickens,98,65,Macedonian,mac,2.0,1.032
A Tale of Two Cities,Charles Dickens,98,65,Nuosu,iii,2.0,1.032
Pride and Prejudice,Jane Austen,1342,99,Venda,ven,1.3,1.021
Pride and Prejudice,Jane Austen,1342,99,Sardinian,srd,1.3,1.021
Pride and Prejudice,Jane Austen,1342,99,Estonian,est,1.3,1.021
A Journey to the Centre of the Earth,Jules Verne,18857,64,Swazi,ssw,2.0,1.016
A Journey to the Centre of the Earth,Jules Verne,18857,64,Esperanto,epo,2.0,1.016
A Journey to the Centre of the Earth,Jules Verne,18857,64,Macedonian,mac,2.0,1.016
A Journey to the Centre of the Earth,Jules Verne,18857,64,Nuosu,iii,2.0,1.016
Treasure Island,Robert Louis Stevenson,120,85,Latvian,lav,1.5,1.012
Robinson Crusoe,Daniel Defoe,12623,98,Venda,ven,1.3,1.011
Robinson Crusoe,Daniel Defoe,12623,98,Sardinian,srd,1.3,1.011
Robinson Crusoe,Daniel Defoe,12623,98,Estonian,est,1.3,1.011
The Call of the Wild,Jack London,215,53,Slovene,slv,2.4,1.01
The Call of the Wild,Jack London,215,53,Galician,glg,2.4,1.01
Book of Mormon,Joseph Smith; Mormon,17,126,Yiddish,yid,1.0,1.0
The Great Gatsby,F. Scott Fitzgerald,64317,84,Latvian,lav,1.5,1.0
The Hound of the Baskervilles,Arthur Conan Doyle,3070,63,Swazi,ssw,2.0,1.0
The Hound of the Baskervilles,Arthur Conan Doyle,3070,63,Esperanto,epo,2.0,1.0
The Hound of the Baskervilles,Arthur Conan Doyle,3070,63,Macedonian,mac,2.0,1.0
The Hound of the Baskervilles,Arthur Conan Doyle,3070,63,Nuosu,iii,2.0,1.0
United States Bill of Rights,,2,63,Swazi,ssw,2.0,1.0
United States Bill of Rights,,2,63,Esperanto,epo,2.0,1.0
United States Bill of Rights,,2,63,Macedonian,mac,2.0,1.0
United States Bill of Rights,,2,63,Nuosu,iii,2.0,1.0
The Adventures of Sherlock Holmes,Arthur Conan Doyle,1661,52,Slovene,slv,2.4,0.99
The Adventures of Sherlock Holmes,Arthur Conan Doyle,1661,52,Galician,glg,2.4,0.99
The Last of the Mohicans,James Fenimore Cooper,940,52,Slovene,slv,2.4,0.99
The Last of the Mohicans,James Fenimore Cooper,940,52,Galician,glg,2.4,0.99
Little Women,Louisa May Alcott,514,52,Slovene,slv,2.4,0.99
Little Women,Louisa May Alcott,514,52,Galician,glg,2.4,0.99
Oliver Twist,Charles Dickens,56586,83,Latvian,lav,1.5,0.988
The Picture of Dorian Gray,Oscar Wilde,4078,82,Latvian,lav,1.5,0.976
A Study in Scarlet,Arthur Conan Doyle,244,61,Swazi,ssw,2.0,0.968
A Study in Scarlet,Arthur Conan Doyle,244,61,Esperanto,epo,2.0,0.968
A Study in Scarlet,Arthur Conan Doyle,244,61,Macedonian,mac,2.0,0.968
A Study in Scarlet,Arthur Conan Doyle,244,61,Nuosu,iii,2.0,0.968
Through the Looking-Glass,Lewis Carroll,12,61,Swazi,ssw,2.0,0.968
Through the Looking-Glass,Lewis Carroll,12,61,Esperanto,epo,2.0,0.968
Through the Looking-Glass,Lewis Carroll,12,61,Macedonian,mac,2.0,0.968
Through the Looking-Glass,Lewis Carroll,12,61,Nuosu,iii,2.0,0.968
The Adventures of Tom Sawyer,Mark Twain,74,76,Afar,aar,1.6,0.965
The Adventures of Tom Sawyer,Mark Twain,74,76,Northern Ndebele,nde,1.6,0.965
A Christmas Carol,Charles Dickens,46,75,Afar,aar,1.6,0.952
A Christmas Carol,Charles Dickens,46,75,Northern Ndebele,nde,1.6,0.952
Dracula,Bram Stoker,345,75,Afar,aar,1.6,0.952
Dracula,Bram Stoker,345,75,Northern Ndebele,nde,1.6,0.952
Strange Case of Dr Jekyll and Mr Hyde,Robert Louis Stevenson,43,60,Swazi,ssw,2.0,0.952
Strange Case of Dr Jekyll and Mr Hyde,Robert Louis Stevenson,43,60,Macedonian,mac,2.0,0.952
Strange Case of Dr Jekyll and Mr Hyde,Robert Louis Stevenson,43,60,Nuosu,iii,2.0,0.952
Treasure Island,Robert Louis Stevenson,120,85,Chechen,che,1.4,0.944
Pride and Prejudice,Jane Austen,1342,99,Bashkir,bak,1.2,0.943
Pride and Prejudice,Jane Austen,1342,99,Tibetan,tib,1.2,0.943
Critique of Pure Reason,Immanuel Kant,4280,59,Swazi,ssw,2.0,0.937
Critique of Pure Reason,Immanuel Kant,4280,59,Esperanto,epo,2.0,0.937
Critique of Pure Reason,Immanuel Kant,4280,59,Macedonian,mac,2.0,0.937
Critique of Pure Reason,Immanuel Kant,4280,59,Nuosu,iii,2.0,0.937
Leviathan,Thomas Hobbes,3207,59,Swazi,ssw,2.0,0.937
Leviathan,Thomas Hobbes,3207,59,Esperanto,epo,2.0,0.937
Leviathan,Thomas Hobbes,3207,59,Macedonian,mac,2.0,0.937
Leviathan,Thomas Hobbes,3207,59,Nuosu,iii,2.0,0.937
Robinson Crusoe,Daniel Defoe,12623,98,Bashkir,bak,1.2,0.933
Robinson Crusoe,Daniel Defoe,12623,98,Tibetan,tib,1.2,0.933
The Great Gatsby,F. Scott Fitzgerald,64317,84,Chechen,che,1.4,0.933
Oliver Twist,Charles Dickens,56586,83,Chechen,che,1.4,0.922
Ulysses,James Joyce,4300,83,Chechen,che,1.4,0.922
The Picture of Dorian Gray,Oscar Wilde,4078,82,Chechen,che,1.4,0.911
The Adventures of Tom Sawyer,Mark Twain,74,76,Latvian,lav,1.5,0.905
A Christmas Carol,Charles Dickens,46,75,Latvian,lav,1.5,0.893
Dracula,Bram Stoker,345,75,Latvian,lav,1.5,0.893
Sense and Sensibility,Jane Austen,161,56,Swazi,ssw,2.0,0.889
Sense and Sensibility,Jane Austen,161,56,Esperanto,epo,2.0,0.889
Sense and Sensibility,Jane Austen,161,56,Macedonian,mac,2.0,0.889
Sense and Sensibility,Jane Austen,161,56,Nuosu,iii,2.0,0.889
Treasure Island,Robert Louis Stevenson,120,85,Venda,ven,1.3,0.877
Treasure Island,Robert Louis Stevenson,120,85,Sardinian,srd,1.3,0.877
Treasure Island,Robert Louis Stevenson,120,85,Estonian,est,1.3,0.877
Great Expectations,Charles Dickens,1400,69,Afar,aar,1.6,0.876
Great Expectations,Charles Dickens,1400,69,Northern Ndebele,nde,1.6,0.876
The Jungle Book,,236,69,Afar,aar,1.6,0.876
The Jungle Book,,236,69,Northern Ndebele,nde,1.6,0.876
The Great Gatsby,F. Scott Fitzgerald,64317,84,Venda,ven,1.3,0.867
The Great Gatsby,F. Scott Fitzgerald,64317,84,Sardinian,srd,1.3,0.867
The Great Gatsby,F. Scott Fitzgerald,64317,84,Estonian,est,1.3,0.867
The Merchant of Venice,William Shakespeare,2243,68,Afar,aar,1.6,0.863
The Merchant of Venice,William Shakespeare,2243,68,Northern Ndebele,nde,1.6,0.863
David Copperfield,Charles Dickens,766,68,Afar,aar,1.6,0.863
David Copperfield,Charles Dickens,766,68,Northern Ndebele,nde,1.6,0.863
Oliver Twist,Charles Dickens,56586,83,Venda,ven,1.3,0.856
Oliver Twist,Charles Dickens,56586,83,Sardinian,srd,1.3,0.856
Oliver Twist,Charles Dickens,56586,83,Estonian,est,1.3,0.856
Ulysses,James Joyce,4300,83,Venda,ven,1.3,0.856
Ulysses,James Joyce,4300,83,Sardinian,srd,1.3,0.856
Ulysses,James Joyce,4300,83,Estonian,est,1.3,0.856
The Picture of Dorian Gray,Oscar Wilde,4078,82,Venda,ven,1.3,0.846
The Picture of Dorian Gray,Oscar Wilde,4078,82,Sardinian,srd,1.3,0.846
The Picture of Dorian Gray,Oscar Wilde,4078,82,Estonian,est,1.3,0.846
The Adventures of Tom Sawyer,Mark Twain,74,76,Chechen,che,1.4,0.844
The Call of the Wild,Jack London,215,53,Swazi,ssw,2.0,0.841
The Call of the Wild,Jack London,215,53,Esperanto,epo,2.0,0.841
The Call of the Wild,Jack London,215,53,Macedonian,mac,2.0,0.841
The Call of the Wild,Jack London,215,53,Nuosu,iii,2.0,0.841
A Christmas Carol,Charles Dickens,46,75,Chechen,che,1.4,0.833
Dracula,Bram Stoker,345,75,Chechen,che,1.4,0.833
A Tale of Two Cities,Charles Dickens,98,65,Afar,aar,1.6,0.825
A Tale of Two Cities,Charles Dickens,98,65,Northern Ndebele,nde,1.6,0.825
The Adventures of Sherlock Holmes,Arthur Conan Doyle,1661,52,Swazi,ssw,2.0,0.825
The Adventures of Sherlock Holmes,Arthur Conan Doyle,1661,52,Esperanto,epo,2.0,0.825
The Adventures of Sherlock Holmes,Arthur Conan Doyle,1661,52,Macedonian,mac,2.0,0.825
The Adventures of Sherlock Holmes,Arthur Conan Doyle,1661,52,Nuosu,iii,2.0,0.825
The Last of the Mohicans,James Fenimore Cooper,940,52,Swazi,ssw,2.0,0.825
The Last of the Mohicans,James Fenimore Cooper,940,52,Esperanto,epo,2.0,0.825
The Last of the Mohicans,James Fenimore Cooper,940,52,Macedonian,mac,2.0,0.825
The Last of the Mohicans,James Fenimore Cooper,940,52,Nuosu,iii,2.0,0.825
Little Women,Louisa May Alcott,514,52,Swazi,ssw,2.0,0.825
Little Women,Louisa May Alcott,514,52,Esperanto,epo,2.0,0.825
Little Women,Louisa May Alcott,514,52,Macedonian,mac,2.0,0.825
Little Women,Louisa May Alcott,514,52,Nuosu,iii,2.0,0.825
Great Expectations,Charles Dickens,1400,69,Latvian,lav,1.5,0.821
The Jungle Book,,236,69,Latvian,lav,1.5,0.821
A Journey to the Centre of the Earth,Jules Verne,18857,64,Afar,aar,1.6,0.813
A Journey to the Centre of the Earth,Jules Verne,18857,64,Northern Ndebele,nde,1.6,0.813
Treasure Island,Robert Louis Stevenson,120,85,Bashkir,bak,1.2,0.81
Treasure Island,Robert Louis Stevenson,120,85,Tibetan,tib,1.2,0.81
The Merchant of Venice,William Shakespeare,2243,68,Latvian,lav,1.5,0.81
David Copperfield,Charles Dickens,766,68,Latvian,lav,1.5,0.81
The Great Gatsby,F. Scott Fitzgerald,64317,84,Bashkir,bak,1.2,0.8
The Great Gatsby,F. Scott Fitzgerald,64317,84,Tibetan,tib,1.2,0.8
The Hound of the Baskervilles,Arthur Conan Doyle,3070,63,Afar,aar,1.6,0.8
The Hound of the Baskervilles,Arthur Conan Doyle,3070,63,Northern Ndebele,nde,1.6,0.8
United States Bill of Rights,,2,63,Afar,aar,1.6,0.8
United States Bill of Rights,,2,63,Northern Ndebele,nde,1.6,0.8
Oliver Twist,Charles Dickens,56586,83,Bashkir,bak,1.2,0.79
Oliver Twist,Charles Dickens,56586,83,Tibetan,tib,1.2,0.79
Ulysses,James Joyce,4300,83,Bashkir,bak,1.2,0.79
Ulysses,James Joyce,4300,83,Tibetan,tib,1.2,0.79
Pride and Prejudice,Jane Austen,1342,99,Yiddish,yid,1.0,0.786
The Adventures of Tom Sawyer,Mark Twain,74,76,Venda,ven,1.3,0.784
The Adventures of Tom Sawyer,Mark Twain,74,76,Sardinian,srd,1.3,0.784
The Adventures of Tom Sawyer,Mark Twain,74,76,Estonian,est,1.3,0.784
The Picture of Dorian Gray,Oscar Wilde,4078,82,Bashkir,bak,1.2,0.781
The Picture of Dorian Gray,Oscar Wilde,4078,82,Tibetan,tib,1.2,0.781
A Study in Scarlet,Arthur Conan Doyle,244,61,Afar,aar,1.6,0.775
A Study in Scarlet,Arthur Conan Doyle,244,61,Northern Ndebele,nde,1.6,0.775
Through the Looking-Glass,Lewis Carroll,12,61,Afar,aar,1.6,0.775
Through the Looking-Glass,Lewis Carroll,12,61,Northern Ndebele,nde,1.6,0.775
A Christmas Carol,Charles Dickens,46,75,Venda,ven,1.3,0.774
A Christmas Carol,Charles Dickens,46,75,Sardinian,srd,1.3,0.774
A Christmas Carol,Charles Dickens,46,75,Estonian,est,1.3,0.774
Dracula,Bram Stoker,345,75,Venda,ven,1.3,0.774
Dracula,Bram Stoker,345,75,Sardinian,srd,1.3,0.774
Dracula,Bram Stoker,345,75,Estonian,est,1.3,0.774
A Tale of Two Cities,Charles Dickens,98,65,Latvian,lav,1.5,0.774
Great Expectations,Charles Dickens,1400,69,Chechen,che,1.4,0.767
The Jungle Book,,236,69,Chechen,che,1.4,0.767
A Journey to the Centre of the Earth,Jules Verne,18857,64,Latvian,lav,1.5,0.762
Strange Case of Dr Jekyll and Mr Hyde,Robert Louis Stevenson,43,60,Afar,aar,1.6,0.762
Strange Case of Dr Jekyll and Mr Hyde,Robert Louis Stevenson,43,60,Northern Ndebele,nde,1.6,0.762
The Merchant of Venice,William Shakespeare,2243,68,Chechen,che,1.4,0.756
David Copperfield,Charles Dickens,766,68,Chechen,che,1.4,0.756
The Hound of the Baskervilles,Arthur Conan Doyle,3070,63,Latvian,lav,1.5,0.75
United States Bill of Rights,,2,63,Latvian,lav,1.5,0.75
Critique of Pure Reason,Immanuel Kant,4280,59,Afar,aar,1.6,0.749
Critique of Pure Reason,Immanuel Kant,4280,59,Northern Ndebele,nde,1.6,0.749
Leviathan,Thomas Hobbes,3207,59,Afar,aar,1.6,0.749
Leviathan,Thomas Hobbes,3207,59,Northern Ndebele,nde,1.6,0.749
A Study in Scarlet,Arthur Conan Doyle,244,61,Latvian,lav,1.5,0.726
Through the Looking-Glass,Lewis Carroll,12,61,Latvian,lav,1.5,0.726
The Adventures of Tom Sawyer,Mark Twain,74,76,Bashkir,bak,1.2,0.724
The Adventures of Tom Sawyer,Mark Twain,74,76,Tibetan,tib,1.2,0.724
A Tale of Two Cities,Charles Dickens,98,65,Chechen,che,1.4,0.722
A Christmas Carol,Charles Dickens,46,75,Bashkir,bak,1.2,0.714
A Christmas Carol,Charles Dickens,46,75,Tibetan,tib,1.2,0.714
Dracula,Bram Stoker,345,75,Bashkir,bak,1.2,0.714
Dracula,Bram Stoker,345,75,Tibetan,tib,1.2,0.714
Strange Case of Dr Jekyll and Mr Hyde,Robert Louis Stevenson,43,60,Latvian,lav,1.5,0.714
Great Expectations,Charles Dickens,1400,69,Venda,ven,1.3,0.712
Great Expectations,Charles Dickens,1400,69,Sardinian,srd,1.3,0.712
Great Expectations,Charles Dickens,1400,69,Estonian,est,1.3,0.712
The Jungle Book,,236,69,Venda,ven,1.3,0.712
The Jungle Book,,236,69,Sardinian,srd,1.3,0.712
The Jungle Book,,236,69,Estonian,est,1.3,0.712
A Journey to the Centre of the Earth,Jules Verne,18857,64,Chechen,che,1.4,0.711
Sense and Sensibility,Jane Austen,161,56,Afar,aar,1.6,0.711
Sense and Sensibility,Jane Austen,161,56,Northern Ndebele,nde,1.6,0.711
The Merchant of Venice,William Shakespeare,2243,68,Venda,ven,1.3,0.702
The Merchant of Venice,William Shakespeare,2243,68,Sardinian,srd,1.3,0.702
The Merchant of Venice,William Shakespeare,2243,68,Estonian,est,1.3,0.702
David Copperfield,Charles Dickens,766,68,Venda,ven,1.3,0.702
David Copperfield,Charles Dickens,766,68,Sardinian,srd,1.3,0.702
David Copperfield,Charles Dickens,766,68,Estonian,est,1.3,0.702
Critique of Pure Reason,Immanuel Kant,4280,59,Latvian,lav,1.5,0.702
Leviathan,Thomas Hobbes,3207,59,Latvian,lav,1.5,0.702
The Hound of the Baskervilles,Arthur Conan Doyle,3070,63,Chechen,che,1.4,0.7
United States Bill of Rights,,2,63,Chechen,che,1.4,0.7
A Study in Scarlet,Arthur Conan Doyle,244,61,Chechen,che,1.4,0.678
Through the Looking-Glass,Lewis Carroll,12,61,Chechen,che,1.4,0.678
The Call of the Wild,Jack London,215,53,Afar,aar,1.6,0.673
The Call of the Wild,Jack London,215,53,Northern Ndebele,nde,1.6,0.673
A Tale of Two Cities,Charles Dickens,98,65,Venda,ven,1.3,0.671
A Tale of Two Cities,Charles Dickens,98,65,Sardinian,srd,1.3,0.671
A Tale of Two Cities,Charles Dickens,98,65,Estonian,est,1.3,0.671
The Great Gatsby,F. Scott Fitzgerald,64317,84,Yiddish,yid,1.0,0.667
Strange Case of Dr Jekyll and Mr Hyde,Robert Louis Stevenson,43,60,Chechen,che,1.4,0.667
Sense and Sensibility,Jane Austen,161,56,Latvian,lav,1.5,0.667
A Journey to the Centre of the Earth,Jules Verne,18857,64,Venda,ven,1.3,0.66
A Journey to the Centre of the Earth,Jules Verne,18857,64,Sardinian,srd,1.3,0.66
A Journey to the Centre of the Earth,Jules Verne,18857,64,Estonian,est,1.3,0.66
The Adventures of Sherlock Holmes,Arthur Conan Doyle,1661,52,Afar,aar,1.6,0.66
The Adventures of Sherlock Holmes,Arthur Conan Doyle,1661,52,Northern Ndebele,nde,1.6,0.66
The Last of the Mohicans,James Fenimore Cooper,940,52,Afar,aar,1.6,0.66
The Last of the Mohicans,James Fenimore Cooper,940,52,Northern Ndebele,nde,1.6,0.66
Little Women,Louisa May Alcott,514,52,Afar,aar,1.6,0.66
Little Women,Louisa May Alcott,514,52,Northern Ndebele,nde,1.6,0.66
Ulysses,James Joyce,4300,83,Yiddish,yid,1.0,0.659
Great Expectations,Charles Dickens,1400,69,Bashkir,bak,1.2,0.657
Great Expectations,Charles Dickens,1400,69,Tibetan,tib,1.2,0.657
The Jungle Book,,236,69,Bashkir,bak,1.2,0.657
The Jungle Book,,236,69,Tibetan,tib,1.2,0.657
Critique of Pure Reason,Immanuel Kant,4280,59,Chechen,che,1.4,0.656
Leviathan,Thomas Hobbes,3207,59,Chechen,che,1.4,0.656
The Hound of the Baskervilles,Arthur Conan Doyle,3070,63,Venda,ven,1.3,0.65
The Hound of the Baskervilles,Arthur Conan Doyle,3070,63,Sardinian,srd,1.3,0.65
The Hound of the Baskervilles,Arthur Conan Doyle,3070,63,Estonian,est,1.3,0.65
United States Bill of Rights,,2,63,Venda,ven,1.3,0.65
United States Bill of Rights,,2,63,Sardinian,srd,1.3,0.65
United States Bill of Rights,,2,63,Estonian,est,1.3,0.65
The Merchant of Venice,William Shakespeare,2243,68,Bashkir,bak,1.2,0.648
The Merchant of Venice,William Shakespeare,2243,68,Tibetan,tib,1.2,0.648
David Copperfield,Charles Dickens,766,68,Bashkir,bak,1.2,0.648
David Copperfield,Charles Dickens,766,68,Tibetan,tib,1.2,0.648
The Call of the Wild,Jack London,215,53,Latvian,lav,1.5,0.631
A Study in Scarlet,Arthur Conan Doyle,244,61,Venda,ven,1.3,0.629
A Study in Scarlet,Arthur Conan Doyle,244,61,Sardinian,srd,1.3,0.629
A Study in Scarlet,Arthur Conan Doyle,244,61,Estonian,est,1.3,0.629
Through the Looking-Glass,Lewis Carroll,12,61,Venda,ven,1.3,0.629
Through the Looking-Glass,Lewis Carroll,12,61,Sardinian,srd,1.3,0.629
Through the Looking-Glass,Lewis Carroll,12,61,Estonian,est,1.3,0.629
Sense and Sensibility,Jane Austen,161,56,Chechen,che,1.4,0.622
A Tale of Two Cities,Charles Dickens,98,65,Bashkir,bak,1.2,0.619
A Tale of Two Cities,Charles Dickens,98,65,Tibetan,tib,1.2,0.619
Strange Case of Dr Jekyll and Mr Hyde,Robert Louis Stevenson,43,60,Venda,ven,1.3,0.619
Strange Case of Dr Jekyll and Mr Hyde,Robert Louis Stevenson,43,60,Sardinian,srd,1.3,0.619
Strange Case of Dr Jekyll and Mr Hyde,Robert Louis Stevenson,43,60,Estonian,est,1.3,0.619
The Adventures of Sherlock Holmes,Arthur Conan Doyle,1661,52,Latvian,lav,1.5,0.619
The Last of the Mohicans,James Fenimore Cooper,940,52,Latvian,lav,1.5,0.619
Little Women,Louisa May Alcott,514,52,Latvian,lav,1.5,0.619
A Journey to the Centre of the Earth,Jules Verne,18857,64,Bashkir,bak,1.2,0.61
A Journey to the Centre of the Earth,Jules Verne,18857,64,Tibetan,tib,1.2,0.61
Critique of Pure Reason,Immanuel Kant,4280,59,Venda,ven,1.3,0.609
Critique of Pure Reason,Immanuel Kant,4280,59,Sardinian,srd,1.3,0.609
Critique of Pure Reason,Immanuel Kant,4280,59,Estonian,est,1.3,0.609
Leviathan,Thomas Hobbes,3207,59,Venda,ven,1.3,0.609
Leviathan,Thomas Hobbes,3207,59,Sardinian,srd,1.3,0.609
Leviathan,Thomas Hobbes,3207,59,Estonian,est,1.3,0.609
The Hound of the Baskervilles,Arthur Conan Doyle,3070,63,Bashkir,bak,1.2,0.6
The Hound of the Baskervilles,Arthur Conan Doyle,3070,63,Tibetan,tib,1.2,0.6
United States Bill of Rights,,2,63,Bashkir,bak,1.2,0.6
United States Bill of Rights,,2,63,Tibetan,tib,1.2,0.6
A Christmas Carol,Charles Dickens,46,75,Yiddish,yid,1.0,0.595
Dracula,Bram Stoker,345,75,Yiddish,yid,1.0,0.595
The Call of the Wild,Jack London,215,53,Chechen,che,1.4,0.589
A Study in Scarlet,Arthur Conan Doyle,244,61,Bashkir,bak,1.2,0.581
A Study in Scarlet,Arthur Conan Doyle,244,61,Tibetan,tib,1.2,0.581
Through the Looking-Glass,Lewis Carroll,12,61,Bashkir,bak,1.2,0.581
Through the Looking-Glass,Lewis Carroll,12,61,Tibetan,tib,1.2,0.581
Sense and Sensibility,Jane Austen,161,56,Venda,ven,1.3,0.578
Sense and Sensibility,Jane Austen,161,56,Sardinian,srd,1.3,0.578
Sense and Sensibility,Jane Austen,161,56,Estonian,est,1.3,0.578
The Adventures of Sherlock Holmes,Arthur Conan Doyle,1661,52,Chechen,che,1.4,0.578
The Last of the Mohicans,James Fenimore Cooper,940,52,Chechen,che,1.4,0.578
Little Women,Louisa May Alcott,514,52,Chechen,che,1.4,0.578
Strange Case of Dr Jekyll and Mr Hyde,Robert Louis Stevenson,43,60,Bashkir,bak,1.2,0.571
Strange Case of Dr Jekyll and Mr Hyde,Robert Louis Stevenson,43,60,Tibetan,tib,1.2,0.571
Critique of Pure Reason,Immanuel Kant,4280,59,Bashkir,bak,1.2,0.562
Critique of Pure Reason,Immanuel Kant,4280,59,Tibetan,tib,1.2,0.562
Leviathan,Thomas Hobbes,3207,59,Bashkir,bak,1.2,0.562
Leviathan,Thomas Hobbes,3207,59,Tibetan,tib,1.2,0.562
Great Expectations,Charles Dickens,1400,69,Yiddish,yid,1.0,0.548
The Jungle Book,,236,69,Yiddish,yid,1.0,0.548
The Call of the Wild,Jack London,215,53,Venda,ven,1.3,0.547
The Call of the Wild,Jack London,215,53,Sardinian,srd,1.3,0.547
The Call of the Wild,Jack London,215,53,Estonian,est,1.3,0.547
The Adventures of Sherlock Holmes,Arthur Conan Doyle,1661,52,Venda,ven,1.3,0.537
The Adventures of Sherlock Holmes,Arthur Conan Doyle,1661,52,Sardinian,srd,1.3,0.537
The Adventures of Sherlock Holmes,Arthur Conan Doyle,1661,52,Estonian,est,1.3,0.537
The Last of the Mohicans,James Fenimore Cooper,940,52,Venda,ven,1.3,0.537
The Last of the Mohicans,James Fenimore Cooper,940,52,Sardinian,srd,1.3,0.537
The Last of the Mohicans,James Fenimore Cooper,940,52,Estonian,est,1.3,0.537
Little Women,Louisa May Alcott,514,52,Venda,ven,1.3,0.537
Little Women,Louisa May Alcott,514,52,Sardinian,srd,1.3,0.537
Little Women,Louisa May Alcott,514,52,Estonian,est,1.3,0.537
Sense and Sensibility,Jane Austen,161,56,Bashkir,bak,1.2,0.533
Sense and Sensibility,Jane Austen,161,56,Tibetan,tib,1.2,0.533
A Tale of Two Cities,Charles Dickens,98,65,Yiddish,yid,1.0,0.516
A Journey to the Centre of the Earth,Jules Verne,18857,64,Yiddish,yid,1.0,0.508
The Call of the Wild,Jack London,215,53,Bashkir,bak,1.2,0.505
The Call of the Wild,Jack London,215,53,Tibetan,tib,1.2,0.505
The Hound of the Baskervilles,Arthur Conan Doyle,3070,63,Yiddish,yid,1.0,0.5
United States Bill of Rights,,2,63,Yiddish,yid,1.0,0.5
The Adventures of Sherlock Holmes,Arthur Conan Doyle,1661,52,Bashkir,bak,1.2,0.495
The Adventures of Sherlock Holmes,Arthur Conan Doyle,1661,52,Tibetan,tib,1.2,0.495
The Last of the Mohicans,James Fenimore Cooper,940,52,Bashkir,bak,1.2,0.495
The Last of the Mohicans,James Fenimore Cooper,940,52,Tibetan,tib,1.2,0.495
Little Women,Louisa May Alcott,514,52,Bashkir,bak,1.2,0.495
Little Women,Louisa May Alcott,514,52,Tibetan,tib,1.2,0.495
A Study in Scarlet,Arthur Conan Doyle,244,61,Yiddish,yid,1.0,0.484
Through the Looking-Glass,Lewis Carroll,12,61,Yiddish,yid,1.0,0.484
Critique of Pure Reason,Immanuel Kant,4280,59,Yiddish,yid,1.0,0.468
Leviathan,Thomas Hobbes,3207,59,Yiddish,yid,1.0,0.468
Sense and Sensibility,Jane Austen,161,56,Yiddish,yid,1.0,0.444
The Adventures of Sherlock Holmes,Arthur Conan Doyle,1661,52,Yiddish,yid,1.0,0.413
The Last of the Mohicans,James Fenimore Cooper,940,52,Yiddish,yid,1.0,0.413
Little Women,Louisa May Alcott,514,52,Yiddish,yid,1.0,0.413
